user_id,day,day_of_week,time,latitude,longitude
86,1,5,00:01:28,31.293523,121.494843
311,1,5,00:04:14,31.195585250854492,121.44947052001952
311,1,5,00:04:35,31.195581436157227,121.44944000244141
37,1,5,00:04:53,31.292793273925781,121.49522399902344
278,1,5,00:04:54,31.301645278930664,121.50938415527344
37,1,5,00:04:58,31.292793273925781,121.49522399902344
278,1,5,00:05:02,31.303638458251953,121.50495910644533
211,1,5,00:05:22,31.291273600260418,121.50017795138888
211,1,5,00:05:24,31.293246,121.495721
303,1,5,00:05:25,31.297832489013672,121.50548553466795
111,1,5,00:06:37,31.188659396701389,121.59102620442708
437,1,5,00:08:12,31.298046112060547,121.50628662109376
437,1,5,00:08:14,31.300029754638672,121.50185394287109
464,1,5,00:08:26,31.289754774305557,121.50153998480904
386,1,5,00:10:00,31.191781997680664,121.59376525878906
386,1,5,00:10:00,31.193958282470703,121.5895538330078
137,1,5,00:11:53,31.292214999999999,121.496532
456,1,5,00:13:15,31.192483901977539,121.59072875976562
467,1,5,00:14:13,31.298110000000001,121.5063
467,1,5,00:14:16,31.30011,121.50190000000001
349,1,5,00:14:40,31.298193088107642,121.50629069010417
349,1,5,00:14:51,31.298369683159724,121.50612630208332
349,1,5,00:14:53,31.300357000000002,121.50169
349,1,5,00:14:56,31.300357000000002,121.50169
349,1,5,00:14:58,31.300357000000002,121.50169
349,1,5,00:15:00,31.300357000000002,121.50169
65,1,5,00:15:18,31.197123000000001,121.450101
65,1,5,00:15:22,31.19894,121.445424
65,1,5,00:15:26,31.19894,121.445424
65,1,5,00:15:44,31.19894,121.445424
302,1,5,00:16:13,31.301429578993055,121.49848307291668
302,1,5,00:16:15,31.303294000000001,121.494011
65,1,5,00:16:16,31.19894,121.445424
65,1,5,00:16:27,31.19894,121.445424
14,1,5,00:19:52,31.195414,121.44965000000001
430,1,5,00:23:28,31.190557479858398,121.59214782714844
430,1,5,00:23:29,31.192544937133789,121.58803558349609
300,1,5,00:23:36,31.29487419128418,121.49797058105467
430,1,5,00:23:36,31.192544937133789,121.58803558349609
300,1,5,00:23:39,31.292913436889648,121.50238800048828
430,1,5,00:23:48,31.190332412719727,121.59224700927734
179,1,5,00:24:44,31.191658020019531,121.59717559814452
179,1,5,00:24:59,31.193698883056641,121.59261322021484
179,1,5,00:25:01,31.193767547607425,121.5927276611328
179,1,5,00:25:04,31.193765640258789,121.5927276611328
179,1,5,00:25:21,31.193765640258789,121.5927276611328
341,1,5,00:27:31,31.300803999999999,121.5013
352,1,5,00:39:24,31.30062608506945,121.50821180555556
3,1,5,00:46:58,31.192365646362305,121.58755493164062
410,1,5,00:56:20,31.302932671440971,121.51031222873264
269,1,5,01:11:53,31.17538058810764,121.59855278862848
269,1,5,01:12:28,31.17538058810764,121.59855278862848
243,1,5,01:44:49,31.190122612847222,121.59246148003471
243,1,5,01:44:59,31.192343000000001,121.58824300000001
243,1,5,01:45:02,31.192343000000001,121.58824300000001
243,1,5,01:45:04,31.192343000000001,121.58824300000001
243,1,5,01:45:13,31.192343000000001,121.58824300000001
243,1,5,01:45:16,31.192343000000001,121.58824300000001
243,1,5,01:45:34,31.192343000000001,121.58824300000001
243,1,5,01:45:41,31.192278000000002,121.58830500000001
243,1,5,01:45:43,31.192278000000002,121.58830500000001
243,1,5,01:45:52,31.192278000000002,121.58830500000001
314,1,5,02:14:03,31.195280075073239,121.45024871826172
269,1,5,07:37:00,31.1754345703125,121.59829128689236
213,1,5,07:43:56,31.29827256944445,121.50606906467014
213,1,5,07:44:11,31.300260000000002,121.501633
213,1,5,07:44:12,31.300260000000002,121.501633
33,1,5,07:52:58,31.297832,121.505484
33,1,5,07:53:02,31.297832,121.505484
33,1,5,07:53:18,31.297832,121.505484
322,1,5,07:59:41,31.190504286024307,121.59698676215278
322,1,5,07:59:45,31.192717999999999,121.592782
322,1,5,07:59:50,31.192717999999999,121.592782
322,1,5,07:59:56,31.192717999999999,121.592782
322,1,5,08:00:10,31.192717999999999,121.592782
322,1,5,08:00:17,31.192717999999999,121.592782
322,1,5,08:00:21,31.192717999999999,121.592782
344,1,5,08:04:49,31.298251953125,121.50420084635417
82,1,5,08:08:02,31.295230865478516,121.50423431396484
358,1,5,08:08:15,31.298340386284721,121.5044411892361
192,1,5,08:17:44,31.190255805121527,121.59213867187501
192,1,5,08:17:47,31.192416999999999,121.58798299999999
43,1,5,08:22:12,31.190615234374999,121.59399929470486
123,1,5,08:27:21,31.192653,121.58981300000001
337,1,5,08:34:11,31.298969268798828,121.50135803222656
337,1,5,08:34:13,31.300924301147461,121.49691772460938
337,1,5,08:34:14,31.300924301147461,121.49691772460938
337,1,5,08:34:24,31.300924301147461,121.49691772460938
337,1,5,08:34:28,31.300924301147461,121.49691772460938
337,1,5,08:34:28,31.300888061523441,121.49688720703124
389,1,5,08:39:43,31.196922000000001,121.444529
158,1,5,08:49:48,31.190673,121.598297
358,1,5,08:50:56,31.298103569878471,121.50446804470486
315,1,5,08:52:15,31.299672000000001,121.50465699999999
315,1,5,08:52:19,31.301655,121.500215
315,1,5,08:52:21,31.301655,121.500215
394,1,5,08:54:17,31.299766981336809,121.50480604383679
267,1,5,08:59:47,31.291323513454863,121.50055365668403
120,1,5,09:03:26,31.194992065429688,121.44940948486328
120,1,5,09:04:09,31.194986343383789,121.44940185546876
47,1,5,09:05:32,31.297857259114583,121.5055232747396
234,1,5,09:06:16,31.195537567138672,121.4492645263672
358,1,5,09:09:08,31.298311360677083,121.50444607204859
358,1,5,09:09:44,31.298325466579861,121.50444824218749
307,1,5,09:11:47,31.297279357910156,121.49977111816406
386,1,5,09:15:02,31.1939697265625,121.58954620361328
386,1,5,09:15:06,31.193981170654297,121.5895538330078
337,1,5,09:18:03,31.300886154174805,121.49692535400391
369,1,5,09:23:24,31.290847778320312,121.49970245361328
27,1,5,09:26:01,31.300546646118164,121.50822448730467
128,1,5,09:27:15,31.195623000000001,121.449905
108,1,5,09:31:10,31.300094129774305,121.50446234809029
181,1,5,09:31:14,31.29748,121.5004
108,1,5,09:31:46,31.302092999999999,121.500129
385,1,5,09:33:57,31.197118759155273,121.44516754150391
385,1,5,09:34:00,31.197111129760746,121.44515991210938
385,1,5,09:34:02,31.197111129760746,121.44515991210938
93,1,5,09:37:33,31.190950393676761,121.593994140625
252,1,5,09:37:56,31.198902130126953,121.45041656494141
433,1,5,09:37:56,31.195163726806641,121.4491729736328
445,1,5,09:37:58,31.298151041666667,121.50388292100696
445,1,5,09:38:06,31.300132000000001,121.499439
252,1,5,09:38:17,31.200782775878903,121.44581604003906
252,1,5,09:38:33,31.200851440429688,121.44579315185548
252,1,5,09:38:33,31.198972702026367,121.4503936767578
408,1,5,09:39:09,31.19089138454861,121.59830512152776
408,1,5,09:39:28,31.190890299479168,121.59831136067707
133,1,5,09:40:01,31.29879,121.5069
15,1,5,09:43:14,31.190924207899304,121.59828721788196
357,1,5,09:44:56,31.190965440538193,121.59831922743057
435,1,5,09:45:11,31.190432942708338,121.5918888346354
435,1,5,09:45:12,31.192644999999999,121.587681
291,1,5,09:47:33,31.192285156250001,121.5937646484375
143,1,5,09:48:19,31.297779083251953,121.50476837158205
259,1,5,09:49:09,31.300886501736112,121.50810411241321
12,1,5,09:50:01,31.190882432725697,121.59839111328124
20,1,5,09:51:25,31.298369411892359,121.50442708333334
297,1,5,09:51:44,31.29170627170139,121.50233506944444
184,1,5,09:51:46,31.297138,121.50597
39,1,5,09:51:57,31.190863444010414,121.59833523220486
245,1,5,09:52:23,31.381015777587891,121.42804718017578
357,1,5,09:53:02,31.193095,121.59411900000001
168,1,5,09:53:07,31.301624298095703,121.50017547607422
168,1,5,09:53:10,31.301670074462891,121.50013732910156
168,1,5,09:53:16,31.301670074462891,121.50013732910156
213,1,5,09:53:41,31.297809244791665,121.50453097873265
317,1,5,09:53:47,31.190633773803711,121.59506988525391
12,1,5,09:54:25,31.193090000000002,121.594105
213,1,5,09:54:38,31.29624213324653,121.50286458333332
203,1,5,09:55:03,31.297483444213867,121.50165557861328
218,1,5,09:56:13,31.197042465209961,121.44399261474609
160,1,5,09:57:03,31.298136935763889,121.50390814887152
160,1,5,09:57:03,31.300011000000001,121.499561
167,1,5,09:57:09,31.187553405761719,121.59951782226562
160,1,5,09:57:11,31.300011000000001,121.499561
160,1,5,09:57:15,31.300011000000001,121.499561
160,1,5,09:57:37,31.300011000000001,121.499561
160,1,5,09:57:45,31.300011000000001,121.499561
1,1,5,09:58:05,31.297837185329861,121.50344862196179
160,1,5,09:58:06,31.300011000000001,121.499561
160,1,5,09:58:38,31.300011000000001,121.499561
375,1,5,09:59:05,22.624131944444443,113.81293728298613
375,1,5,09:59:08,22.627040999999998,113.807861
58,1,5,09:59:42,31.195245742797852,121.44844818115234
375,1,5,09:59:51,22.627040999999998,113.807861
300,1,5,10:00:54,31.298118591308594,121.5042724609375
127,1,5,10:02:57,31.195528030395508,121.447998046875
351,1,5,10:03:01,31.290809631347656,121.50145721435548
351,1,5,10:04:48,31.292781829833984,121.49700927734376
351,1,5,10:05:58,31.292808532714844,121.49712371826172
351,1,5,10:06:15,31.290765762329102,121.50135040283205
351,1,5,10:06:19,31.29278564453125,121.4970245361328
219,1,5,10:14:12,31.191766999999999,121.596985
219,1,5,10:14:32,31.193940000000001,121.59269999999999
219,1,5,10:14:56,31.191711000000002,121.59683
159,1,5,10:16:42,31.188775770399307,121.59529161241321
412,1,5,10:18:19,31.301695692274304,121.49888644748265
254,1,5,10:18:52,31.300533582899305,121.49731825086806
137,1,5,10:19:02,31.296937120225696,121.5053865559896
137,1,5,10:19:04,31.298922999999998,121.50094799999999
137,1,5,10:19:31,31.296937120225696,121.5053865559896
306,1,5,10:21:00,31.298413085937501,121.50195421006944
306,1,5,10:21:04,31.300388000000002,121.49750299999999
306,1,5,10:21:12,31.300388000000002,121.49750299999999
391,1,5,10:21:23,31.190506456163195,121.59339789496528
391,1,5,10:21:25,31.192719,121.589191
442,1,5,10:25:34,31.298193000000001,121.504234
246,1,5,10:26:01,31.299764633178711,121.50440979003906
36,1,5,10:28:25,31.295402526855469,121.50426483154295
36,1,5,10:28:50,31.297422409057617,121.49980926513672
36,1,5,10:28:53,31.297412872314453,121.49982452392578
36,1,5,10:28:58,31.297412872314453,121.49982452392578
36,1,5,10:29:04,31.297412872314453,121.49982452392578
36,1,5,10:29:06,31.297412872314453,121.49982452392578
430,1,5,10:29:12,31.193849563598633,121.59279632568359
430,1,5,10:29:14,31.191570281982425,121.59683990478516
46,1,5,10:31:10,31.196378851996528,121.449111328125
163,1,5,10:33:34,31.301378,121.50042999999999
163,1,5,10:33:38,31.301378,121.50042999999999
163,1,5,10:35:05,31.299396999999999,121.50487
163,1,5,10:35:07,31.301378,121.50042999999999
186,1,5,10:36:09,31.299699783325195,121.50455474853516
433,1,5,10:36:11,31.195276260375977,121.4484405517578
163,1,5,10:36:20,31.301378,121.50042999999999
163,1,5,10:36:27,31.301378,121.50042999999999
226,1,5,10:37:23,31.30348605685764,121.50621907552085
226,1,5,10:37:25,31.305472000000002,121.501783
285,1,5,10:39:51,31.299775119357641,121.50448513454862
236,1,5,10:40:55,31.19110107421875,121.59851837158205
236,1,5,10:40:57,31.193309783935547,121.59430694580078
236,1,5,10:41:03,31.193309783935547,121.59430694580078
236,1,5,10:41:05,31.193309783935547,121.59430694580078
236,1,5,10:41:13,31.193309783935547,121.59430694580078
236,1,5,10:41:17,31.193309783935547,121.59430694580078
236,1,5,10:41:19,31.193309783935547,121.59430694580078
236,1,5,10:41:21,31.193309783935547,121.59430694580078
160,1,5,10:46:42,31.298045789930555,121.50398871527776
298,1,5,11:01:55,31.1953125,121.44860076904295
358,1,5,11:03:24,31.299726562499998,121.50463270399304
247,1,5,11:03:59,31.29834743923611,121.50444308810764
380,1,5,11:07:52,31.197355999999999,121.44517399999999
380,1,5,11:08:09,31.197355999999999,121.44517399999999
380,1,5,11:08:45,31.197336,121.44507299999999
380,1,5,11:08:47,31.19735,121.44505599999999
380,1,5,11:09:29,31.195465223524305,121.44966091579862
380,1,5,11:09:41,31.195557183159721,121.44969401041666
363,1,5,11:11:23,31.299689999999998,121.4949
363,1,5,11:11:24,31.29965,121.49890000000001
345,1,5,11:17:20,31.298030598958334,121.50404758029514
345,1,5,11:17:33,31.298023817274306,121.50397677951388
62,1,5,11:22:10,31.190871310763889,121.59835422092014
62,1,5,11:22:11,31.190871310763889,121.59835422092014
186,1,5,11:22:35,31.299711227416992,121.50452423095705
74,1,5,11:23:03,31.409500122070312,121.48480224609376
74,1,5,11:23:05,31.411394119262695,121.48029327392578
126,1,5,11:25:43,31.19651,121.45140000000001
126,1,5,11:25:50,31.198340000000002,121.4468
126,1,5,11:26:02,31.196459999999998,121.45140000000001
126,1,5,11:26:25,31.196470000000001,121.45140000000001
126,1,5,11:26:43,31.198360000000001,121.4468
126,1,5,11:28:18,31.196470000000001,121.45140000000001
334,1,5,11:32:31,31.299728190104165,121.5043714735243
334,1,5,11:32:34,31.30171,121.49992899999999
334,1,5,11:32:38,31.30171,121.49992899999999
111,1,5,11:36:46,31.192285156250001,121.5937646484375
28,1,5,11:37:47,31.294353485107425,121.4977569580078
260,1,5,11:40:48,31.195981979370117,121.44969177246094
3,1,5,11:40:57,31.190628051757812,121.59283447265624
147,1,5,11:44:08,0,0
147,1,5,11:44:12,0,0
56,1,5,11:45:49,31.299716525607639,121.50490939670139
296,1,5,11:47:15,31.294939041137695,121.50482177734376
75,1,5,11:51:12,31.190189361572266,121.59181213378906
253,1,5,11:51:33,31.298459999999999,121.49290000000001
151,1,5,11:53:59,31.302453994750977,121.51354217529295
318,1,5,11:54:37,31.291894912719727,121.5023956298828
318,1,5,11:54:59,31.291891098022461,121.5023956298828
318,1,5,11:55:03,31.293861389160156,121.49795532226562
374,1,5,11:55:52,31.190217556423612,121.59203179253473
123,1,5,11:56:34,31.195598958333335,121.59572075737849
88,1,5,11:57:03,31.188691406250001,121.59717854817708
88,1,5,11:57:07,31.188683539496527,121.59716742621528
88,1,5,11:57:12,31.188683539496527,121.59716742621528
88,1,5,11:57:16,31.190898000000001,121.592963
214,1,5,11:57:27,31.23265,121.51609999999999
214,1,5,11:57:30,31.23265,121.51609999999999
214,1,5,11:59:04,31.232710000000001,121.51609999999999
214,1,5,11:59:07,31.234749999999998,121.51179999999999
214,1,5,11:59:15,31.234749999999998,121.51179999999999
78,1,5,11:59:31,31.298350423177084,121.50845865885417
78,1,5,11:59:33,31.300345,121.504031
78,1,5,11:59:34,31.300345,121.504031
220,1,5,11:59:39,31.189484,121.59659600000001
78,1,5,11:59:39,31.300345,121.504031
220,1,5,11:59:39,31.191707999999998,121.5924
354,1,5,12:00:53,31.193080999999999,121.59409599999999
362,1,5,12:01:00,31.2917138671875,121.49982042100694
354,1,5,12:01:20,31.190871999999999,121.598319
327,1,5,12:01:51,31.296472549438477,121.50558471679688
348,1,5,12:03:03,31.299945746527779,121.50459092881944
348,1,5,12:03:08,31.301928,121.50014899999999
214,1,5,12:04:06,31.23507,121.5125
214,1,5,12:04:07,31.234819999999999,121.512
216,1,5,12:04:45,31.195858001708984,121.45065307617188
229,1,5,12:04:46,31.300701141357425,121.5065460205078
229,1,5,12:05:01,31.302703857421875,121.50211334228516
229,1,5,12:05:01,31.302698135375977,121.50203704833984
264,1,5,12:05:13,31.298290252685547,121.5018310546875
214,1,5,12:05:13,31.232710000000001,121.5162
226,1,5,12:05:25,31.301292588975695,121.49713460286458
226,1,5,12:05:30,31.303252000000001,121.492666
264,1,5,12:05:33,31.300216674804688,121.49736785888672
130,1,5,12:07:30,31.18879041883681,121.59716471354167
202,1,5,12:08:17,31.192151421440972,121.59076985677083
202,1,5,12:08:18,31.194362000000002,121.586561
130,1,5,12:08:19,31.18879041883681,121.59716471354167
202,1,5,12:08:20,31.192151421440972,121.59076985677083
116,1,5,12:12:02,31.191989203559029,121.5933949110243
273,1,5,12:14:00,31.195859646267358,121.45049723307292
273,1,5,12:14:03,31.195859646267358,121.45049723307292
273,1,5,12:14:05,31.197745999999999,121.445894
103,1,5,12:14:05,31.196925,121.44450999999999
103,1,5,12:14:10,31.195040961371529,121.4491162109375
273,1,5,12:14:11,31.197745999999999,121.445894
226,1,5,12:14:17,31.301292860243056,121.49706597222222
273,1,5,12:14:18,31.197745999999999,121.445894
273,1,5,12:14:31,31.197745999999999,121.445894
226,1,5,12:14:39,31.301293674045137,121.49706787109376
226,1,5,12:15:46,31.301299641927084,121.49705023871527
332,1,5,12:16:30,31.300854492187501,121.50638834635416
226,1,5,12:16:31,31.301290690104167,121.49706108940973
226,1,5,12:16:35,31.303249999999998,121.492592
226,1,5,12:17:46,31.301293674045137,121.49705702039932
409,1,5,12:18:44,31.295030000000001,121.49738000000001
52,1,5,12:24:51,31.18950080871582,121.59510040283205
28,1,5,12:25:24,31.300310134887695,121.4975128173828
113,1,5,12:26:22,31.195496148003471,121.44973578559028
315,1,5,12:29:39,31.299610000000001,121.504642
315,1,5,12:29:41,31.301593,121.50020000000001
292,1,5,12:31:37,31.190683364868164,121.59409332275391
86,1,5,12:32:12,31.301703,121.499893
86,1,5,12:32:16,31.301703,121.499893
86,1,5,12:33:25,31.299721137152776,121.50433566623263
327,1,5,12:33:53,31.303064346313477,121.49309539794922
327,1,5,12:34:05,31.301216125488281,121.49734497070312
327,1,5,12:34:42,31.301191329956055,121.49734497070312
467,1,5,12:34:48,31.299769999999999,121.5043
36,1,5,12:36:40,31.294645309448239,121.50566864013672
380,1,5,12:37:00,31.19662217881945,121.45000244140626
358,1,5,12:40:56,31.3001513671875,121.50467963324652
120,1,5,12:46:48,31.196866989135746,121.44479370117188
196,1,5,12:47:22,31.195694444444445,121.44965087890624
198,1,5,12:47:24,31.294915907118057,121.50483751085068
246,1,5,12:53:50,31.301668167114254,121.49871826171876
246,1,5,12:53:53,31.30364990234375,121.4942626953125
246,1,5,12:53:59,31.303613662719727,121.4943389892578
13,1,5,13:00:26,31.198499999999999,121.4529
13,1,5,13:00:39,31.200389999999999,121.4483
13,1,5,13:00:52,31.198499999999999,121.4529
13,1,5,13:00:55,31.200389999999999,121.4483
398,1,5,13:01:14,31.192516999999999,121.58813000000001
222,1,5,13:03:36,31.300141330295141,121.50470323350694
302,1,5,13:05:00,31.301583000000001,121.50019899999999
182,1,5,13:05:24,31.155779079861112,121.813046875
375,1,5,13:10:31,31.150977999999999,121.807844
375,1,5,13:10:47,31.150977999999999,121.807844
248,1,5,13:18:38,31.190259000000001,121.592045
160,1,5,13:19:37,31.298659396701389,121.50484076605905
30,1,5,13:20:40,31.298106282552084,121.50413519965278
30,1,5,13:20:43,31.300087999999999,121.499692
30,1,5,13:20:48,31.300087999999999,121.499692
343,1,5,13:28:09,31.295198296440972,121.5043581814236
430,1,5,13:28:51,31.193716049194336,121.5927276611328
430,1,5,13:28:52,31.193716049194336,121.5927276611328
390,1,5,13:29:41,31.179862976074219,121.6064453125
390,1,5,13:30:21,31.182083129882812,121.60224151611328
77,1,5,13:30:47,31.295192057291668,121.5038728841146
245,1,5,13:31:10,31.204524993896484,121.45916748046876
245,1,5,13:31:14,31.206441879272461,121.45455169677734
340,1,5,13:34:26,31.193063735961911,121.59320068359376
3,1,5,13:34:49,31.192352294921875,121.58750915527344
137,1,5,13:41:44,31.296937120225696,121.5053865559896
17,1,5,13:44:46,31.226375325520831,121.5499427625868
320,1,5,13:46:38,31.29765353732639,121.50500515407988
434,1,5,13:47:47,31.29764919704861,121.50377468532986
171,1,5,13:52:06,31.190189344618055,121.5969677734375
171,1,5,13:52:07,31.192402999999999,121.59276300000001
375,1,5,13:55:24,31.200194227430551,121.6953173828125
320,1,5,13:55:55,31.297646484375001,121.50496636284724
352,1,5,14:03:05,31.298160807291666,121.5039271375868
147,1,5,14:03:52,31.294806000000001,121.497612
246,1,5,14:16:21,31.297147750854492,121.50662231445312
185,1,5,14:20:26,31.191206999999999,121.593728
185,1,5,14:20:40,31.192240999999999,121.598635
185,1,5,14:20:41,31.191206999999999,121.593728
407,1,5,14:23:19,31.299788953993055,121.50480794270834
407,1,5,14:23:22,31.301772,121.500367
89,1,5,14:31:21,31.299426812065978,121.51886745876736
240,1,5,14:34:34,31.295562744140625,121.50435638427734
26,1,5,14:42:29,31.191888809204102,121.59857940673828
26,1,5,14:42:30,31.194099426269531,121.59436798095705
122,1,5,14:42:35,31.189102172851559,121.59511566162109
26,1,5,14:42:36,31.194099426269531,121.59436798095705
122,1,5,14:42:36,31.18870735168457,121.59548187255859
26,1,5,14:42:36,31.194097518920898,121.59436798095705
26,1,5,14:42:43,31.194097518920898,121.59438323974609
404,1,5,14:46:07,31.191640853881836,121.5985107421875
404,1,5,14:46:19,31.193853378295898,121.59430694580078
75,1,5,14:49:08,31.190290451049805,121.59181213378906
197,1,5,14:56:33,31.298002243041992,121.50428771972656
320,1,5,15:09:40,31.297704535590277,121.50503092447916
112,1,5,15:26:37,31.294828414916992,121.50454711914062
421,1,5,15:28:09,31.295677185058594,121.49806213378906
421,1,5,15:28:37,31.295658111572266,121.49797821044922
421,1,5,15:28:40,31.295446395874023,121.498046875
319,1,5,15:29:00,31.303928375244141,121.49228668212891
165,1,5,15:29:44,31.295263290405273,121.50439453125
358,1,5,15:40:09,31.29072970920139,121.50297878689236
358,1,5,15:40:11,31.292711000000001,121.498532
28,1,5,15:41:45,31.294548034667969,121.4972686767578
455,1,5,15:46:00,31.198415798611112,121.4479031032986
455,1,5,15:46:31,31.198415798611112,121.4479031032986
317,1,5,15:47:41,31.191741943359375,121.59906005859376
317,1,5,15:47:44,31.193950653076172,121.59485626220705
317,1,5,15:47:53,31.193950653076172,121.59485626220705
14,1,5,15:47:53,31.226590000000002,121.45174400000001
317,1,5,15:48:03,31.193950653076172,121.59485626220705
317,1,5,15:48:17,31.193950653076172,121.59485626220705
317,1,5,15:48:33,31.193950653076172,121.59485626220705
317,1,5,15:48:46,31.193950653076172,121.59485626220705
407,1,5,15:51:05,31.299698893229166,121.5048597547743
407,1,5,15:51:05,31.299698893229166,121.5048597547743
407,1,5,15:51:06,31.301682,121.50041899999999
407,1,5,15:51:12,31.301682,121.50041899999999
407,1,5,15:51:20,31.301682,121.50041899999999
407,1,5,15:51:24,31.301682,121.50041899999999
229,1,5,15:57:05,31.30064582824707,121.50850677490234
229,1,5,15:57:27,31.302618026733398,121.5041046142578
229,1,5,15:57:38,31.302604675292969,121.5041046142578
229,1,5,15:57:50,31.302619934082031,121.50413513183594
443,1,5,16:09:14,31.29691379123264,121.50545437282986
443,1,5,16:09:16,31.2989,121.50101600000001
443,1,5,16:09:18,31.2989,121.50101600000001
443,1,5,16:09:21,31.2989,121.50101600000001
443,1,5,16:09:26,31.2989,121.50101600000001
443,1,5,16:09:28,31.2989,121.50101600000001
303,1,5,16:12:48,31.299806594848633,121.50447845458984
55,1,5,16:13:48,31.19145236545139,121.59937499999999
226,1,5,16:14:24,31.301755,121.50006
226,1,5,16:14:26,31.301755,121.50006
55,1,5,16:14:49,31.193666,121.59517099999999
211,1,5,16:18:02,31.294882812499999,121.50454155815972
211,1,5,16:18:09,31.296866999999999,121.5001
450,1,5,16:20:13,31.18927463107639,121.59784342447917
450,1,5,16:20:21,31.18927463107639,121.59784342447917
450,1,5,16:20:29,31.18927463107639,121.59784342447917
217,1,5,16:23:54,31.294506835937501,121.50743109809028
110,1,5,16:41:18,31.24412570529514,121.46445258246528
110,1,5,16:41:38,31.24412570529514,121.46445258246528
110,1,5,16:41:38,31.246019,121.459881
349,1,5,16:51:04,31.298230523003472,121.50640299479169
11,1,5,16:55:30,31.190462112426761,121.59784698486328
11,1,5,16:56:01,31.19025993347168,121.59739685058594
69,1,5,17:02:59,31.190858840942383,121.59741973876952
192,1,5,17:04:09,31.1902880859375,121.5920076497396
52,1,5,17:10:58,31.189329147338867,121.5964813232422
316,1,5,17:11:29,31.191165924072266,121.59938049316406
231,1,5,17:22:27,31.301919999999999,121.49746
307,1,5,17:23:41,31.295988082885746,121.50547027587891
307,1,5,17:23:42,31.297971725463867,121.50103759765624
124,1,5,17:29:49,31.195556640625,121.44931793212891
124,1,5,17:30:06,31.19743537902832,121.44470977783205
282,1,5,17:35:16,31.19208957248264,121.59956407335068
262,1,5,17:37:40,31.303370000000001,121.49299999999999
358,1,5,17:40:56,31.291765679253473,121.50016004774304
164,1,5,17:42:44,31.297675999999999,121.50023299999999
245,1,5,17:49:26,31.20448112487793,121.4591064453125
422,1,5,17:56:20,31.291486545138888,121.50018717447917
422,1,5,17:56:26,31.293424000000002,121.495769
422,1,5,17:56:29,31.293424000000002,121.495769
278,1,5,18:04:26,31.301630020141602,121.50934600830078
278,1,5,18:04:53,31.301618576049805,121.50935363769533
11,1,5,18:09:00,31.18983268737793,121.59757995605467
11,1,5,18:09:02,31.192188262939453,121.59314727783205
252,1,5,18:18:58,31.230279922485352,121.4144287109375
252,1,5,18:19:01,31.232107162475582,121.40977478027344
72,1,5,18:21:07,31.289294000000002,121.49179599999999
72,1,5,18:21:12,31.289280999999999,121.491868
72,1,5,18:21:28,31.289280999999999,121.491868
461,1,5,18:25:28,31.115915000000001,121.179114
461,1,5,18:25:30,31.117899999999999,121.1746
330,1,5,18:26:29,31.19034206814236,121.59398546006943
157,1,5,18:28:47,31.297246932983398,121.49974822998048
157,1,5,18:28:47,31.297246932983398,121.49974822998048
242,1,5,18:32:17,31.297118000000001,121.499537
396,1,5,18:34:07,31.195716145833337,121.44920600043405
152,1,5,18:38:10,31.300121000000001,121.49744200000001
227,1,5,18:45:07,31.263064507378473,121.53167724609376
310,1,5,18:59:08,31.298685073852539,121.50592803955078
171,1,5,19:03:32,31.299737141927078,121.50431667751737
171,1,5,19:03:34,31.301718999999999,121.49987400000001
171,1,5,19:03:45,31.301718999999999,121.49987400000001
171,1,5,19:04:42,31.301718999999999,121.49987400000001
279,1,5,19:07:37,31.291912,121.50283
444,1,5,19:19:57,31.288564999999998,121.5064
444,1,5,19:21:10,31.288564999999998,121.5064
430,1,5,19:25:59,31.191370010375977,121.59684753417967
430,1,5,19:26:00,31.193820953369141,121.59278106689452
430,1,5,19:26:52,31.193813323974609,121.5927734375
430,1,5,19:26:54,31.193813323974609,121.5927734375
430,1,5,19:26:54,31.193813323974609,121.5927734375
430,1,5,19:26:54,31.193813323974609,121.5927734375
430,1,5,19:26:55,31.19160270690918,121.59698486328124
272,1,5,19:32:04,31.295219421386719,121.50476837158205
217,1,5,19:50:10,31.296413000000001,121.503078
217,1,5,19:50:13,31.296413000000001,121.503078
99,1,5,19:56:48,31.022407531738281,121.4423828125
115,1,5,20:32:04,31.292280000000002,121.49700900000001
220,1,5,21:43:11,31.195599000000001,121.59572
220,1,5,21:43:14,0,0
220,1,5,21:43:15,0,0
220,1,5,21:44:11,0,0
220,1,5,21:44:12,0,0
430,1,5,21:44:46,31.191932678222656,121.59758758544922
430,1,5,21:44:48,31.193899154663089,121.59275054931641
430,1,5,21:44:49,31.193899154663089,121.59275054931641
430,1,5,21:44:57,31.193723678588867,121.59269714355467
430,1,5,21:44:59,31.19151496887207,121.59690093994141
345,1,5,22:00:17,31.195462239583332,121.44960015190972
446,1,5,22:00:28,31.238449096679688,121.50171661376952
390,1,5,23:00:58,31.111814498901367,121.59276580810548
390,1,5,23:00:59,31.114048004150391,121.588623046875
246,1,5,23:09:59,31.301498413085938,121.49862670898438
217,1,5,23:10:29,31.291685000000001,121.496922
217,1,5,23:10:30,31.291685000000001,121.496922
217,1,5,23:10:33,31.291685000000001,121.496922
217,1,5,23:10:35,31.291685000000001,121.496922
217,1,5,23:10:45,31.291685000000001,121.496922
217,1,5,23:10:48,31.291685000000001,121.496922
327,1,5,23:51:21,31.297885894775391,121.50479888916016
410,1,5,23:54:43,31.302934,121.50383600000001
188,2,6,00:01:58,31.301313400268555,121.49862670898438
188,2,6,00:02:01,31.303274154663089,121.49416351318359
225,2,6,00:02:34,31.300836563110352,121.50975036621094
3,2,6,00:03:57,31.190155029296875,121.59176635742188
3,2,6,00:03:58,31.192363739013672,121.58755493164062
120,2,6,00:09:48,31.194988250732425,121.44940948486328
120,2,6,00:13:28,31.196870803833008,121.44482421875
394,2,6,00:14:45,31.291262478298613,121.49954427083334
394,2,6,00:17:37,31.291279568142361,121.49949354383681
398,2,6,00:17:45,31.191086425781251,121.59870415581597
398,2,6,00:18:00,31.193300000000001,121.5945
398,2,6,00:18:21,31.191086425781251,121.59870415581597
398,2,6,00:18:32,31.191086425781251,121.59870415581597
398,2,6,00:18:36,31.193283000000001,121.594508
382,2,6,00:21:08,31.301794000000001,121.4956
226,2,6,00:21:47,31.300460883246529,121.49759006076388
226,2,6,00:22:14,31.300460883246529,121.49759006076388
137,2,6,00:23:34,31.289197862413193,121.50277018229168
137,2,6,00:23:37,31.291179,121.498323
120,2,6,00:24:09,31.196866989135746,121.44478607177734
120,2,6,00:24:33,31.194980621337891,121.44940185546876
320,2,6,00:24:37,31.291373697916665,121.5000754123264
320,2,6,00:25:11,31.293210999999999,121.495656
147,2,6,00:29:14,31.292829318576388,121.50206136067708
147,2,6,00:29:15,31.294806999999999,121.49761100000001
229,2,6,00:29:44,31.302680969238281,121.50408935546876
229,2,6,00:29:57,31.300626754760746,121.50857543945312
149,2,6,00:30:02,31.194967269897461,121.44924163818359
149,2,6,00:30:04,31.196842193603516,121.44464111328124
149,2,6,00:30:06,31.196842193603516,121.44464111328124
149,2,6,00:30:08,31.196842193603516,121.44464111328124
149,2,6,00:30:12,31.196842193603516,121.44464111328124
149,2,6,00:30:15,31.196842193603516,121.44464111328124
149,2,6,00:30:29,31.196842193603516,121.44464111328124
149,2,6,00:30:32,31.196842193603516,121.44464111328124
229,2,6,00:31:08,31.302608489990231,121.50408935546876
252,2,6,00:31:11,31.230306625366211,121.41439056396484
149,2,6,00:31:33,31.196842193603516,121.44464111328124
252,2,6,00:31:59,31.230350494384769,121.41436004638672
252,2,6,00:32:24,31.232105255126953,121.40972137451172
149,2,6,00:32:42,31.196844100952148,121.44463348388672
197,2,6,00:36:11,31.290664672851559,121.50096893310548
197,2,6,00:36:13,31.292638778686523,121.49651336669922
446,2,6,00:42:29,31.190946578979492,121.59433746337891
248,2,6,01:12:16,31.190261,121.592034
213,2,6,01:37:17,31.298390299479166,121.50616183810764
278,2,6,02:08:00,31.301643371582031,121.50934600830078
278,2,6,02:08:01,31.303634643554688,121.5049285888672
417,2,6,04:10:07,31.300287246704102,121.50183868408205
217,2,6,06:53:48,31.289716254340277,121.50143310546876
217,2,6,06:53:57,31.291692999999999,121.49698100000001
217,2,6,06:53:59,31.291692999999999,121.49698100000001
217,2,6,06:54:34,31.291739,121.49693000000001
217,2,6,06:54:36,31.291739,121.49693000000001
217,2,6,06:54:39,31.289762098524307,121.50138237847224
65,2,6,06:58:39,31.196859,121.449868
182,2,6,06:58:43,31.19009657118055,121.59244737413196
185,2,6,07:11:21,31.188697000000001,121.597195
293,2,6,07:12:33,31.192464999999999,121.587948
213,2,6,07:39:07,31.29624213324653,121.50286458333332
213,2,6,07:40:14,31.298221000000002,121.498417
213,2,6,07:40:33,31.298221000000002,121.498417
389,2,6,07:43:47,31.195422905815978,121.45019476996528
389,2,6,07:43:50,31.195422905815978,121.45019476996528
375,2,6,07:51:35,31.192549,121.5878
461,2,6,07:59:00,31.115964999999999,121.179022
461,2,6,07:59:04,31.11795,121.174508
461,2,6,07:59:15,31.11795,121.174508
120,2,6,08:13:36,31.196872711181641,121.44483184814452
120,2,6,08:13:38,31.194992065429688,121.44940185546876
443,2,6,08:14:00,31.29691379123264,121.50545437282986
432,2,6,08:15:53,31.293838000000001,121.495834
266,2,6,08:34:38,31.19038791232639,121.5920076497396
266,2,6,08:34:42,31.192599999999999,121.5878
86,2,6,08:49:11,31.298126898871526,121.50420600043402
337,2,6,09:16:35,31.298946380615231,121.50148773193359
337,2,6,09:16:38,31.30084228515625,121.4970245361328
285,2,6,09:19:22,31.303142000000001,121.494175
220,2,6,09:24:27,31.19087,121.598305
220,2,6,09:24:29,31.193085,121.59408999999999
220,2,6,09:25:55,31.193085,121.59408999999999
137,2,6,09:37:36,31.299103732638891,121.50441514756945
228,2,6,09:37:38,31.195119900173612,121.44854329427083
380,2,6,09:40:41,31.194408094618055,121.447158203125
3,2,6,10:02:38,31.190141677856445,121.59180450439452
180,2,6,10:16:57,31.191725000000002,121.59397
227,2,6,10:17:24,31.263057454427084,121.53172526041666
227,2,6,10:18:01,31.265134,121.527382
227,2,6,10:18:07,31.263064507378473,121.53168918185764
71,2,6,10:37:01,31.195489883422852,121.44922637939452
213,2,6,10:41:57,31.298378363715276,121.50614013671876
115,2,6,10:47:24,31.299152018229165,121.50474039713542
115,2,6,10:47:27,31.301134999999999,121.500299
74,2,6,10:57:16,31.409450531005859,121.48493194580078
378,2,6,11:11:50,31.29764919704861,121.50377468532986
64,2,6,11:12:40,31.299970626831055,121.50537109375
378,2,6,11:12:48,31.29764919704861,121.50377468532986
134,2,6,11:13:21,31.191776275634769,121.59853363037109
134,2,6,11:13:54,31.191818237304688,121.59857177734376
134,2,6,11:13:56,31.193996429443359,121.5943603515625
229,2,6,11:15:16,31.302726745605469,121.50408172607422
229,2,6,11:15:18,31.300737380981445,121.50850677490234
78,2,6,11:15:48,31.301921,121.500028
245,2,6,11:16:03,31.204740524291992,121.45911407470705
245,2,6,11:16:07,31.204690933227539,121.45913696289062
245,2,6,11:16:08,31.206680297851559,121.45455932617188
245,2,6,11:16:29,31.206680297851559,121.45455932617188
245,2,6,11:16:32,31.206680297851559,121.45455932617188
375,2,6,11:20:28,31.191855468749999,121.59867024739584
310,2,6,11:20:41,31.298622131347656,121.50592041015624
310,2,6,11:20:42,31.298622131347656,121.50592041015624
310,2,6,11:20:43,31.300601959228516,121.50148773193359
215,2,6,11:25:23,31.195253372192383,121.44873046875
215,2,6,11:25:24,31.197139739990231,121.44410705566406
215,2,6,11:25:28,31.197139739990231,121.44410705566406
229,2,6,11:31:17,31.3006591796875,121.50853729248048
229,2,6,11:31:17,31.302648544311523,121.50411224365234
229,2,6,11:31:18,31.302648544311523,121.50411224365234
105,2,6,11:31:51,31.191009521484375,121.5984344482422
105,2,6,11:31:51,31.193227767944336,121.59423065185548
105,2,6,11:31:55,31.193227767944336,121.59423065185548
253,2,6,11:32:17,31.299890000000001,121.496
276,2,6,11:34:53,0,0
7,2,6,11:38:26,31.189088821411133,121.60008239746094
7,2,6,11:38:55,31.189079284667969,121.60010528564452
7,2,6,11:38:59,31.189077377319336,121.60010528564452
62,2,6,11:42:59,31.191139322916666,121.5985183376736
377,2,6,11:43:45,31.190911458333332,121.59751980251735
313,2,6,11:51:02,31.299313000000001,121.50078600000001
313,2,6,11:51:09,31.299313000000001,121.5008
313,2,6,11:51:10,31.299316000000001,121.5008
313,2,6,11:51:18,31.299316000000001,121.5008
357,2,6,11:51:22,31.18927463107639,121.59784342447917
313,2,6,11:51:42,31.299316000000001,121.5008
329,2,6,11:54:29,31.192285156250001,121.5937646484375
238,2,6,11:55:49,31.190408706665039,121.59494781494141
435,2,6,11:56:24,31.243287760416667,121.55475368923612
435,2,6,11:56:24,31.244606999999998,121.547854
435,2,6,11:56:26,31.244606999999998,121.547854
217,2,6,11:56:35,31.300997178819443,121.50654893663194
7,2,6,12:12:37,31.190744400024418,121.59711456298828
316,2,6,12:15:33,31.192054748535156,121.59101104736328
316,2,6,12:15:37,31.192054748535156,121.59101104736328
316,2,6,12:16:05,31.192054748535156,121.59101104736328
316,2,6,12:16:24,31.192054748535156,121.59101104736328
316,2,6,12:16:27,31.192054748535156,121.59101104736328
316,2,6,12:16:30,31.192054748535156,121.59101104736328
444,2,6,12:24:33,31.295390999999999,121.507352
444,2,6,12:24:36,31.297011000000001,121.50305299999999
444,2,6,12:24:37,31.297383,121.502921
427,2,6,12:26:02,31.298649902343751,121.506650390625
147,2,6,12:36:12,31.292829318576388,121.50206136067708
147,2,6,12:36:25,31.292829318576388,121.50206136067708
147,2,6,12:36:29,31.294806999999999,121.49761100000001
147,2,6,12:36:31,31.294806999999999,121.49761100000001
147,2,6,12:36:34,31.294806999999999,121.49761100000001
170,2,6,13:51:38,31.295259475708008,121.50417327880859
170,2,6,13:51:40,31.297136306762695,121.49977874755859
66,2,6,14:03:03,31.193138000000001,121.594083
435,2,6,14:04:33,31.242471788194443,121.55213406032986
435,2,6,14:04:35,31.244606999999998,121.547854
435,2,6,14:04:40,31.244606999999998,121.547854
435,2,6,14:04:42,31.244606999999998,121.547854
303,2,6,14:23:41,31.297462463378903,121.50431060791016
303,2,6,14:24:04,31.299459457397461,121.49983978271484
303,2,6,14:24:08,31.299472808837891,121.49977874755859
303,2,6,14:24:12,31.299472808837891,121.49977874755859
378,2,6,14:24:15,31.301770999999999,121.50036799999999
303,2,6,14:24:15,31.299472808837891,121.49977874755859
303,2,6,14:24:22,31.299472808837891,121.49977874755859
303,2,6,14:24:25,31.299472808837891,121.49977874755859
303,2,6,14:24:29,31.299472808837891,121.49977874755859
316,2,6,14:39:14,31.191110610961911,121.59877777099609
181,2,6,14:52:14,31.300470000000001,121.5087
128,2,6,15:09:03,31.195639,121.45066
354,2,6,15:22:41,31.297367999999999,121.504108
354,2,6,15:22:42,31.299371000000001,121.499774
69,2,6,15:46:16,31.177370071411133,121.59860992431641
229,2,6,15:56:16,31.3006591796875,121.508544921875
229,2,6,15:58:31,31.3006591796875,121.508544921875
229,2,6,15:58:33,31.302619934082031,121.50415802001952
229,2,6,15:58:49,31.302619934082031,121.50415802001952
229,2,6,15:58:50,31.302629470825195,121.504150390625
229,2,6,15:58:50,31.302629470825195,121.504150390625
430,2,6,16:20:40,31.191740036010746,121.596923828125
430,2,6,16:20:41,31.193874359130859,121.59296417236328
430,2,6,16:20:42,31.193874359130859,121.59296417236328
439,2,6,16:26:57,31.295362000000001,121.497816
100,2,6,16:27:46,31.296620008680556,121.50507378472224
100,2,6,16:27:48,31.298604999999998,121.50063400000001
100,2,6,16:27:51,31.298604999999998,121.50063400000001
100,2,6,16:27:54,31.298604999999998,121.50063400000001
450,2,6,16:29:05,31.189941134982639,121.59670410156249
450,2,6,16:29:16,31.189941134982639,121.59670410156249
172,2,6,16:31:43,31.190463324652779,121.59705783420139
310,2,6,16:35:25,31.299718856811523,121.50433349609376
310,2,6,16:35:32,31.301731109619141,121.49994659423828
22,2,6,16:41:36,31.292890548706055,121.50254821777344
22,2,6,16:41:38,31.294866561889648,121.49810028076172
22,2,6,16:42:05,31.294866561889648,121.49810028076172
22,2,6,16:42:09,31.294866561889648,121.49810028076172
22,2,6,16:42:53,31.294866561889648,121.49810028076172
28,2,6,16:43:00,31.283056259155273,121.46778106689452
296,2,6,16:44:38,31.300865173339844,121.508544921875
342,2,6,16:46:26,31.17736,121.5925
461,2,6,16:47:15,31.115915000000001,121.179114
461,2,6,16:47:30,31.117899999999999,121.1746
209,2,6,16:49:20,31.299556732177734,121.49710083007812
380,2,6,16:50:59,31.195460069444444,121.44965087890624
237,2,6,16:53:22,31.189998101128474,121.59676513671874
237,2,6,16:53:26,31.192171999999999,121.59251500000001
237,2,6,16:53:30,31.192171999999999,121.59251500000001
237,2,6,16:53:32,31.192171999999999,121.59251500000001
237,2,6,16:53:43,31.192171999999999,121.59251500000001
237,2,6,16:54:03,31.192171999999999,121.59251500000001
237,2,6,16:54:20,31.192171999999999,121.59251500000001
237,2,6,16:54:21,31.192209999999999,121.592572
430,2,6,16:56:14,31.191768646240231,121.59718322753906
430,2,6,16:56:16,31.191797256469727,121.59705352783205
248,2,6,16:56:18,31.189817000000001,121.59783
248,2,6,16:56:23,31.192112999999999,121.59309399999999
430,2,6,16:57:32,31.191619873046875,121.59696197509766
163,2,6,16:58:30,31.290514000000002,121.50116
117,2,6,16:59:11,31.297797580295139,121.50396185980902
12,2,6,17:01:45,31.298124457465281,121.50307291666668
261,2,6,17:26:30,31.291627999999999,121.499985
11,2,6,17:31:22,31.190208435058594,121.59764099121094
320,2,6,17:31:47,31.291352810329862,121.50010932074652
26,2,6,17:34:23,31.191251754760746,121.59410095214844
232,2,6,17:34:42,31.192285156250001,121.5937646484375
232,2,6,17:34:45,31.194496999999998,121.589558
329,2,6,17:36:06,31.190323350694445,121.60758300781249
332,2,6,17:45:31,31.299346,121.499674
458,2,6,17:49:31,31.296241999999999,121.502865
465,2,6,18:04:00,31.300663,121.50633000000001
326,2,6,18:08:42,31.193309783935547,121.59420776367188
147,2,6,18:10:12,31.299665798611112,121.50484890407986
255,2,6,18:11:54,31.300118001302085,121.5058482530382
446,2,6,18:15:02,31.205341339111328,121.60171508789062
446,2,6,18:15:04,31.207832336425781,121.59752655029295
446,2,6,18:15:06,31.205499649047852,121.60169219970705
446,2,6,18:15:16,31.20539665222168,121.60154724121094
197,2,6,18:16:39,31.297340393066406,121.50411224365234
201,2,6,18:26:45,31.291199544270832,121.49916069878472
201,2,6,18:26:54,31.291287706163196,121.49913872612848
42,2,6,18:27:07,31.119438171386719,121.57709503173828
42,2,6,18:27:26,31.119438171386719,121.57709503173828
42,2,6,18:27:56,31.119451522827148,121.5771026611328
42,2,6,18:27:58,31.119436264038089,121.57718658447266
255,2,6,18:29:45,31.301915999999999,121.501636
179,2,6,18:30:02,31.193729400634769,121.59242248535156
179,2,6,18:31:40,31.191511154174805,121.59664154052734
179,2,6,18:31:46,31.193645477294918,121.59265899658205
179,2,6,18:31:48,31.193645477294918,121.59265899658205
179,2,6,18:33:04,31.193681716918945,121.59247589111328
255,2,6,18:33:44,31.29992214626736,121.50609754774304
334,2,6,18:35:18,31.297434895833337,121.50412326388889
334,2,6,18:35:34,31.299416999999998,121.49968
171,2,6,18:35:57,31.302882,121.498717
171,2,6,18:36:51,31.300904405381942,121.50316406250001
171,2,6,18:36:54,31.302882,121.498717
201,2,6,18:37:16,31.293274,121.494676
201,2,6,18:37:17,31.293274,121.494676
112,2,6,18:37:19,31.290014266967773,121.50129699707033
112,2,6,18:37:21,31.291999816894531,121.49687957763672
12,2,6,18:38:05,31.241699000000001,121.45905
12,2,6,18:38:07,31.241699000000001,121.45905
449,2,6,18:38:09,31.189727999999999,121.595184
12,2,6,18:38:25,31.241699000000001,121.45905
12,2,6,18:38:28,31.241699000000001,121.45905
12,2,6,18:38:30,31.241699000000001,121.45905
12,2,6,18:38:32,31.241699000000001,121.45905
12,2,6,18:38:36,31.241699000000001,121.45905
12,2,6,18:38:38,31.241699000000001,121.45905
150,2,6,18:38:52,31.298552788628474,121.5016880967882
150,2,6,18:38:55,31.300561999999999,121.49724000000001
171,2,6,18:39:04,31.300904405381942,121.50316406250001
150,2,6,18:39:20,31.300561999999999,121.49724000000001
171,2,6,18:40:45,31.300904405381942,121.50316406250001
221,2,6,18:40:58,31.291110992431641,121.5005340576172
418,2,6,18:41:25,31.299925000000002,121.499357
418,2,6,18:42:14,31.297936197916663,121.50382134331598
201,2,6,18:42:28,31.291298828125001,121.49913682725696
201,2,6,18:42:30,31.291298828125001,121.49913682725696
201,2,6,18:42:31,31.293268000000001,121.494676
171,2,6,18:42:58,31.300904405381942,121.50316406250001
363,2,6,18:43:49,31.290009999999999,121.5013
363,2,6,18:43:51,31.292190000000002,121.4969
363,2,6,18:44:36,31.289999999999999,121.5014
349,2,6,18:44:42,31.298224012586804,121.5062556966146
255,2,6,18:44:42,31.300107150607637,121.50576063368057
171,2,6,18:45:05,31.300904405381942,121.50316406250001
349,2,6,18:45:09,31.298224012586804,121.5062556966146
450,2,6,18:47:48,31.19042236328125,121.59662109375
450,2,6,18:47:56,31.19042236328125,121.59662109375
450,2,6,18:50:08,31.190470377604168,121.59675699869793
450,2,6,18:51:08,31.190425347222224,121.59664496527778
450,2,6,18:51:10,31.192639,121.59244
450,2,6,18:52:25,31.192636,121.592426
450,2,6,18:52:26,31.19042236328125,121.59663113064236
450,2,6,18:52:27,31.192636,121.592426
450,2,6,18:52:29,31.192636,121.592426
450,2,6,18:52:31,31.192636,121.592426
450,2,6,18:52:33,31.192636,121.592426
450,2,6,18:52:35,31.192636,121.592426
450,2,6,18:52:36,31.192636,121.592426
450,2,6,18:52:38,31.192636,121.592426
450,2,6,18:52:41,31.192636,121.592426
84,2,6,18:56:43,31.2989,121.50101600000001
295,2,6,19:01:00,31.195906000000001,121.44935
242,2,6,19:08:15,31.292613983154297,121.50025939941406
291,2,6,19:13:41,31.190588378906249,121.59716579861112
382,2,6,19:13:42,31.301787999999998,121.4956
382,2,6,19:13:45,31.303736000000001,121.49113
389,2,6,19:13:47,31.195068901909721,121.4491251627604
389,2,6,19:13:49,31.196953000000001,121.444519
382,2,6,19:13:54,31.303736000000001,121.49113
382,2,6,19:13:56,31.303736000000001,121.49113
382,2,6,19:14:10,31.301787999999998,121.4956
430,2,6,19:18:02,31.193904876708984,121.59271240234376
430,2,6,19:19:58,31.191703796386719,121.59716796875
430,2,6,19:20:22,31.191154479980469,121.59685516357422
430,2,6,19:20:31,31.191450119018555,121.59691619873048
430,2,6,19:20:34,31.191450119018555,121.59691619873048
291,2,6,19:21:27,31.190469292534718,121.59707383897567
291,2,6,19:21:30,31.192675999999999,121.59286
291,2,6,19:21:35,31.192675999999999,121.59286
291,2,6,19:21:42,31.192675999999999,121.59286
430,2,6,19:22:39,31.191553115844727,121.59690856933594
163,2,6,19:43:46,31.290562000000001,121.50095
163,2,6,19:43:48,31.292535999999998,121.4965
227,2,6,19:55:43,31.263139648437502,121.5316880967882
227,2,6,19:55:45,31.265215999999999,121.527345
408,2,6,20:36:58,31.195666503906249,121.58979682074651
408,2,6,20:37:09,31.197875,121.585587
341,2,6,21:01:03,31.188113999999999,121.59435000000001
220,2,6,21:14:36,31.191689,121.59456
220,2,6,21:14:37,31.193899999999999,121.59035
115,2,6,21:15:06,31.290240071614583,121.50146023220486
220,2,6,21:15:51,31.193899999999999,121.59035
220,2,6,21:15:52,31.193899999999999,121.59035
320,2,6,21:31:00,31.291398925781252,121.50006022135416
96,2,6,21:38:53,31.290673556857637,121.50008029513889
96,2,6,21:39:14,31.292646000000001,121.49562299999999
148,2,6,22:22:16,31.300582885742188,121.50858306884766
148,2,6,22:22:18,31.302597045898441,121.50416564941406
148,2,6,22:22:29,31.302597045898441,121.50416564941406
148,2,6,22:22:39,31.302597045898441,121.50416564941406
148,2,6,22:22:42,31.302597045898441,121.50416564941406
148,2,6,22:22:50,31.302597045898441,121.50416564941406
148,2,6,22:22:57,31.302597045898441,121.50416564941406
461,2,6,22:57:35,31.115929999999999,121.179158
137,2,6,23:08:05,31.289200846354166,121.50277126736113
57,3,7,00:08:37,31.195013046264648,121.44939422607422
430,3,7,00:15:37,31.192544937133789,121.58805847167967
63,3,7,00:15:59,31.331138610839844,121.49619293212891
63,3,7,00:16:01,31.333086013793945,121.49163818359376
63,3,7,00:16:04,31.333086013793945,121.49163818359376
375,3,7,00:17:00,31.189586588541665,121.59135823567708
311,3,7,00:19:00,31.195592880249023,121.44947814941406
120,3,7,00:26:22,31.194992065429688,121.44942474365234
120,3,7,00:26:30,31.19499397277832,121.44942474365234
120,3,7,00:26:33,31.196874618530273,121.44482421875
75,3,7,01:00:42,31.265325546264648,121.3375244140625
58,3,7,01:32:35,31.197017669677734,121.44480133056641
88,3,7,01:51:08,31.191665581597221,121.59458902994793
116,3,7,02:51:41,31.190919325086806,121.59189290364584
116,3,7,02:51:53,31.190919325086806,121.59189290364584
116,3,7,02:51:56,31.193131000000001,121.58768499999999
220,3,7,03:00:27,31.191186999999999,121.59397
220,3,7,03:00:27,0,0
278,3,7,04:40:33,31.301660537719727,121.50933837890624
124,3,7,08:07:40,31.195564270019531,121.44931793212891
467,3,7,08:14:11,31.161799999999999,121.4922
386,3,7,08:30:47,31.191751480102539,121.59384155273438
375,3,7,09:01:48,31.191831000000001,121.58714500000001
86,3,7,09:21:09,31.268326280381945,121.543232421875
86,3,7,09:21:10,31.270447000000001,121.538961
45,3,7,09:45:53,31.292871475219727,121.50247955322266
45,3,7,09:45:56,31.292871475219727,121.50247955322266
420,3,7,09:49:07,31.290754318237305,121.49982452392578
461,3,7,09:50:57,31.115929999999999,121.179158
461,3,7,09:51:02,31.117899999999999,121.1746
12,3,7,10:50:50,31.291912706163195,121.50282823350696
12,3,7,10:52:02,31.293893000000001,121.49838099999999
335,3,7,11:05:25,31.204671859741211,121.46990203857422
335,3,7,11:05:28,31.20928955078125,121.46129608154295
3,3,7,11:11:33,31.190168380737305,121.59176635742188
137,3,7,11:15:00,31.289200846354166,121.50277126736113
39,3,7,11:15:39,31.190948621961805,121.5974568684896
137,3,7,11:16:10,31.289200846354166,121.50277126736113
137,3,7,11:16:11,31.291181999999999,121.498324
20,3,7,11:24:17,31.300436197916667,121.49748345269096
20,3,7,11:24:18,31.302367,121.492926
20,3,7,11:24:29,31.302367,121.492926
20,3,7,11:24:32,31.302367,121.492926
20,3,7,11:24:40,31.302367,121.492926
20,3,7,11:24:43,31.302367,121.492926
20,3,7,11:24:46,31.302367,121.492926
20,3,7,11:24:51,31.302367,121.492926
213,3,7,11:43:44,31.298386230468751,121.50616102430556
83,3,7,11:48:01,31.192140579223633,121.59081268310548
83,3,7,11:48:03,31.189931869506836,121.59502410888672
83,3,7,11:48:27,31.189840316772461,121.59504699707033
181,3,7,11:53:03,31.29748,121.5016
262,3,7,12:48:38,31.290939999999999,121.4992
12,3,7,12:59:45,31.297399631076388,121.50424560546875
46,3,7,13:00:09,31.303115999999999,121.502337
344,3,7,13:02:54,31.298527832031251,121.50570068359374
346,3,7,13:31:11,31.302079806857641,121.49680202907986
155,3,7,13:39:39,31.268306732177734,121.44934844970705
415,3,7,13:51:26,31.191701931423612,121.59385959201389
415,3,7,13:51:26,31.193913999999999,121.589653
415,3,7,13:51:26,31.193913999999999,121.589653
3,3,7,14:12:57,31.190164566040039,121.59181213378906
346,3,7,14:46:59,31.300960557725695,121.51013292100694
115,3,7,14:52:47,31.291385999999999,121.502522
115,3,7,14:52:50,31.291385999999999,121.502522
115,3,7,14:52:56,31.291385999999999,121.502522
115,3,7,14:53:08,31.291385999999999,121.502522
115,3,7,14:53:10,31.291385999999999,121.502522
115,3,7,14:53:23,31.291385999999999,121.502522
382,3,7,14:56:23,31.301842000000001,121.49721
396,3,7,15:03:15,31.196112467447922,121.45130126953126
288,3,7,15:03:33,0,0
288,3,7,15:03:34,0,0
229,3,7,15:03:44,31.292932510375977,121.50360107421876
229,3,7,15:03:44,31.294910430908203,121.49915313720705
229,3,7,15:03:47,31.293014526367188,121.50363159179688
288,3,7,15:06:50,31.304452896118164,120.63384246826172
288,3,7,15:06:50,31.306589126586911,120.62965393066406
462,3,7,15:18:35,31.30818,121.5061
462,3,7,15:18:36,31.308,121.5061
462,3,7,15:18:59,31.308,121.5061
462,3,7,15:19:03,31.308,121.5061
158,3,7,15:20:05,31.19098,121.601063
158,3,7,15:20:07,31.191511999999999,121.59089299999999
158,3,7,15:20:08,31.191511999999999,121.59089299999999
288,3,7,15:22:59,31.304445266723633,120.63382720947266
288,3,7,15:23:02,31.306600570678711,120.62964630126952
288,3,7,15:23:28,31.304485321044918,120.63385772705078
278,3,7,15:52:35,31.30164909362793,121.50931549072266
278,3,7,15:52:35,31.303640365600582,121.50490570068359
278,3,7,15:52:37,31.303651809692383,121.50495147705078
185,3,7,15:53:45,31.191952000000001,121.59950499999999
99,3,7,15:54:09,31.022453308105469,121.4423370361328
394,3,7,15:56:21,31.293413899739583,121.5073193359375
128,3,7,15:57:32,31.195473,121.44978999999999
165,3,7,15:58:38,31.289966583251953,121.50180816650391
165,3,7,15:58:54,31.289983749389648,121.50182342529295
20,3,7,15:59:16,31.300408528645832,121.49739990234374
120,3,7,15:59:39,31.194980621337891,121.44939422607422
120,3,7,15:59:40,31.196868896484375,121.44480133056641
165,3,7,15:59:50,31.291957855224609,121.49737548828124
171,3,7,16:02:05,31.1905322265625,121.59711669921874
80,3,7,16:02:49,31.190237045288089,121.59715270996094
63,3,7,16:03:00,31.331132888793945,121.49623107910156
315,3,7,16:04:25,31.293458000000001,121.495728
315,3,7,16:04:31,31.293482000000001,121.495712
220,3,7,16:09:47,31.192091000000001,121.599495
220,3,7,16:09:49,31.192091000000001,121.599495
220,3,7,16:09:50,31.194305,121.59529000000001
289,3,7,16:12:17,31.188509,121.59514799999999
373,3,7,16:12:58,31.295289984809028,121.50444091796876
373,3,7,16:12:59,31.294992404513888,121.50434109157986
30,3,7,16:17:01,31.296239420572917,121.502802734375
375,3,7,16:19:43,31.189587673611111,121.59135823567708
435,3,7,16:24:06,30.813485785590277,121.45003228081598
435,3,7,16:24:07,30.813485785590277,121.45003228081598
318,3,7,16:36:16,31.295797348022461,121.50445556640624
319,3,7,16:36:17,31.140382766723633,121.3938446044922
318,3,7,16:36:20,31.295761108398441,121.50450897216795
318,3,7,16:36:32,31.297740936279297,121.50006866455078
265,3,7,16:40:19,31.301187515258789,121.49842834472656
202,3,7,16:45:31,31.195836317274303,121.5953361002604
202,3,7,16:45:31,31.195836317274303,121.5953361002604
202,3,7,16:45:33,31.195836317274303,121.5953361002604
202,3,7,16:47:37,31.191497667100695,121.59388861762152
327,3,7,16:57:12,31.297527313232425,121.50431823730467
229,3,7,17:07:48,31.293050765991211,121.50360870361328
229,3,7,17:07:56,31.292964935302734,121.50365447998048
229,3,7,17:08:27,31.29486083984375,121.49928283691406
229,3,7,17:08:36,31.293064117431641,121.50362396240234
229,3,7,17:08:37,31.295047760009769,121.49918365478516
229,3,7,17:09:32,31.295047760009769,121.49918365478516
358,3,7,17:19:23,31.291534016927084,121.50001953125
198,3,7,17:23:07,31.300578070746528,121.50917534722224
198,3,7,17:23:46,31.300578070746528,121.50917534722224
187,3,7,17:49:27,0,0
229,3,7,17:49:43,31.294651031494141,121.49924468994141
263,3,7,18:02:54,31.193757052951391,121.45679768880208
349,3,7,18:06:26,31.254736328124999,121.44538818359376
244,3,7,18:08:52,31.190423177083332,121.59401231553819
220,3,7,18:18:12,31.191711000000002,121.59683
220,3,7,18:18:14,31.193940999999999,121.59269
204,3,7,18:28:47,31.301313400268555,121.5129852294922
285,3,7,18:33:23,31.292703721788193,121.50362955729166
36,3,7,18:49:33,31.300865173339844,121.50775146484376
375,3,7,18:57:09,31.192,121.587
3,3,7,19:24:23,31.190109252929688,121.59178161621094
3,3,7,19:24:26,31.192371368408203,121.58757019042967
311,3,7,20:42:37,31.195581436157227,121.44944000244141
346,3,7,20:48:04,31.300965169270832,121.510224609375
39,3,7,20:52:29,31.190944281684029,121.59749186197917
331,3,7,21:19:29,31.290565490722656,121.50154876708984
262,3,7,21:23:44,31.290949999999999,121.49939999999999
307,3,7,21:24:24,31.296905517578125,121.50687408447266
123,3,7,21:24:35,31.189390190972222,121.60050238715276
307,3,7,21:24:53,31.296833038330082,121.50694274902344
307,3,7,21:25:33,31.298847198486328,121.50250244140624
171,3,7,21:25:51,31.190466037326388,121.59407741970486
63,3,7,21:26:59,31.331106185913089,121.49624633789062
63,3,7,21:27:00,31.331089019775391,121.49624633789062
63,3,7,21:27:01,31.333038330078125,121.49175262451172
63,3,7,21:28:54,31.331119537353516,121.49623870849609
86,3,7,21:33:08,31.291733940972222,121.49904812282986
86,3,7,21:33:09,31.293703000000001,121.494587
95,3,7,21:41:19,31.335274999999999,121.493202
95,3,7,21:41:21,31.335242000000001,121.493228
42,3,7,21:41:41,31.12244987487793,121.58136749267578
202,3,7,21:42:06,31.192354329427083,121.59095893012152
202,3,7,21:42:08,31.193899999999999,121.586
149,3,7,21:47:06,31.194967269897461,121.44920349121094
149,3,7,21:47:07,31.196840286254883,121.44461059570312
177,3,7,21:53:03,31.195772298177083,121.44957628038196
177,3,7,21:53:20,31.19576633029514,121.44958224826389
177,3,7,21:53:44,31.19576633029514,121.44958224826389
164,3,7,21:55:29,31.297523600260416,121.50464626736112
164,3,7,21:55:37,31.299548999999999,121.500187
239,3,7,22:06:12,31.331353895399307,121.49646592881945
239,3,7,22:06:17,31.333300000000001,121.491992
401,3,7,22:09:07,31.299109157986113,121.50799750434028
87,3,7,22:15:41,31.30059814453125,121.50829315185548
120,3,7,22:19:07,31.194986343383789,121.44939422607422
73,3,7,22:21:26,31.18998752170139,121.59251654730905
446,3,7,22:24:16,31.191221237182617,121.593994140625
111,3,7,22:27:43,31.190260687934028,121.59210774739584
220,3,7,22:28:12,31.18939,121.6005
220,3,7,22:28:14,31.191604999999999,121.5963
220,3,7,22:28:15,0,0
220,3,7,22:28:25,31.18939,121.6005
7,3,7,22:43:46,31.190885543823239,121.59746551513672
7,3,7,22:43:52,31.190927505493164,121.59738922119141
197,3,7,22:44:13,31.290363311767575,121.50104522705078
197,3,7,22:44:23,31.292295455932617,121.49656677246094
377,3,7,22:48:16,31.175497775607639,121.59765543619793
78,3,7,22:48:23,31.298828938802082,121.50834906684028
377,3,7,22:48:30,31.177719,121.593452
171,3,7,22:54:04,31.190466037326388,121.59407741970486
298,3,7,22:59:58,31.195165634155273,121.44939422607422
460,3,7,23:08:11,31.300899999999999,121.50806
460,3,7,23:08:15,31.302900000000001,121.5038
11,3,7,23:12:05,31.190683364868164,121.59215545654295
11,3,7,23:13:45,31.190666198730469,121.59215545654295
121,3,7,23:31:13,31.05335205078125,121.19016031901042
78,3,7,23:33:49,31.298544650607639,121.50612711588542
425,3,7,23:34:14,31.301763999999999,121.49845000000001
117,3,7,23:35:13,31.292685004340282,121.50212212456596
343,3,7,23:47:45,31.29420138888889,121.50156222873264
14,3,7,23:53:40,31.194675,121.45317
14,3,7,23:53:43,31.196567999999999,121.44858000000001
14,3,7,23:53:43,31.196567999999999,121.44858000000001
14,3,7,23:53:54,31.196567999999999,121.44858000000001
14,3,7,23:54:03,31.196567999999999,121.44858000000001
14,3,7,23:54:06,31.196567999999999,121.44858000000001
14,3,7,23:54:14,31.196567999999999,121.44858000000001
14,3,7,23:54:20,31.196567999999999,121.44858000000001
220,3,7,23:56:56,31.195830999999998,121.59534499999999
220,3,7,23:56:57,0,0
220,3,7,23:56:59,0,0
248,4,1,00:17:24,31.276288999999998,121.48023499999999
220,4,1,00:19:10,0,0
220,4,1,00:19:11,31.198042000000001,121.59114
352,4,1,01:10:20,31.300614963107641,121.50831136067708
308,4,1,08:14:35,31.297024,121.50295
311,4,1,08:14:37,31.195419311523441,121.44850921630859
455,4,1,08:31:51,31.195461697048611,121.44817409939236
228,4,1,08:34:37,31.195562879774304,121.44868109809028
380,4,1,08:39:39,31.196660970052083,121.44999945746528
418,4,1,08:46:05,31.300561252170137,121.49718071831596
209,4,1,08:50:10,31.193901062011719,121.58950042724609
209,4,1,08:50:13,31.193902969360352,121.58952331542967
209,4,1,08:50:36,31.193902969360352,121.58952331542967
209,4,1,08:50:42,31.193902969360352,121.58952331542967
209,4,1,08:50:47,31.193902969360352,121.58952331542967
209,4,1,08:50:49,31.193902969360352,121.58952331542967
209,4,1,08:50:56,31.193902969360352,121.58952331542967
209,4,1,08:50:59,31.193902969360352,121.58952331542967
358,4,1,09:01:34,31.299772677951388,121.50454074435764
269,4,1,09:01:40,31.175865614149306,121.5988490125868
269,4,1,09:01:42,31.178087000000001,121.594646
85,4,1,09:04:34,31.298284505208333,121.50440511067708
85,4,1,09:04:40,31.300266000000001,121.499977
85,4,1,09:04:50,31.300266000000001,121.499977
85,4,1,09:04:56,31.300266000000001,121.499977
85,4,1,09:04:58,31.300266000000001,121.499977
85,4,1,09:05:02,31.300266000000001,121.499977
160,4,1,10:16:19,31.29582546657986,121.50442681206596
345,4,1,10:28:46,31.196197999999999,121.44886200000001
7,4,1,10:36:58,31.190958023071289,121.59735870361328
7,4,1,10:37:18,31.190958023071289,121.59735870361328
7,4,1,10:37:20,31.193168640136719,121.59315490722656
63,4,1,10:40:54,31.331094741821289,121.49624633789062
100,4,1,11:32:20,31.299247504340279,121.51019449869791
100,4,1,11:32:41,31.301179000000001,121.50586800000001
333,4,1,12:00:55,31.195624186197922,121.4496519639757
188,4,1,12:27:17,31.299837112426761,121.50447845458984
434,4,1,12:35:39,31.291913791232641,121.50282823350696
220,4,1,12:55:18,31.189267999999998,121.59507000000001
220,4,1,12:55:18,31.189267999999998,121.59507000000001
78,4,1,13:31:23,31.295225694444444,121.50430338541666
63,4,1,13:46:48,31.331108093261719,121.49624633789062
63,4,1,13:46:54,31.333049774169918,121.49178314208984
63,4,1,13:47:11,31.33111572265625,121.49624633789062
351,4,1,13:50:50,31.290485382080082,121.50141143798828
34,4,1,14:16:49,31.300942382812501,121.51488064236111
34,4,1,14:17:22,31.300942382812501,121.51488064236111
34,4,1,14:17:25,31.300942382812501,121.51488064236111
54,4,1,14:22:00,31.302986000000001,121.49401
77,4,1,14:23:45,31.296345486111111,121.50022542317708
77,4,1,14:23:46,31.297875000000001,121.49530300000001
77,4,1,14:23:48,31.297875000000001,121.49530300000001
261,4,1,14:28:16,31.299150000000001,121.50474
261,4,1,14:28:19,31.302817999999998,121.49849
382,4,1,14:28:58,31.302021,121.495575
378,4,1,14:28:59,31.293182000000002,121.504102
366,4,1,15:02:38,31.336460774739582,121.5047412109375
280,4,1,15:05:52,31.18950080871582,121.59725189208984
430,4,1,15:16:03,31.191371917724609,121.59461975097656
142,4,1,15:28:50,31.29974365234375,121.50447082519533
142,4,1,15:31:49,31.301713943481445,121.50003814697266
408,4,1,15:40:58,31.301168891059028,121.50640326605902
408,4,1,15:40:59,31.303156000000001,121.50196800000001
63,4,1,15:51:22,31.331125259399418,121.49623107910156
78,4,1,15:53:50,31.29475802951389,121.50416666666666
340,4,1,15:57:41,31.190830230712891,121.59743499755859
7,4,1,16:03:56,31.190872192382812,121.59762573242188
7,4,1,16:03:57,31.19310188293457,121.59340667724609
87,4,1,16:19:47,31.299627304077148,121.50486755371094
220,4,1,16:44:08,31.190386,121.59701
220,4,1,16:44:24,31.190075,121.59654999999999
22,4,1,16:49:54,31.292892456054688,121.50243377685548
16,4,1,16:53:43,31.192287,121.593765
16,4,1,16:54:51,31.194735000000001,121.588615
17,4,1,17:13:27,31.225730794270831,121.55031765407986
343,4,1,18:40:53,31.209670952690971,121.47692165798613
86,4,1,18:45:27,31.2915380859375,121.4993519422743
86,4,1,18:45:29,31.293507999999999,121.49489199999999
78,4,1,18:59:06,31.301971999999999,121.50029499999999
78,4,1,18:59:07,31.301971999999999,121.50029499999999
78,4,1,18:59:09,31.301971999999999,121.50029499999999
78,4,1,18:59:19,31.299989149305556,121.50473632812501
208,4,1,19:05:45,31.298237,121.50425
160,4,1,19:09:37,31.297270000000001,121.499976
156,4,1,19:13:58,31.298364257812501,121.50458957248264
156,4,1,19:14:01,31.300346999999999,121.500148
156,4,1,19:14:18,31.300346999999999,121.500148
156,4,1,19:14:22,31.300346999999999,121.500148
156,4,1,19:15:35,31.300346999999999,121.500148
427,4,1,19:45:53,31.298386230468751,121.50153781467014
427,4,1,19:45:54,31.300325999999998,121.497078
168,4,1,19:49:46,31.294803619384769,121.5042724609375
168,4,1,19:49:48,31.296728134155273,121.49987030029295
168,4,1,19:49:54,31.296728134155273,121.49987030029295
168,4,1,19:49:55,31.296728134155273,121.49987030029295
391,4,1,19:59:16,31.297298719618055,121.5056277126736
391,4,1,19:59:17,31.299285000000001,121.50118999999999
391,4,1,19:59:19,31.299285000000001,121.50118999999999
450,4,1,20:05:53,31.189957139756945,121.59665310329861
450,4,1,20:06:28,31.189937065972224,121.59670301649304
450,4,1,20:06:29,31.192328,121.59266100000001
450,4,1,20:06:47,31.192328,121.59266100000001
450,4,1,20:06:54,31.192328,121.59266100000001
63,4,1,20:22:06,31.331113815307617,121.49624633789062
63,4,1,20:22:07,31.333038330078125,121.49191284179688
328,4,1,20:27:07,31.295134999999998,121.50406
328,4,1,20:27:48,31.297170000000001,121.49954
430,4,1,20:53:32,31.191600799560547,121.59712982177734
430,4,1,20:53:34,31.191600799560547,121.59712982177734
375,4,1,21:27:37,31.1902880859375,121.5920076497396
63,4,1,21:46:36,31.331130981445312,121.49617004394533
307,4,1,21:55:35,31.297910690307617,121.5048370361328
307,4,1,21:55:50,31.299898147583008,121.50032806396484
140,4,1,22:46:45,31.19022,121.593914
140,4,1,22:46:46,31.192433000000001,121.589708
140,4,1,22:47:35,31.192433000000001,121.589708
136,4,1,23:07:27,31.297847000000001,121.505509
337,4,1,23:09:54,31.290744781494141,121.49980926513672
315,4,1,23:17:44,31.291461000000002,121.50017800000001
315,4,1,23:17:46,31.293454000000001,121.495721
315,4,1,23:17:49,31.293454000000001,121.495721
315,4,1,23:17:52,31.293454000000001,121.495721
315,4,1,23:17:54,31.293454000000001,121.495721
315,4,1,23:17:58,31.293454000000001,121.495721
315,4,1,23:18:00,31.293454000000001,121.495721
171,4,1,23:31:11,31.190466037326388,121.59407741970486
171,4,1,23:31:24,31.190466037326388,121.59407741970486
171,4,1,23:31:25,31.192678999999998,121.589871
386,4,1,23:32:58,31.193958282470703,121.58953857421876
386,4,1,23:32:59,31.1939697265625,121.58954620361328
386,4,1,23:33:00,31.1939697265625,121.58954620361328
386,4,1,23:33:01,31.1939697265625,121.58954620361328
386,4,1,23:33:02,31.1939697265625,121.58954620361328
386,4,1,23:33:02,31.1939697265625,121.58954620361328
282,4,1,23:48:26,31.190480143229166,121.59392144097222
435,5,2,00:03:53,30.813486000000001,121.45003199999999
63,5,2,00:03:54,31.33112907409668,121.49623107910156
341,5,2,00:05:37,31.301306,121.50628
13,5,2,00:08:35,31.195080000000001,121.4496
403,5,2,00:13:14,31.177336,121.59806
7,5,2,00:13:39,31.190132141113281,121.59185791015624
7,5,2,00:13:53,31.192338943481445,121.58765411376952
15,5,2,00:18:57,31.195335015190977,121.5960476345486
3,5,2,00:42:00,31.190208435058594,121.59213256835938
352,5,2,01:02:41,31.300919325086809,121.50648003472222
352,5,2,01:02:42,31.300919325086809,121.50648003472222
352,5,2,01:02:57,31.300919325086809,121.50648003472222
253,5,2,08:10:02,31.301850000000002,121.4915
87,5,2,08:43:49,31.299016952514648,121.50128936767578
87,5,2,08:43:55,31.299142837524418,121.50138092041016
375,5,2,08:45:03,31.18952175564236,121.5912863498264
388,5,2,08:46:13,31.295742034912109,121.50440216064452
388,5,2,08:46:16,31.297868728637695,121.49996948242188
354,5,2,08:48:31,31.190387999999999,121.593993
418,5,2,08:52:31,31.300554199218752,121.49718532986113
111,5,2,08:54:33,31.191465657552083,121.59877631293402
443,5,2,08:59:39,31.291037055121528,121.49933512369792
171,5,2,09:01:20,31.190466037326388,121.59407741970486
171,5,2,09:01:26,31.190466037326388,121.59407741970486
36,5,2,09:21:08,31.298357009887695,121.50865173339844
446,5,2,09:22:42,31.240116119384769,121.56169128417967
287,5,2,09:23:45,31.336558,121.49399200000001
220,5,2,09:30:03,31.19021,121.59390999999999
220,5,2,09:30:05,31.192955000000001,121.59
220,5,2,09:33:34,31.192955000000001,121.59
160,5,2,09:39:15,31.300283,121.496889
160,5,2,09:39:16,31.300283,121.496889
158,5,2,09:49:41,31.190763,121.599329
30,5,2,09:54:22,31.295388726128472,121.5000417751736
30,5,2,09:54:22,31.297359,121.49558399999999
55,5,2,09:54:40,31.191470269097223,121.59937391493057
55,5,2,09:55:04,31.191512315538191,121.59937310112848
55,5,2,09:55:06,31.193726000000002,121.595169
147,5,2,09:55:28,31.298326280381943,121.50145290798611
375,5,2,10:08:49,31.191139322916666,121.59805148654516
52,5,2,10:10:51,31.191198348999023,121.59831237792967
446,5,2,10:12:43,31.299703598022461,121.5046844482422
446,5,2,10:12:45,31.299703598022461,121.5046844482422
380,5,2,10:19:32,31.194407280815973,121.44715738932292
380,5,2,10:20:04,31.194407280815973,121.44715738932292
158,5,2,10:28:15,31.192976999999999,121.595125
158,5,2,10:28:17,31.192976999999999,121.595125
158,5,2,10:28:18,31.192976999999999,121.595125
158,5,2,10:28:19,31.192976999999999,121.595125
158,5,2,10:28:22,31.192976999999999,121.595125
158,5,2,10:28:24,31.192976999999999,121.595125
158,5,2,10:28:26,31.192976999999999,121.595125
158,5,2,10:28:28,31.192976999999999,121.595125
158,5,2,10:28:29,31.192976999999999,121.595125
345,5,2,10:28:50,31.19513400607639,121.44855034722222
158,5,2,10:29:10,31.190763,121.599329
63,5,2,11:06:03,31.336648941040039,121.50411987304688
63,5,2,11:06:45,31.33881950378418,121.49976348876952
63,5,2,11:07:04,31.338754653930664,121.49977111816406
63,5,2,11:07:58,31.336824417114254,121.50416564941406
63,5,2,11:08:11,31.338788986206055,121.49971771240234
63,5,2,11:09:51,31.336790084838867,121.50420379638672
63,5,2,11:10:10,31.338718414306641,121.49974822998048
166,5,2,11:16:50,31.298726128472222,121.50165228949652
63,5,2,11:24:06,31.336894989013672,121.5042724609375
63,5,2,11:24:10,31.336887359619141,121.50421905517578
160,5,2,11:31:16,31.300315000000001,121.49706
327,5,2,11:38:22,31.296537399291992,121.4999542236328
327,5,2,11:38:25,31.296844482421875,121.50014495849609
327,5,2,11:38:37,31.296844482421875,121.50014495849609
327,5,2,11:38:40,31.296844482421875,121.50014495849609
327,5,2,11:38:53,31.296844482421875,121.50014495849609
327,5,2,11:38:59,31.296844482421875,121.50014495849609
327,5,2,11:39:02,31.296844482421875,121.50014495849609
11,5,2,11:51:42,31.19172477722168,121.59304046630859
144,5,2,11:53:16,31.300739288330082,121.50843811035156
278,5,2,11:54:22,31.300699234008789,121.50650024414062
63,5,2,12:05:39,31.33568000793457,121.50133514404295
63,5,2,12:05:42,31.337472915649418,121.49685668945312
63,5,2,12:05:42,31.337625503540039,121.49684143066406
63,5,2,12:05:43,31.337516784667969,121.49658203125
404,5,2,12:57:55,31.298038482666016,121.50428009033205
460,5,2,13:02:23,31.299721999999999,121.50435
460,5,2,13:02:27,31.301704000000001,121.49990699999999
63,5,2,13:06:24,31.336332321166992,121.50524139404295
78,5,2,13:24:02,31.299638671875002,121.50489067925348
78,5,2,13:24:18,31.299638671875002,121.50489067925348
78,5,2,13:24:21,31.301621999999998,121.50045
159,5,2,14:06:47,31.191678602430557,121.59900119357638
159,5,2,14:06:50,31.193892000000002,121.594797
421,5,2,14:33:25,31.281604766845703,121.48251342773438
421,5,2,14:33:26,31.283527374267575,121.47799682617188
63,5,2,15:23:52,31.336141586303711,121.50510406494141
78,5,2,15:33:50,31.298474392361111,121.50621880425348
78,5,2,15:33:52,31.300462,121.501783
391,5,2,15:38:15,31.190923394097226,121.59829915364584
105,5,2,15:40:08,31.189706802368164,121.59680938720705
105,5,2,15:40:08,31.191917419433594,121.59260559082033
310,5,2,15:46:56,31.295333862304688,121.50442504882812
310,5,2,15:47:11,31.297298431396484,121.49991607666016
63,5,2,15:48:47,31.336286544799805,121.50518035888672
45,5,2,16:15:00,31.298105239868164,121.50444793701172
43,5,2,16:15:18,31.189560818142361,121.59723090277778
102,5,2,16:15:38,31.298051834106445,121.50428009033205
190,5,2,16:15:38,31.195571999999999,121.44968
246,5,2,16:15:39,31.296966552734375,121.50261688232422
190,5,2,16:15:43,31.197455999999999,121.44507
323,5,2,16:15:45,31.298311360677083,121.5018115234375
190,5,2,16:15:52,31.197455999999999,121.44507
44,5,2,16:16:07,31.30012,121.50433
265,5,2,16:16:24,31.303115844726559,121.4939422607422
302,5,2,16:16:28,31.298115505642361,121.5044140625
323,5,2,16:17:26,31.300286,121.49736
86,5,2,16:17:31,31.297677680121527,121.50394070095486
302,5,2,16:17:33,31.298270399305551,121.5044140625
86,5,2,16:17:33,31.299658999999998,121.49949700000001
302,5,2,16:17:34,31.300253000000001,121.499972
302,5,2,16:17:37,31.300253000000001,121.499972
383,5,2,16:17:41,31.195301920572916,121.44926676432291
302,5,2,16:17:44,31.300253000000001,121.499972
190,5,2,16:17:45,31.197455999999999,121.44507
255,5,2,16:17:56,31.29976318359375,121.50438639322915
237,5,2,16:18:02,31.19208957248264,121.59951199001736
278,5,2,16:18:10,31.2947998046875,121.50457000732422
297,5,2,16:18:11,31.295019,121.497387
383,5,2,16:18:16,31.194814724392359,121.4495960828993
225,5,2,16:18:22,31.196994781494141,121.4818115234375
221,5,2,16:18:22,31.298696517944336,121.50129699707033
327,5,2,16:18:26,31.295795440673828,121.50498962402344
188,5,2,16:18:40,31.295286178588867,121.50447845458984
33,5,2,16:18:40,31.302900999999999,121.503782
188,5,2,16:18:42,31.297266006469727,121.50003814697266
33,5,2,16:18:43,31.302900999999999,121.503782
33,5,2,16:18:51,31.302900999999999,121.503782
205,5,2,16:19:10,31.304618000000001,121.508309
324,5,2,16:19:13,31.294539,121.496559
324,5,2,16:19:15,31.294539,121.496559
44,5,2,16:19:15,31.299956999999999,121.50436999999999
110,5,2,16:19:21,31.195447319878472,121.44958224826389
21,5,2,16:19:25,31.295832519531249,121.50441487630208
21,5,2,16:19:27,31.297816000000001,121.499973
225,5,2,16:19:37,31.198951721191406,121.47730255126952
225,5,2,16:19:37,31.198951721191406,121.47730255126952
225,5,2,16:19:40,31.198951721191406,121.47730255126952
225,5,2,16:19:42,31.198951721191406,121.47730255126952
225,5,2,16:19:45,31.198951721191406,121.47730255126952
225,5,2,16:19:47,31.198951721191406,121.47730255126952
225,5,2,16:19:48,31.198951721191406,121.47730255126952
63,5,2,16:19:50,31.336267471313477,121.50519561767578
319,5,2,16:20:09,31.302051544189453,121.49677276611328
184,5,2,16:20:21,31.290469021267363,121.50121527777776
184,5,2,16:20:23,31.290469021267363,121.50121527777776
184,5,2,16:20:26,31.292456000000001,121.496775
319,5,2,16:20:51,31.302129745483398,121.49683380126952
411,5,2,16:21:36,31.191074371337891,121.59841156005859
280,5,2,16:22:08,31.18927001953125,121.59722137451172
81,5,2,16:22:19,31.198272705078125,121.44414520263672
81,5,2,16:22:34,31.198274612426761,121.44414520263672
81,5,2,16:22:36,31.198305130004883,121.44419097900391
81,5,2,16:22:44,31.198305130004883,121.44419097900391
81,5,2,16:22:46,31.198305130004883,121.44419097900391
81,5,2,16:22:52,31.198305130004883,121.44419097900391
81,5,2,16:23:12,31.198305130004883,121.44419097900391
81,5,2,16:23:15,31.198305130004883,121.44419097900391
81,5,2,16:23:22,31.198305130004883,121.44419097900391
63,5,2,16:23:56,31.3363037109375,121.50505828857422
451,5,2,16:24:05,31.299153917100693,121.50474229600694
203,5,2,16:24:40,31.301313400268555,121.50061798095705
70,5,2,16:24:56,31.302023999999999,121.500029
59,5,2,16:25:03,31.193829999999998,121.5928
36,5,2,16:26:22,31.294694900512695,121.50413513183594
228,5,2,16:26:48,31.262250976562498,121.53712456597222
247,5,2,16:26:53,31.297582194010417,121.50485948350696
112,5,2,16:26:56,31.291946411132812,121.50244140625
72,5,2,16:27:06,31.297816000000001,121.504571
203,5,2,16:27:23,31.29973030090332,121.50450897216795
344,5,2,16:27:36,31.29548312717014,121.50453857421876
303,5,2,16:28:02,31.299886703491211,121.50100708007812
303,5,2,16:28:02,31.299909591674805,121.50106048583984
303,5,2,16:28:05,31.299909591674805,121.50106048583984
303,5,2,16:28:06,31.299909591674805,121.50106048583984
36,5,2,16:28:14,31.294698715209961,121.50418853759766
36,5,2,16:28:29,31.294832229614254,121.50431060791016
120,5,2,16:28:35,31.195384979248047,121.44995880126952
120,5,2,16:28:37,31.197265625,121.4453582763672
344,5,2,16:28:38,31.29548312717014,121.50453857421876
391,5,2,16:29:00,31.190923394097226,121.59829915364584
292,5,2,16:29:02,31.281953811645508,121.52388763427734
292,5,2,16:29:04,31.285245895385746,121.51886749267578
292,5,2,16:29:39,31.285245895385746,121.51886749267578
247,5,2,16:30:15,31.299523000000001,121.500333
112,5,2,16:30:51,31.292873382568359,121.49746704101562
112,5,2,16:31:07,31.292873382568359,121.49746704101562
112,5,2,16:31:14,31.292873382568359,121.49746704101562
247,5,2,16:31:31,31.297565104166665,121.50483479817709
406,5,2,16:31:43,31.195583343505859,121.44957733154295
265,5,2,16:31:53,31.303201675415039,121.49393463134766
219,5,2,16:32:00,31.191711000000002,121.59683
247,5,2,16:32:01,31.299543,121.500377
202,5,2,16:32:31,31.191474338107639,121.59937201605902
408,5,2,16:34:01,31.296831000000001,121.50005400000001
101,5,2,16:35:01,31.175678253173828,121.59819793701172
91,5,2,16:35:08,31.190208435058594,121.59182739257812
238,5,2,16:35:24,31.192386627197266,121.58757781982422
238,5,2,16:35:28,31.192386627197266,121.58757781982422
238,5,2,16:35:57,31.192386627197266,121.58757781982422
238,5,2,16:36:07,31.192386627197266,121.58757781982422
91,5,2,16:36:10,31.190256118774418,121.59183502197266
91,5,2,16:36:11,31.192466735839844,121.58762359619141
238,5,2,16:36:13,31.192386627197266,121.58757781982422
238,5,2,16:36:16,31.192386627197266,121.58757781982422
238,5,2,16:36:24,31.192386627197266,121.58757781982422
251,5,2,16:37:15,31.295961380004883,121.50495910644533
251,5,2,16:37:19,31.297958374023441,121.50046539306641
238,5,2,16:37:43,31.192386627197266,121.58757781982422
434,5,2,16:37:45,31.289950358072922,121.50105387369793
123,5,2,16:38:38,31.298327094184028,121.50456190321179
123,5,2,16:38:41,31.30031,121.50012
344,5,2,16:39:41,31.29548312717014,121.50453857421876
344,5,2,16:39:44,31.297467000000001,121.500097
392,5,2,16:39:47,31.295393066406248,121.50386610243056
392,5,2,16:39:50,31.297374999999999,121.499422
392,5,2,16:40:11,31.297374999999999,121.499422
392,5,2,16:40:15,31.297384000000001,121.49941200000001
287,5,2,16:41:01,31.335978732638889,121.50503634982638
287,5,2,16:41:06,31.337948999999998,121.50059299999999
287,5,2,16:41:08,31.337948999999998,121.50059299999999
216,5,2,16:41:24,31.196023941040039,121.44956207275391
216,5,2,16:42:09,31.197935104370117,121.44495391845705
216,5,2,16:42:10,31.19793701171875,121.44495391845705
216,5,2,16:42:32,31.196073532104492,121.44954681396484
216,5,2,16:42:33,31.197954177856445,121.44493865966795
376,5,2,16:43:20,31.195930000000001,121.4477
338,5,2,16:44:25,31.196657443576388,121.45023980034722
412,5,2,16:44:43,31.297022840711804,121.50546332465278
412,5,2,16:44:47,31.299009000000002,121.501025
412,5,2,16:44:58,31.299009000000002,121.501025
412,5,2,16:45:02,31.299009000000002,121.501025
354,5,2,16:45:03,31.190483,121.594033
63,5,2,16:46:13,31.336254119873047,121.50508880615234
350,5,2,16:46:33,31.197282000000001,121.445031
1,5,2,16:47:16,31.302800999999999,121.498482
1,5,2,16:47:20,31.302800999999999,121.498482
350,5,2,16:49:29,31.197714999999999,121.44490399999999
7,5,2,16:52:02,31.298183441162109,121.50440979003906
7,5,2,16:52:14,31.298200607299805,121.50440979003906
7,5,2,16:52:16,31.300180435180664,121.49996948242188
214,5,2,16:53:02,31.232199999999999,121.51560000000001
214,5,2,16:53:05,31.234639999999999,121.5117
78,5,2,16:53:24,31.298690863715279,121.50838406032986
78,5,2,16:53:26,31.298690863715279,121.50838406032986
216,5,2,16:54:15,31.196056365966797,121.44956207275391
410,5,2,16:54:42,31.302958,121.503856
5,5,2,16:54:56,31.298690000000001,121.50109999999999
78,5,2,16:55:07,31.298690863715279,121.50838406032986
247,5,2,16:55:09,31.297597113715277,121.50486138237848
247,5,2,16:55:12,31.299581,121.500421
5,5,2,16:55:28,31.298870000000001,121.5013
247,5,2,16:55:53,31.297597113715277,121.50486138237848
63,5,2,16:56:04,31.336257934570312,121.50514984130859
409,5,2,16:56:24,31.293054999999999,121.50184
63,5,2,16:56:31,31.338232040405273,121.50072479248048
63,5,2,16:56:34,31.336282730102539,121.50518798828124
247,5,2,16:56:40,31.297562120225695,121.50483479817709
63,5,2,16:56:44,31.336282730102539,121.50519561767578
63,5,2,16:56:51,31.338253021240231,121.50072479248048
78,5,2,16:57:00,31.298690863715279,121.50838406032986
202,5,2,16:57:05,31.191529676649303,121.59936984592014
63,5,2,16:58:06,31.336277008056641,121.50516510009766
409,5,2,16:58:18,31.295120000000001,121.49739
63,5,2,16:58:24,31.338247299194336,121.50070953369141
63,5,2,16:59:17,31.336280822753903,121.50514984130859
37,5,2,16:59:25,31.293882369995117,121.49795532226562
37,5,2,16:59:30,31.293878555297852,121.49795532226562
37,5,2,16:59:33,31.293878555297852,121.49795532226562
37,5,2,16:59:36,31.293878555297852,121.49795532226562
63,5,2,16:59:51,31.336275100708008,121.5051727294922
465,5,2,17:00:40,31.300238,121.50568
201,5,2,17:00:44,31.301760000000002,121.500015
7,5,2,17:01:06,31.300189971923828,121.49983215332033
7,5,2,17:01:08,31.300186157226559,121.49985504150391
7,5,2,17:01:55,31.298208236694336,121.50429534912109
56,5,2,17:03:15,31.291338433159723,121.5001730685764
259,5,2,17:03:30,31.301305067274303,121.50627902560764
259,5,2,17:03:33,31.303291999999999,121.50184299999999
259,5,2,17:03:43,31.301305067274303,121.50627902560764
259,5,2,17:03:45,31.303291999999999,121.50184299999999
63,5,2,17:03:54,31.336254119873047,121.50508880615234
259,5,2,17:03:57,31.303291999999999,121.50184299999999
63,5,2,17:04:08,31.338237762451172,121.500732421875
56,5,2,17:04:26,31.293310999999999,121.495716
179,5,2,17:09:11,31.293838500976559,121.50377655029295
266,5,2,17:17:10,31.191370442708333,121.5998757595486
266,5,2,17:17:13,31.191370442708333,121.5998757595486
266,5,2,17:17:48,31.193584000000001,121.59567199999999
47,5,2,17:17:57,31.299153917100693,121.50474229600694
266,5,2,17:17:58,31.190923394097226,121.59829915364584
266,5,2,17:18:25,31.193137,121.594095
430,5,2,17:20:58,31.19312858581543,121.59300231933594
430,5,2,17:21:00,31.190919876098633,121.59720611572266
430,5,2,17:21:01,31.19312858581543,121.59300231933594
63,5,2,17:21:20,31.336254119873047,121.50508880615234
220,5,2,17:21:32,31.191517000000001,121.59918999999999
398,5,2,17:22:38,31.236308999999999,121.46850000000001
388,5,2,17:26:54,31.30280876159668,121.50551605224609
410,5,2,17:27:26,31.298450249565978,121.50915391710068
410,5,2,17:27:42,31.300446999999998,121.504729
205,5,2,17:29:58,31.299449869791665,121.5048130967882
205,5,2,17:30:06,31.299623752170135,121.50486382378472
205,5,2,17:30:08,31.301607000000001,121.500423
205,5,2,17:30:13,31.301607000000001,121.500423
220,5,2,17:37:35,31.191513,121.59918999999999
417,5,2,17:41:24,31.300138473510746,121.50716400146484
220,5,2,17:41:52,31.191507000000001,121.59918
220,5,2,17:42:09,31.191517000000001,121.599174
220,5,2,17:42:13,31.193726999999999,121.59493000000001
220,5,2,17:42:13,31.193726999999999,121.59493000000001
12,5,2,17:44:19,31.192525,121.587822
315,5,2,17:52:03,31.293437000000001,121.49575
315,5,2,17:52:36,31.293423000000001,121.49578099999999
315,5,2,17:52:39,31.291457999999999,121.50019500000001
19,5,2,17:52:47,31.195728352864585,121.45064968532986
315,5,2,17:53:42,31.293434999999999,121.495743
315,5,2,17:54:28,31.293427999999999,121.495758
19,5,2,17:55:36,31.197583999999999,121.446223
315,5,2,18:00:11,31.293434999999999,121.495758
410,5,2,18:08:34,31.215932617187502,121.47472927517362
74,5,2,18:20:27,31.292308807373047,121.50666809082033
63,5,2,18:27:03,31.335966110229492,121.50363922119141
63,5,2,18:27:04,31.337928771972656,121.49919128417967
229,5,2,18:43:34,31.297702789306641,121.5045166015625
229,5,2,18:43:35,31.299684524536133,121.50007629394533
229,5,2,18:43:35,31.297704696655273,121.5045166015625
229,5,2,18:43:52,31.299686431884769,121.50007629394533
299,5,2,18:44:16,31.299669999999999,121.504406
220,5,2,18:56:25,32.409222999999997,119.421015
220,5,2,19:07:53,31.191727,121.59688
220,5,2,19:07:55,31.193923999999999,121.59263
220,5,2,19:09:18,31.193923999999999,121.59263
63,5,2,19:11:40,31.331090927124023,121.49626159667967
105,5,2,19:17:49,31.190889358520508,121.59835815429688
105,5,2,19:17:50,31.19310188293457,121.59415435791016
105,5,2,19:18:01,31.190898895263672,121.59835815429688
182,5,2,19:32:54,31.190287814670139,121.59220757378472
58,5,2,20:03:49,31.195480346679688,121.44927978515624
255,5,2,20:12:28,31.302258999999999,121.503687
220,5,2,20:40:55,31.19171,121.59684
220,5,2,20:40:56,31.193923999999999,121.59263
220,5,2,20:40:57,31.193926000000001,121.59262
220,5,2,20:41:32,31.193926000000001,121.59262
78,5,2,21:06:38,0,0
78,5,2,21:07:46,31.300433999999999,121.501746
78,5,2,21:08:03,31.298446180555555,121.50618191189236
236,5,2,21:25:15,31.190092086791992,121.59181976318359
410,5,2,21:27:31,31.301344129774307,121.50725830078125
410,5,2,21:27:33,31.303428,121.505917
410,5,2,21:28:12,31.303428,121.505917
410,5,2,21:28:16,31.303428,121.505917
410,5,2,21:28:31,31.303428,121.505917
410,5,2,21:28:44,31.303428,121.505917
410,5,2,21:28:57,31.303428,121.505917
410,5,2,21:30:44,31.303428,121.505917
410,5,2,21:30:46,31.303428,121.505917
410,5,2,21:30:50,31.303428,121.505917
446,5,2,21:37:44,31.190902709960938,121.59745025634766
446,5,2,21:37:48,31.193113327026367,121.59324645996094
446,5,2,21:45:25,31.190895080566406,121.597412109375
446,5,2,21:45:27,31.193119049072266,121.5932159423828
220,5,2,21:47:16,31.191711000000002,121.59683
341,5,2,22:12:02,31.299645999999999,121.49932
289,5,2,22:40:22,31.19183,121.593568
252,5,2,22:41:25,31.198858261108398,121.45033264160156
252,5,2,22:41:40,31.198858261108398,121.45033264160156
261,5,2,23:02:40,31.291622,121.500015
261,5,2,23:02:44,31.293607999999999,121.49557
46,5,2,23:16:42,31.196960000000001,121.44464499999999
255,5,2,23:32:03,31.302081999999999,121.504036
255,5,2,23:32:09,31.302081999999999,121.504036
9,5,2,23:37:11,31.194130999999999,121.594514
171,6,3,00:01:23,31.19046712239583,121.59400933159722
171,6,3,00:01:44,31.192679999999999,121.589803
171,6,3,00:01:46,31.19046712239583,121.59400933159722
171,6,3,00:01:48,31.192679999999999,121.589803
241,6,3,00:04:55,31.30041965060764,121.49629475911458
52,6,3,00:06:53,31.190181732177734,121.59176635742188
52,6,3,00:06:54,31.190189361572266,121.59174346923828
137,6,3,00:07:32,31.291184999999999,121.498324
15,6,3,00:07:56,31.195823296440977,121.59534206814236
77,6,3,00:08:24,31.29730224609375,121.50604139539932
184,6,3,00:08:25,31.290381944444444,121.50121527777776
147,6,3,00:09:25,31.292830403645834,121.5020591905382
147,6,3,00:09:42,31.292830403645834,121.5020591905382
90,6,3,00:09:52,31.292558865017359,121.50030056423611
3,6,3,00:10:25,31.192293167114254,121.58781433105467
346,6,3,00:11:04,31.300983072916665,121.51023247612848
346,6,3,00:11:08,31.300983072916665,121.51023247612848
415,6,3,00:12:49,31.191727973090277,121.59387776692708
415,6,3,00:12:50,31.193940000000001,121.589671
277,6,3,00:14:27,31.293315,121.49690200000001
225,6,3,00:14:33,31.302951812744141,121.50526428222656
413,6,3,00:14:41,31.195761718749999,121.45052490234374
225,6,3,00:14:43,31.30103874206543,121.50965118408205
327,6,3,00:18:56,31.299911499023441,121.50037384033205
51,6,3,00:23:53,31.195014953613281,121.58672332763672
311,6,3,00:25:48,31.195589065551761,121.44947814941406
408,6,3,00:30:11,31.190314127604168,121.5939124891493
410,6,3,00:31:50,31.302949000000002,121.50385
97,6,3,00:41:28,31.336423873901367,121.49474334716795
97,6,3,00:41:32,31.336427688598633,121.49474334716795
148,6,3,00:47:08,31.297115325927734,121.50927734375
36,6,3,00:48:16,31.300788879394531,121.50777435302734
36,6,3,00:48:35,31.300758361816406,121.50772857666016
390,6,3,00:50:33,31.111467361450195,121.59303283691406
390,6,3,00:50:35,31.113735198974609,121.58888244628906
390,6,3,00:50:39,31.113735198974609,121.58888244628906
179,6,3,01:06:38,31.190164566040039,121.59192657470705
217,6,3,01:24:12,31.291740999999998,121.496898
238,6,3,03:05:38,31.190191268920898,121.59177398681641
196,6,3,05:13:12,31.195651041666668,121.45034857855904
125,6,3,06:22:00,31.291512858072917,121.49939181857638
425,6,3,06:33:21,31.302406000000001,121.495605
135,6,3,06:40:14,31.290018717447921,121.50126302083332
135,6,3,06:40:23,31.291995,121.49681
135,6,3,06:40:25,31.291995,121.49681
135,6,3,06:40:35,31.291995,121.49681
135,6,3,06:40:38,31.291995,121.49681
358,6,3,06:41:24,31.291662326388888,121.4999986436632
135,6,3,06:42:22,31.291995,121.49681
331,6,3,06:50:03,31.290651321411133,121.5014190673828
86,6,3,07:03:54,31.291738009982637,121.50006537543403
244,6,3,07:07:17,31.19131103515625,121.5932470703125
289,6,3,07:14:51,31.193888000000001,121.589427
289,6,3,07:14:52,31.193888000000001,121.589427
289,6,3,07:14:54,31.193888000000001,121.589427
289,6,3,07:14:56,31.193888000000001,121.589427
289,6,3,07:15:01,31.193888000000001,121.589427
289,6,3,07:15:04,31.193888000000001,121.589427
289,6,3,07:15:06,31.193888000000001,121.589427
225,6,3,07:17:11,31.301219940185547,121.50971221923828
425,6,3,07:23:52,31.295390000000001,121.500046
425,6,3,07:23:55,31.297360000000001,121.49558
425,6,3,07:24:02,31.297360000000001,121.49558
425,6,3,07:25:28,31.297360000000001,121.49558
350,6,3,07:28:42,31.196929999999998,121.444487
350,6,3,07:28:45,31.196929999999998,121.444487
229,6,3,07:55:00,31.300010681152344,121.49967193603516
229,6,3,07:55:08,31.298049926757812,121.50409698486328
229,6,3,07:55:56,31.298019409179688,121.50407409667967
229,6,3,07:56:26,31.299983978271484,121.49965667724609
229,6,3,07:57:01,31.300006866455082,121.4996337890625
311,6,3,08:23:42,31.195371627807617,121.44841766357422
3,6,3,08:33:51,31.191965103149418,121.58734130859376
121,6,3,08:35:22,31.053260904947916,121.19028917100694
292,6,3,08:35:35,31.193115234375,121.59415435791016
292,6,3,08:35:37,31.193115234375,121.59416198730467
292,6,3,08:36:00,31.190868377685547,121.59838104248048
325,6,3,08:37:08,31.025839999999999,121.43680000000001
158,6,3,08:40:53,31.190387999999999,121.598353
101,6,3,08:44:59,31.17811393737793,121.59384918212891
146,6,3,09:00:23,31.197418212890625,121.45222473144533
146,6,3,09:00:24,31.199184417724609,121.44729614257812
146,6,3,09:00:25,31.199184417724609,121.44729614257812
146,6,3,09:00:27,31.199184417724609,121.44729614257812
146,6,3,09:00:36,31.199184417724609,121.44729614257812
314,6,3,09:03:51,31.195714950561523,121.44945526123048
314,6,3,09:03:53,31.197624206542969,121.44483947753906
314,6,3,09:04:21,31.197624206542969,121.44483947753906
314,6,3,09:04:22,31.197649002075195,121.44467926025391
284,6,3,09:05:10,31.290858289930551,121.50118326822916
268,6,3,09:06:24,31.298143988715282,121.50420003255208
268,6,3,09:06:28,31.298143988715282,121.50420003255208
268,6,3,09:06:33,31.298143988715282,121.50420003255208
268,6,3,09:06:37,31.298143988715282,121.50420003255208
268,6,3,09:06:39,31.298143988715282,121.50420003255208
268,6,3,09:07:29,31.298143988715282,121.50420003255208
307,6,3,09:08:23,31.299953460693359,121.49969482421876
258,6,3,09:10:22,31.296651000000001,121.499421
327,6,3,09:11:39,31.298879623413089,121.50116729736328
63,6,3,09:12:52,31.336563110351559,121.50437927246094
63,6,3,09:13:10,31.338531494140625,121.49992370605467
312,6,3,09:14:00,31.301672,121.499816
223,6,3,09:14:35,31.295008138020833,121.5037193467882
35,6,3,09:18:14,31.191110297309027,121.59854410807291
129,6,3,09:24:30,31.19570529513889,121.44962917751737
449,6,3,09:27:58,31.189526000000001,121.59701
367,6,3,09:28:30,31.295388726128472,121.5000417751736
395,6,3,09:28:43,31.300291000000001,121.49739599999999
395,6,3,09:28:45,31.302135,121.49300599999999
367,6,3,09:29:22,31.297359,121.49558399999999
395,6,3,09:29:27,31.300159000000001,121.497456
217,6,3,09:31:47,31.289732259114583,121.50142822265624
388,6,3,09:32:06,31.295742034912109,121.50440979003906
307,6,3,09:32:15,31.299972534179688,121.49967193603516
444,6,3,09:43:50,31.291822,121.502723
247,6,3,09:44:39,31.299775390625001,121.50435438368056
180,6,3,09:46:52,31.191711000000002,121.59393
180,6,3,09:47:05,31.191727,121.59387
229,6,3,09:47:21,31.298118591308594,121.50389099121094
229,6,3,09:47:22,31.30009651184082,121.49944305419922
229,6,3,09:47:31,31.298118591308594,121.50389099121094
229,6,3,09:47:31,31.30009651184082,121.49944305419922
229,6,3,09:47:32,31.298118591308594,121.50389099121094
229,6,3,09:47:33,31.30009651184082,121.49944305419922
247,6,3,09:47:46,31.301721000000001,121.499968
247,6,3,09:47:49,31.299691297743056,121.50435438368056
247,6,3,09:47:54,31.299691297743056,121.50435438368056
229,6,3,09:47:59,31.298049926757812,121.5040283203125
229,6,3,09:48:39,31.300033569335938,121.49958801269533
247,6,3,09:50:35,31.299691297743056,121.50435438368056
7,6,3,09:51:44,31.190299987792969,121.5919952392578
63,6,3,09:53:13,31.336538314819336,121.50436401367188
63,6,3,09:53:27,31.338525772094727,121.49974822998048
389,6,3,09:54:58,31.19507595486111,121.44912434895834
389,6,3,09:55:00,31.196960000000001,121.444518
223,6,3,09:55:11,31.296903,121.500266
223,6,3,09:55:13,31.296903,121.500266
223,6,3,09:55:25,31.296903,121.500266
223,6,3,09:55:29,31.296903,121.500266
223,6,3,10:00:27,31.295201280381946,121.5043611653646
223,6,3,10:00:43,31.295201280381946,121.5043611653646
223,6,3,10:00:45,31.297184999999999,121.49991900000001
1,6,3,10:07:42,31.301687000000001,121.500204
350,6,3,10:16:43,31.197503999999999,121.44502900000001
350,6,3,10:17:12,31.195619303385417,121.44963406032986
274,6,3,10:26:40,31.18998291015625,121.59786539713542
274,6,3,10:26:47,31.192291999999998,121.593672
63,6,3,10:42:47,31.336553573608398,121.50437927246094
63,6,3,10:43:44,31.336599349975582,121.50439453125
115,6,3,10:48:51,31.301137000000001,121.50030099999999
51,6,3,10:51:25,31.190923690795898,121.59737396240234
51,6,3,10:51:28,31.19310188293457,121.59323120117188
51,6,3,10:51:28,31.193078994750977,121.59320831298828
51,6,3,10:51:37,31.193078994750977,121.59320831298828
51,6,3,10:51:54,31.193078994750977,121.59320831298828
51,6,3,10:51:59,31.193078994750977,121.59320831298828
51,6,3,10:52:04,31.193078994750977,121.59320831298828
51,6,3,10:52:11,31.193078994750977,121.59320831298828
51,6,3,10:52:21,31.193078994750977,121.59320831298828
63,6,3,10:55:07,31.338541030883789,121.4999542236328
63,6,3,10:55:32,31.336572647094727,121.50437927246094
315,6,3,10:56:08,31.301687000000001,121.500204
315,6,3,10:56:33,31.301532000000002,121.50041400000001
315,6,3,10:56:35,31.299548999999999,121.50485500000001
112,6,3,10:59:02,31.301731109619141,121.49994659423828
315,6,3,11:00:50,31.302800999999999,121.498482
417,6,3,11:04:14,31.298315048217773,121.50625610351562
363,6,3,11:05:30,31.29982,121.5044
409,6,3,11:09:55,31.294954000000001,121.49737
39,6,3,11:10:05,31.190263943142359,121.59201171875
265,6,3,11:10:06,31.298492431640625,121.50121307373048
265,6,3,11:10:12,31.300958633422852,121.4962158203125
36,6,3,11:11:29,31.30079460144043,121.50778198242188
265,6,3,11:11:41,31.299404144287109,121.50008392333984
248,6,3,11:12:05,31.189274999999999,121.597843
18,6,3,11:28:53,31.295443250868058,121.50480577256944
18,6,3,11:28:58,31.297428,121.500365
78,6,3,11:29:05,31.244816080729169,121.4553599717882
78,6,3,11:30:33,31.244816080729169,121.4553599717882
5,6,3,11:32:23,31.296869999999998,121.5072
253,6,3,11:32:54,31.29993,121.496
253,6,3,11:33:16,31.301870000000001,121.4915
214,6,3,11:35:00,31.2348,121.51179999999999
247,6,3,11:36:24,31.296935221354168,121.50538167317708
247,6,3,11:36:26,31.298921,121.50094300000001
215,6,3,11:45:48,31.196065902709961,121.44861602783205
120,6,3,11:47:57,31.19685173034668,121.44475555419922
217,6,3,11:48:38,31.300394000000001,121.500207
171,6,3,11:51:43,31.190923394097226,121.59829915364584
159,6,3,11:54:04,31.190343695746527,121.59237738715278
159,6,3,11:54:06,31.192556,121.58817000000001
255,6,3,12:16:42,31.302099999999999,121.504105
63,6,3,12:21:03,31.329591751098633,121.50730133056641
198,6,3,12:21:18,31.298046061197915,121.50425862630208
36,6,3,12:24:34,31.302783966064453,121.50334930419922
36,6,3,12:24:36,31.30079460144043,121.50777435302734
332,6,3,12:25:34,31.297421875000001,121.50491346571179
64,6,3,12:29:47,31.190250396728516,121.59203338623048
64,6,3,12:30:34,31.190223693847656,121.5919952392578
64,6,3,12:30:36,31.19243049621582,121.58779144287109
63,6,3,13:30:19,31.338554382324219,121.49996185302734
63,6,3,13:30:21,31.336565017700195,121.50440979003906
63,6,3,13:30:30,31.336585998535156,121.50440216064452
316,6,3,13:32:03,31.191051483154297,121.59870910644533
17,6,3,13:33:01,31.229085999999999,121.545517
375,6,3,13:58:09,31.19026584201389,121.59182562934028
412,6,3,14:02:26,31.2986,121.504842
120,6,3,14:07:54,31.195247650146484,121.44869995117188
63,6,3,14:12:47,31.338571548461911,121.49994659423828
63,6,3,14:12:48,31.338571548461911,121.49994659423828
285,6,3,14:21:42,31.298734809027778,121.50165907118055
55,6,3,14:34:29,31.191429307725695,121.59941704644098
104,6,3,14:43:06,31.300419999999999,121.5013
220,6,3,14:58:32,32.409222999999997,119.421015
220,6,3,14:58:34,32.409222999999997,119.421015
406,6,3,15:33:45,31.195585250854492,121.44956970214844
261,6,3,15:37:02,31.291630000000001,121.5
7,6,3,15:53:05,31.190128326416016,121.59198760986328
446,6,3,16:08:10,31.190988540649418,121.59733581542967
446,6,3,16:08:11,31.193197250366211,121.59313201904295
446,6,3,16:09:00,31.193197250366211,121.59313201904295
7,6,3,16:16:55,31.190441131591797,121.59192657470705
7,6,3,16:17:13,31.192569732666016,121.58776092529295
7,6,3,16:17:52,31.190351486206055,121.59197998046876
392,6,3,16:20:12,31.295224609375001,121.50433810763889
247,6,3,16:24:11,31.29462131076389,121.50328097873265
434,6,3,17:23:15,31.291822102864582,121.50272271050348
63,6,3,17:25:45,31.331125259399418,121.49623107910156
63,6,3,17:26:13,31.331155776977539,121.49622344970705
19,6,3,17:33:07,31.196655002170139,121.45001546223958
19,6,3,17:33:13,31.198540000000001,121.44541099999999
19,6,3,17:33:27,31.198540000000001,121.44541099999999
19,6,3,17:33:42,31.198540000000001,121.44541099999999
168,6,3,17:35:40,31.292953491210938,121.4945068359375
380,6,3,17:36:27,31.195631239149307,121.44751274956596
380,6,3,17:36:40,31.197512,121.442903
380,6,3,17:36:48,31.197512,121.442903
380,6,3,17:36:50,31.197512,121.442903
449,6,3,17:40:03,31.189730000000001,121.595184
449,6,3,17:40:11,31.192170999999998,121.59245
206,6,3,17:42:54,31.291469997829861,121.49998372395834
450,6,3,17:57:47,31.18927463107639,121.59784342447917
395,6,3,18:49:57,31.299168000000002,121.50195100000001
395,6,3,18:50:03,31.301189999999998,121.497522
421,6,3,19:21:04,31.292865753173828,121.49530792236328
3,6,3,19:22:45,31.191753387451172,121.5871124267578
226,6,3,20:07:08,31.297795952690972,121.50556803385416
63,6,3,20:17:46,31.331146240234375,121.49617767333984
63,6,3,20:17:55,31.331119537353516,121.49620056152344
63,6,3,20:18:00,31.331134796142575,121.4962158203125
63,6,3,20:18:01,31.333078384399418,121.49176025390624
63,6,3,20:18:07,31.333078384399418,121.49176025390624
227,6,3,20:42:39,31.268207465277779,121.53114067925348
345,6,3,21:12:13,31.195455457899307,121.44960015190972
375,6,3,21:16:16,31.1902880859375,121.5920076497396
375,6,3,21:16:17,31.192499999999999,121.5878
242,6,3,21:23:04,31.292552083333337,121.50019504123264
18,6,3,21:30:05,31.299817979600693,121.50444227430556
18,6,3,21:30:07,31.3018,121.5
18,6,3,21:30:15,31.3018,121.5
406,6,3,21:34:36,31.195583343505859,121.44957733154295
171,6,3,21:48:42,31.19046712239583,121.59400933159722
179,6,3,21:57:13,31.191696166992188,121.59658813476562
406,6,3,21:59:46,31.197463989257812,121.44497680664062
407,6,3,22:03:54,31.301968315972221,121.50900390625
407,6,3,22:03:56,31.303963,121.504578
185,6,3,22:05:44,31.191057000000001,121.598726
88,6,3,22:09:17,31.192549,121.58817999999999
88,6,3,22:09:22,31.192549,121.58817999999999
88,6,3,22:09:26,31.192549,121.58817999999999
179,6,3,22:13:37,31.193845748901367,121.5925750732422
63,6,3,22:13:37,31.331155776977539,121.49622344970705
63,6,3,22:13:41,31.333097457885746,121.49175262451172
63,6,3,22:13:43,31.333097457885746,121.49175262451172
78,6,3,22:13:46,31.300415999999998,121.50168499999999
78,6,3,22:13:51,31.300415999999998,121.50168499999999
327,6,3,22:14:05,31.297954559326172,121.50444793701172
63,6,3,22:14:12,31.331155776977539,121.49622344970705
327,6,3,22:14:23,31.298097610473633,121.50440979003906
307,6,3,22:14:47,31.300167083740231,121.49999237060548
179,6,3,22:14:52,31.191545486450195,121.59681701660156
179,6,3,22:14:56,31.193754196166992,121.59260559082033
179,6,3,22:15:13,31.193754196166992,121.59260559082033
2,6,3,22:39:44,31.291460000000001,121.49991900000001
150,6,3,22:40:08,31.301824001736112,121.49844699435764
150,6,3,22:40:13,31.303787,121.493983
16,6,3,22:47:46,31.191607999999999,121.593994
16,6,3,22:47:49,31.193819999999999,121.58978
16,6,3,22:47:52,31.193819999999999,121.58978
71,6,3,22:48:48,31.195571899414062,121.44956970214844
26,6,3,22:51:36,31.190383911132812,121.59194183349609
26,6,3,22:51:48,31.190383911132812,121.59194183349609
287,6,3,22:52:08,31.334375271267358,121.4986572265625
380,6,3,22:59:11,31.195398220486112,121.44966281467012
380,6,3,22:59:13,31.197282999999999,121.445058
380,6,3,22:59:13,31.197282999999999,121.445058
380,6,3,22:59:30,31.197282999999999,121.445058
380,6,3,22:59:34,31.197282999999999,121.445058
70,6,3,23:07:27,31.293420999999999,121.495791
315,6,3,23:07:52,31.291461999999999,121.50021599999999
78,6,3,23:25:46,0,0
96,6,3,23:42:31,31.290678439670138,121.5000754123264
96,6,3,23:42:34,31.292650999999999,121.49561799999999
96,6,3,23:42:51,31.292650999999999,121.49561799999999
140,7,4,00:06:17,31.190548,121.59402799999999
118,7,4,00:24:50,31.190327,121.592
118,7,4,00:24:53,31.192537000000002,121.5878
118,7,4,00:25:02,31.192537000000002,121.5878
118,7,4,00:25:09,31.192537000000002,121.5878
118,7,4,00:25:31,31.192537000000002,121.5878
118,7,4,00:27:20,31.190297999999999,121.592094
118,7,4,00:27:51,31.192499999999999,121.58794
380,7,4,00:30:31,31.195445149739584,121.44963406032986
380,7,4,00:30:33,31.195445149739584,121.44963406032986
396,7,4,00:33:29,31.196112467447922,121.45130126953126
36,7,4,00:49:55,31.300714492797852,121.50775146484376
36,7,4,00:49:56,31.302701950073239,121.50332641601562
91,7,4,01:09:39,31.190160751342773,121.59178161621094
175,7,4,01:52:14,31.190498589409721,121.59272515190972
175,7,4,01:52:18,31.192710999999999,121.58851799999999
46,7,4,03:40:53,0,0
418,7,4,06:35:00,31.300401746961807,121.49732421874999
140,7,4,06:48:34,31.190359000000001,121.593965
63,7,4,07:03:19,31.333042144775391,121.49176788330078
299,7,4,07:05:01,31.301248000000001,121.497236
185,7,4,07:14:43,31.190470999999999,121.592662
331,7,4,07:17:19,31.292562484741211,121.49694061279295
331,7,4,07:17:20,31.292562484741211,121.49694061279295
331,7,4,07:17:24,31.292562484741211,121.49694061279295
412,7,4,07:24:12,31.294978027343749,121.50311469184028
24,7,4,07:28:24,31.290166854858398,121.50112915039062
406,7,4,08:11:41,31.197332382202148,121.44474792480467
388,7,4,08:12:08,31.302768707275391,121.5055694580078
388,7,4,08:12:18,31.302766799926761,121.50559997558594
264,7,4,08:15:08,31.298067092895508,121.50454711914062
76,7,4,08:52:19,31.298151041666667,121.50388807508681
76,7,4,08:52:21,31.300129999999999,121.499425
137,7,4,08:53:41,31.302900999999999,121.502608
34,7,4,09:09:30,31.301665039062499,121.49666666666668
34,7,4,09:09:32,31.301665039062499,121.49666666666668
34,7,4,09:09:35,31.301665039062499,121.49666666666668
34,7,4,09:09:41,31.301665039062499,121.49666666666668
34,7,4,09:09:59,31.301665039062499,121.49666666666668
34,7,4,09:10:03,31.301665039062499,121.49666666666668
34,7,4,09:10:04,31.301665039062499,121.49666666666668
34,7,4,09:10:06,31.301665039062499,121.49666666666668
34,7,4,09:10:24,31.301665039062499,121.49666666666668
99,7,4,09:11:40,31.024978637695312,121.43875885009766
34,7,4,09:11:56,31.301665039062499,121.49666666666668
418,7,4,09:18:05,31.300047471788194,121.50427598741319
248,7,4,09:29:13,31.189274999999999,121.597843
86,7,4,09:30:05,31.298124999999999,121.50420708550348
116,7,4,09:57:53,31.190919325086806,121.59189290364584
116,7,4,09:57:57,31.193131000000001,121.58768499999999
53,7,4,10:11:53,31.299261881510414,121.50109646267362
193,7,4,10:14:57,31.191697591145832,121.599833984375
193,7,4,10:14:59,31.191697591145832,121.599833984375
193,7,4,10:15:01,31.193911,121.59563
457,7,4,10:21:15,31.297765731811523,121.50392913818359
267,7,4,10:21:43,31.296119520399305,121.50283989800349
300,7,4,10:25:14,31.292928695678711,121.50240325927734
327,7,4,10:27:27,31.301828384399418,121.50011444091795
327,7,4,10:27:50,31.299814224243164,121.50439453125
3,7,4,10:27:52,31.189828872680664,121.59156036376952
245,7,4,10:29:04,31.20448112487793,121.45912933349609
245,7,4,10:29:26,31.206466674804688,121.4545440673828
427,7,4,10:31:40,31.299297688802085,121.5101784939236
450,7,4,10:36:24,31.191489000000001,121.593638
248,7,4,10:36:49,31.191195,121.59811000000001
162,7,4,10:37:46,31.293249130249023,121.50291442871094
219,7,4,10:38:27,31.19173,121.59689
78,7,4,10:41:08,31.299489474826387,121.5049791124132
78,7,4,10:41:17,31.299489474826387,121.5049791124132
78,7,4,10:41:35,31.301473000000001,121.500539
278,7,4,10:44:50,31.299617767333984,121.50538635253906
278,7,4,10:44:56,31.29975700378418,121.50521850585938
278,7,4,10:44:58,31.301738739013672,121.50078582763672
209,7,4,10:45:01,31.1910400390625,121.59773254394533
436,7,4,10:48:15,30.900527954101559,121.89129638671876
131,7,4,10:50:40,31.297971725463867,121.50411224365234
131,7,4,10:50:43,31.299972534179688,121.49968719482422
417,7,4,10:51:19,31.290674209594727,121.41519927978516
102,7,4,11:11:43,31.29170036315918,121.49991607666016
252,7,4,11:21:54,31.196548461914062,121.447998046875
148,7,4,11:22:08,31.295211791992188,121.50479125976562
7,7,4,11:39:26,31.190143585205082,121.59188842773438
7,7,4,11:39:27,31.190147399902344,121.59189605712891
7,7,4,11:39:34,31.190149307250977,121.59189605712891
7,7,4,11:40:32,31.190143585205082,121.59188842773438
57,7,4,11:43:58,31.195863723754883,121.44969940185548
101,7,4,11:44:37,31.175636291503903,121.59814453125
363,7,4,11:47:29,31.303879999999999,121.50620000000001
179,7,4,11:57:57,31.191308975219727,121.59683990478516
179,7,4,11:57:59,31.193624496459961,121.5925750732422
179,7,4,11:58:58,31.193624496459961,121.5925750732422
179,7,4,11:59:20,31.193624496459961,121.5925750732422
227,7,4,12:13:34,31.212320999999999,121.383405
227,7,4,12:13:35,31.210476345486111,121.38805121527778
227,7,4,12:13:38,31.212320999999999,121.383405
245,7,4,12:41:28,31.204479217529297,121.45912170410156
406,7,4,12:49:09,31.195587158203125,121.44957733154295
266,7,4,12:53:07,31.191586371527777,121.59987196180556
266,7,4,12:53:39,31.191586371527777,121.59987196180556
266,7,4,12:53:45,31.193809999999999,121.59567
266,7,4,12:53:51,31.193809999999999,121.59567
266,7,4,12:54:04,31.193809999999999,121.59567
266,7,4,12:54:29,31.191632486979167,121.59987087673611
327,7,4,12:59:07,31.299726486206055,121.50547790527344
467,7,4,13:04:34,31.298079999999999,121.5044
467,7,4,13:04:54,31.298169999999999,121.5044
467,7,4,13:04:56,31.300149999999999,121.4999
430,7,4,13:05:48,31.191333770751953,121.59762573242188
76,7,4,13:06:16,31.299538574218751,121.50492540147567
358,7,4,13:06:28,31.298191460503471,121.50442111545139
358,7,4,13:06:30,31.300173999999998,121.499979
289,7,4,13:09:22,31.191763999999999,121.593621
170,7,4,13:12:12,31.301677703857425,121.5003662109375
306,7,4,13:13:12,31.300121000000001,121.497444
125,7,4,13:13:13,31.298105197482641,121.5044881184896
284,7,4,13:17:17,31.292836999999999,121.49672700000001
363,7,4,13:21:50,31.29777,121.49890000000001
456,7,4,13:22:42,31.191219329833984,121.59919738769533
456,7,4,13:22:43,31.193422317504883,121.59500122070312
456,7,4,13:22:49,31.193422317504883,121.59500122070312
456,7,4,13:22:54,31.193422317504883,121.59500122070312
456,7,4,13:23:40,31.193422317504883,121.59500122070312
63,7,4,13:36:53,31.335865020751953,121.50377655029295
63,7,4,13:39:09,31.335870742797852,121.50380706787109
78,7,4,13:48:22,31.298036838107642,121.50429361979168
158,7,4,13:52:05,31.190985999999999,121.598904
158,7,4,13:52:06,31.190563000000001,121.59830599999999
158,7,4,13:52:10,31.190563000000001,121.59830599999999
158,7,4,13:52:17,31.190391999999999,121.59835200000001
345,7,4,13:58:21,31.195620117187499,121.44870795355902
204,7,4,14:07:17,31.298980712890625,121.50129699707033
204,7,4,14:07:19,31.300865173339844,121.49686431884766
91,7,4,14:15:32,31.190168380737305,121.59180450439452
185,7,4,14:28:42,31.297239000000001,121.500024
185,7,4,14:29:51,31.295248999999998,121.50434300000001
308,7,4,14:43:47,0,0
120,7,4,14:44:39,31.198354721069336,121.44693756103516
120,7,4,14:44:42,31.198326110839844,121.44693756103516
120,7,4,14:44:43,31.198326110839844,121.44693756103516
100,7,4,14:45:33,31.299478352864583,121.50993326822916
100,7,4,14:45:36,31.301476999999998,121.505511
118,7,4,14:47:21,31.19341,121.589455
371,7,4,14:47:48,31.195219039916992,121.44968414306641
371,7,4,14:47:51,31.197118759155273,121.44508361816406
371,7,4,14:47:56,31.197118759155273,121.44508361816406
371,7,4,14:48:03,31.197118759155273,121.44508361816406
371,7,4,14:48:07,31.197118759155273,121.44508361816406
371,7,4,14:48:11,31.197118759155273,121.44508361816406
214,7,4,14:48:17,0,0
118,7,4,14:48:33,31.19341,121.589455
231,7,4,14:48:42,31.302555000000002,121.49695
231,7,4,14:48:45,31.304514000000001,121.49248
435,7,4,14:56:28,31.190911,121.598292
424,7,4,15:19:28,31.2924462890625,121.50045789930556
465,7,4,15:26:10,31.300663,121.50633000000001
465,7,4,15:26:12,31.30265,121.50190000000001
465,7,4,15:26:17,31.30265,121.50190000000001
465,7,4,15:26:44,31.300663,121.50633000000001
63,7,4,15:35:14,31.331134796142575,121.49624633789062
147,7,4,15:35:17,31.298346082899304,121.50153076171875
63,7,4,15:35:19,31.333049774169918,121.49178314208984
331,7,4,15:39:48,31.299449920654297,121.50244140625
331,7,4,15:40:03,31.301380157470703,121.49807739257812
331,7,4,15:40:05,31.301395416259769,121.49806213378906
331,7,4,15:40:10,31.301395416259769,121.49806213378906
331,7,4,15:40:15,31.301395416259769,121.49806213378906
307,7,4,15:56:58,31.299951553344727,121.49965667724609
307,7,4,15:56:58,31.297983169555664,121.50408172607422
96,7,4,15:58:52,31.191151000000001,121.593335
36,7,4,16:11:56,31.295328140258789,121.50440216064452
237,7,4,16:13:52,31.194299999999998,121.59531800000001
49,7,4,17:01:28,31.190708160400391,121.59395599365234
49,7,4,17:02:03,31.190715789794918,121.59397125244141
160,7,4,17:06:36,31.295318999999999,121.497499
446,7,4,17:14:14,31.190916061401367,121.5975341796875
446,7,4,17:14:16,31.193124771118164,121.59333038330078
108,7,4,17:25:37,31.291619194878471,121.49994086371528
108,7,4,17:25:38,31.293590999999999,121.49548299999999
360,7,4,17:30:02,31.292052000000002,121.496619
360,7,4,17:30:15,31.292052000000002,121.496619
360,7,4,17:30:20,31.292052000000002,121.496619
360,7,4,17:32:06,31.292052000000002,121.496619
248,7,4,17:54:42,31.191044000000002,121.598811
65,7,4,18:08:04,31.301632999999999,121.505039
343,7,4,18:09:23,31.297177734375001,121.50556911892362
157,7,4,18:18:07,31.300613403320312,121.50773620605467
157,7,4,18:18:08,31.302623748779297,121.5032958984375
278,7,4,18:33:47,31.301628112792969,121.50930023193359
410,7,4,18:37:50,31.299555000000002,121.499545
147,7,4,18:38:58,31.292975802951389,121.50190483940972
193,7,4,18:47:36,31.191605360243056,121.59981689453124
433,7,4,18:58:28,31.195219039916992,121.44849395751952
356,7,4,19:18:33,31.307163899739582,121.50317464192707
356,7,4,19:18:34,31.309137,121.498728
63,7,4,19:31:57,31.331096649169918,121.49626159667967
255,7,4,19:48:47,31.300081651475693,121.50852349175348
338,7,4,19:50:20,31.19665852864583,121.45023790147567
455,7,4,19:51:01,31.195416666666667,121.44880777994793
421,7,4,20:12:11,31.290843963623047,121.49974060058594
421,7,4,20:12:24,31.290996551513672,121.49977874755859
421,7,4,20:12:28,31.292974472045898,121.49533081054688
71,7,4,20:34:34,31.195503234863281,121.44921875
446,7,4,20:38:57,31.190902709960938,121.59741973876952
185,7,4,20:40:32,31.191635000000002,121.59827300000001
71,7,4,20:40:42,31.197383880615231,121.4446258544922
185,7,4,20:41:05,31.193854000000002,121.59407400000001
185,7,4,20:41:12,31.193854000000002,121.59407400000001
185,7,4,20:41:36,31.193854000000002,121.59407400000001
185,7,4,20:42:20,31.193854000000002,121.59407400000001
185,7,4,20:42:25,31.193854000000002,121.59407400000001
406,7,4,20:59:34,31.195575714111328,121.44956970214844
229,7,4,21:31:05,31.290740966796875,121.51595306396484
229,7,4,21:31:36,31.290754318237305,121.51603698730467
237,7,4,21:33:28,31.198821885850695,121.60030327690971
237,7,4,21:33:32,31.194326,121.59387
237,7,4,21:33:41,31.194326,121.59387
237,7,4,21:33:49,31.194326,121.59387
274,7,4,21:36:11,31.192267999999999,121.593176
78,7,4,21:38:32,31.2984423828125,121.50619384765623
163,7,4,21:38:32,31.302315,121.50621
78,7,4,21:38:38,31.2984423828125,121.50619384765623
163,7,4,21:38:50,31.302315,121.50621
22,7,4,21:50:45,31.292819976806641,121.50254058837891
278,7,4,22:12:23,31.30168342590332,121.50936889648438
278,7,4,22:12:29,31.303655624389648,121.50490570068359
278,7,4,22:12:34,31.30366325378418,121.5049285888672
255,7,4,22:15:21,31.300730523003473,121.50971354166668
327,7,4,22:16:02,31.299970626831055,121.50022888183594
327,7,4,22:16:36,31.299970626831055,121.50022888183594
327,7,4,22:17:31,31.299798965454102,121.50032043457033
303,7,4,22:27:40,31.297994613647461,121.50408935546876
158,7,4,22:28:08,31.190518000000001,121.598305
158,7,4,22:28:15,31.192731999999999,121.59410099999999
158,7,4,22:28:16,31.190586,121.598304
204,7,4,22:29:49,31.293094635009769,121.50200653076172
204,7,4,22:29:50,31.294990539550781,121.49752807617188
204,7,4,22:30:11,31.293018341064453,121.50196075439452
204,7,4,22:30:12,31.295021057128903,121.49755859375
171,7,4,22:41:19,31.19046712239583,121.59400933159722
278,7,4,22:42:57,31.301671981811523,121.50934600830078
46,7,4,22:50:25,31.195097927517359,121.44917887369792
394,7,4,23:06:35,31.291228027343749,121.499970703125
63,7,4,23:18:04,31.33306884765625,121.49176025390624
63,7,4,23:18:06,31.331148147583008,121.49623107910156
63,7,4,23:18:07,31.333089828491211,121.49176025390624
63,7,4,23:18:24,31.33112907409668,121.49623107910156
63,7,4,23:18:29,31.331127166748047,121.49623107910156
63,7,4,23:18:39,31.333070755004883,121.49176025390624
101,7,4,23:28:05,31.175682067871097,121.59821319580078
76,8,5,00:01:40,31.293060167100695,121.50224772135417
63,8,5,00:07:46,31.333040237426761,121.49176788330078
63,8,5,00:08:01,31.331104278564453,121.49623107910156
165,8,5,00:13:11,31.291877746582031,121.49737548828124
147,8,5,00:38:38,31.292972819010416,121.50193495008681
446,8,5,01:23:23,31.191055297851559,121.59442901611328
179,8,5,02:16:53,31.190143585205082,121.59186553955078
179,8,5,02:16:55,31.192352294921875,121.58765411376952
150,8,5,07:32:47,31.301841905381945,121.49845404730902
148,8,5,08:31:23,31.300559997558594,121.50859832763672
148,8,5,08:31:26,31.302549362182617,121.50417327880859
148,8,5,09:24:50,31.301292419433594,121.50553894042967
345,8,5,09:30:48,31.298016764322917,121.50397976345486
245,8,5,09:42:56,31.370349884033203,121.4308624267578
91,8,5,09:53:00,31.191089630126953,121.59841156005859
406,8,5,09:57:21,31.195545196533203,121.4492645263672
7,8,5,10:05:35,31.19239616394043,121.58774566650391
7,8,5,10:05:38,31.192417144775391,121.58773803710938
7,8,5,10:08:10,31.190189361572266,121.59201812744141
7,8,5,10:08:12,31.19239616394043,121.58780670166016
7,8,5,10:08:23,31.19239616394043,121.58780670166016
7,8,5,10:08:40,31.190265655517575,121.59197998046876
7,8,5,10:08:43,31.192472457885746,121.5877685546875
63,8,5,10:35:50,31.331146240234375,121.49623107910156
63,8,5,10:38:06,31.331121444702148,121.49623870849609
63,8,5,10:38:08,31.33111572265625,121.49623870849609
63,8,5,10:38:09,31.333057403564453,121.49176025390624
63,8,5,10:38:28,31.333053588867188,121.49177551269533
231,8,5,10:42:58,31.302555000000002,121.49695
231,8,5,10:43:17,31.301722999999999,121.49953499999999
320,8,5,10:44:44,31.300276,121.497057
204,8,5,10:45:32,31.298768997192383,121.50154876708984
204,8,5,10:45:34,31.300739288330082,121.49709320068359
225,8,5,10:48:11,31.297380447387695,121.50007629394533
225,8,5,10:48:58,31.297355651855469,121.49999237060548
225,8,5,10:49:01,31.29730224609375,121.49998474121094
225,8,5,10:49:03,31.29730224609375,121.49998474121094
225,8,5,10:49:10,31.29730224609375,121.49998474121094
225,8,5,10:49:19,31.297355651855469,121.50001525878906
225,8,5,10:49:21,31.297348022460938,121.49998474121094
316,8,5,10:49:27,31.190179824829102,121.59181976318359
110,8,5,10:53:32,31.197009999999999,121.444047
110,8,5,10:53:32,31.197009999999999,121.444047
307,8,5,11:03:28,31.29693603515625,121.5000457763672
307,8,5,11:03:30,31.29693603515625,121.5000457763672
307,8,5,11:03:32,31.29693603515625,121.5000457763672
307,8,5,11:03:36,31.29693603515625,121.5000457763672
78,8,5,11:12:31,31.244816080729169,121.4553599717882
78,8,5,11:12:45,31.244816080729169,121.4553599717882
78,8,5,11:14:25,31.246689,121.45076400000001
78,8,5,11:14:27,31.244816080729169,121.4553599717882
78,8,5,11:14:29,31.246689,121.45076400000001
423,8,5,11:21:45,31.336630588107639,121.50484402126736
423,8,5,11:21:49,31.3386,121.5004
423,8,5,11:21:54,31.3386,121.5004
423,8,5,11:21:59,31.3386,121.5004
423,8,5,11:22:07,31.3386,121.5004
423,8,5,11:22:10,31.3386,121.5004
423,8,5,11:23:39,31.3386,121.5004
455,8,5,11:29:00,31.194576822916662,121.44861707899304
385,8,5,11:34:50,31.110527038574219,121.60697174072266
58,8,5,11:43:23,31.195615768432617,121.44979858398438
86,8,5,11:55:49,31.300692545572922,121.50637939453124
86,8,5,11:55:51,31.302679999999999,121.50194399999999
120,8,5,11:56:57,31.196861267089844,121.44478607177734
446,8,5,12:12:27,31.19389533996582,121.59287261962891
163,8,5,12:41:31,31.298318999999999,121.50418000000001
225,8,5,12:49:04,31.197925567626953,121.48207855224609
225,8,5,12:49:05,31.199901580810547,121.47755432128906
225,8,5,12:49:54,31.197868347167969,121.4821319580078
225,8,5,12:49:56,31.199825286865231,121.47761535644533
225,8,5,12:49:59,31.199825286865231,121.47761535644533
225,8,5,12:50:00,31.199825286865231,121.47761535644533
225,8,5,12:50:05,31.199825286865231,121.47761535644533
225,8,5,12:50:07,31.199825286865231,121.47761535644533
63,8,5,13:23:14,31.33891487121582,121.49981689453124
63,8,5,13:23:17,31.33891487121582,121.49981689453124
63,8,5,13:23:58,31.33891487121582,121.49981689453124
63,8,5,13:23:59,31.338890075683594,121.49981689453124
63,8,5,13:24:01,31.336942672729492,121.50424194335938
179,8,5,13:53:17,31.191526412963867,121.59681701660156
179,8,5,13:53:18,31.193784713745117,121.59268951416016
223,8,5,14:49:13,31.3008349609375,121.50293185763888
331,8,5,14:58:11,31.30015754699707,121.49998474121094
331,8,5,14:59:07,31.298175811767575,121.50442504882812
331,8,5,14:59:25,31.300155639648441,121.49998474121094
331,8,5,14:59:29,31.300174713134769,121.4999542236328
331,8,5,14:59:56,31.300174713134769,121.4999542236328
331,8,5,15:00:01,31.300174713134769,121.4999542236328
331,8,5,15:00:06,31.300174713134769,121.4999542236328
331,8,5,15:00:08,31.300174713134769,121.4999542236328
278,8,5,15:03:19,31.303657531738281,121.50494384765624
63,8,5,15:03:55,31.336572647094727,121.50444793701172
49,8,5,15:04:25,31.190704345703125,121.59395599365234
184,8,5,15:04:59,31.298736979166662,121.50297064887152
245,8,5,15:06:29,31.204460144042969,121.4591064453125
410,8,5,15:07:36,31.301759000000001,121.499984
289,8,5,15:08:14,31.192056000000001,121.59954
289,8,5,15:08:28,31.194232,121.595393
150,8,5,15:09:06,31.299991861979169,121.50453504774306
150,8,5,15:09:17,31.300093044704862,121.50453911675348
401,8,5,15:12:46,31.299605577256944,121.5048966471354
3,8,5,15:13:37,31.191160202026367,121.59814453125
205,8,5,15:13:44,31.300814887152779,121.50126193576388
277,8,5,15:16:40,31.299714898003472,121.50479899088542
367,8,5,15:20:25,31.297238,121.499894
245,8,5,15:21:26,31.204460144042969,121.4591064453125
43,8,5,15:23:15,31.189973958333333,121.59735568576389
307,8,5,15:24:05,31.295228958129883,121.50412750244141
307,8,5,15:24:06,31.297208786010746,121.49968719482422
323,8,5,15:25:05,31.301697999999998,121.50026
49,8,5,15:32:36,31.18986701965332,121.59635925292967
388,8,5,15:39:47,31.297622680664062,121.50505065917967
140,8,5,15:53:45,31.192879000000001,121.589932
358,8,5,16:17:58,31.299827202690977,121.50475938585068
63,8,5,16:18:14,31.336906433105469,121.50424194335938
63,8,5,16:18:28,31.338890075683594,121.49979400634766
242,8,5,16:28:48,31.297794325086805,121.50537489149306
242,8,5,16:28:49,31.299813,121.501019
78,8,5,16:55:49,31.244816080729169,121.4553599717882
406,8,5,17:04:09,31.195581436157227,121.44957733154295
434,8,5,17:18:43,31.297672254774305,121.50374267578124
204,8,5,17:20:11,31.298925399780273,121.50129699707033
204,8,5,17:20:14,31.300930023193359,121.49681091308594
467,8,5,17:20:50,31.301919999999999,121.5004
379,8,5,17:21:26,31.298469543457031,121.50646209716795
7,8,5,17:25:03,31.298063278198239,121.50112915039062
7,8,5,17:28:02,31.296024322509769,121.50557708740234
229,8,5,17:34:36,31.337820053100582,121.49939727783205
229,8,5,17:34:40,31.335742950439453,121.50383758544922
229,8,5,17:34:44,31.335742950439453,121.50383758544922
229,8,5,17:34:59,31.335742950439453,121.50383758544922
300,8,5,17:50:56,31.297119140625,121.50939178466795
63,8,5,17:51:08,31.338899612426761,121.49976348876952
63,8,5,17:52:05,31.336931228637695,121.50421142578124
105,8,5,17:58:40,31.190876007080082,121.59740447998048
105,8,5,17:58:40,31.193084716796875,121.59320068359376
278,8,5,18:14:41,31.301664352416992,121.50933074951172
278,8,5,18:14:42,31.303655624389648,121.50492095947266
278,8,5,18:14:50,31.303655624389648,121.50492095947266
278,8,5,18:14:53,31.303655624389648,121.50492095947266
278,8,5,18:14:55,31.303655624389648,121.50492095947266
225,8,5,18:53:02,31.295520782470703,121.50482177734376
225,8,5,18:53:03,31.297527313232425,121.50038909912109
225,8,5,18:53:04,31.297464370727539,121.50038146972656
225,8,5,18:53:14,31.297464370727539,121.50038146972656
225,8,5,18:53:25,31.297464370727539,121.50038146972656
225,8,5,18:53:43,31.297464370727539,121.50038146972656
225,8,5,18:53:47,31.297582626342773,121.50041198730467
225,8,5,18:53:50,31.297582626342773,121.50041198730467
225,8,5,18:53:52,31.297582626342773,121.50041198730467
225,8,5,18:53:56,31.297582626342773,121.50041198730467
158,8,5,19:13:58,31.190519999999999,121.598304
158,8,5,19:14:00,31.190519999999999,121.598304
255,8,5,19:16:02,31.300148925781251,121.50620090060764
255,8,5,19:16:06,31.302205000000001,121.501786
255,8,5,19:16:12,31.302205000000001,121.501786
255,8,5,19:16:15,31.302205000000001,121.501786
255,8,5,19:16:19,31.302205000000001,121.501786
255,8,5,19:16:21,31.302205000000001,121.501786
255,8,5,19:16:23,31.302205000000001,121.501786
123,8,5,19:21:41,31.190159233940971,121.60760498046876
185,8,5,19:24:51,31.298102,121.504254
185,8,5,19:25:09,31.298131999999999,121.50422
185,8,5,19:29:34,31.298165000000001,121.50425799999999
63,8,5,19:48:03,31.331113815307617,121.4962158203125
363,8,5,20:39:14,31.299910000000001,121.50449999999999
418,8,5,21:06:56,31.3004345703125,121.49734185112848
202,8,5,22:25:04,31.192354329427083,121.59095893012152
202,8,5,22:25:09,31.192354329427083,121.59095893012152
120,8,5,22:43:18,31.196853637695312,121.44475555419922
120,8,5,22:43:21,31.194980621337891,121.44936370849609
120,8,5,22:43:22,31.196861267089844,121.44476318359376
216,8,5,22:44:38,31.195531845092773,121.4495849609375
216,8,5,22:44:38,31.197450637817383,121.44496917724609
237,8,5,22:49:16,31.192682000000001,121.58980099999999
110,8,5,22:51:04,31.197462000000002,121.445229
255,8,5,23:03:38,31.30208,121.504041
408,8,5,23:18:00,31.192191297743054,121.59072889539932
254,8,5,23:23:30,31.300545789930556,121.49732720269095
254,8,5,23:23:33,31.302506000000001,121.492859
254,8,5,23:23:37,31.302506000000001,121.492859
254,8,5,23:23:59,31.302506000000001,121.492859
254,8,5,23:24:08,31.302506000000001,121.492859
254,8,5,23:24:16,31.302506000000001,121.492859
254,8,5,23:24:17,31.302506000000001,121.492859
254,8,5,23:24:19,31.302506000000001,121.492859
254,8,5,23:24:24,31.302506000000001,121.492859
254,8,5,23:24:30,31.302506000000001,121.492859
254,8,5,23:24:30,31.302506000000001,121.492859
254,8,5,23:24:57,31.302506000000001,121.492859
254,8,5,23:24:58,31.302506000000001,121.492859
78,8,5,23:35:51,31.298494466145833,121.50611219618057
21,8,5,23:38:47,31.295528000000001,121.49986800000001
21,8,5,23:38:49,31.295528000000001,121.49986800000001
21,8,5,23:38:50,31.295528000000001,121.49986800000001
21,8,5,23:38:53,31.295528000000001,121.49986800000001
21,8,5,23:38:56,31.295528000000001,121.49986800000001
21,8,5,23:38:59,31.295528000000001,121.49986800000001
395,8,5,23:45:57,31.301670999999999,121.49256699999999
255,9,6,00:06:07,31.302261999999999,121.503698
7,9,6,00:09:10,31.190130233764648,121.59186553955078
120,9,6,00:17:28,31.194971084594727,121.44937133789062
120,9,6,00:17:29,31.196849822998047,121.44474792480467
120,9,6,00:17:31,31.196849822998047,121.44476318359376
217,9,6,00:33:32,31.291876999999999,121.496875
300,9,6,00:33:49,31.292913436889648,121.50240325927734
300,9,6,00:33:53,31.294836044311523,121.49787139892578
300,9,6,00:33:53,31.294836044311523,121.49787139892578
255,9,6,00:51:38,31.302076,121.504026
382,9,6,01:00:15,31.303778000000001,121.49111000000001
201,9,6,01:21:44,31.293268999999999,121.494685
201,9,6,01:21:47,31.293268999999999,121.494685
201,9,6,01:21:55,31.293268999999999,121.494685
201,9,6,01:22:04,31.293268999999999,121.494685
201,9,6,01:22:07,31.293268999999999,121.494685
120,9,6,01:46:29,31.194974899291992,121.44936370849609
120,9,6,01:46:31,31.196855545043945,121.44476318359376
375,9,6,02:00:51,31.192442,121.58783099999999
179,9,6,02:07:29,31.190160751342773,121.5919189453125
36,9,6,02:46:14,31.301080703735352,121.50737762451172
36,9,6,02:46:17,31.303077697753903,121.50304412841795
36,9,6,02:46:29,31.303077697753903,121.50304412841795
278,9,6,04:40:42,31.301734924316406,121.50928497314452
63,9,6,07:22:26,31.332979202270508,121.49170684814452
432,9,6,07:38:33,31.291327582465279,121.50016493055556
248,9,6,08:21:39,31.190256000000002,121.592023
248,9,6,08:21:45,31.190259000000001,121.59202399999999
248,9,6,08:21:50,31.192471000000001,121.587816
310,9,6,08:26:43,31.300344467163089,121.5050811767578
312,9,6,08:44:10,31.292694227430555,121.50210801866319
320,9,6,09:00:55,31.291365831163191,121.50012803819445
148,9,6,09:01:10,31.299955368041992,121.50478363037109
148,9,6,09:01:16,31.301935195922852,121.50034332275391
148,9,6,09:01:17,31.301935195922852,121.50034332275391
161,9,6,09:16:39,31.157410753038196,121.43430202907986
161,9,6,09:16:44,31.159291,121.429672
350,9,6,09:45:46,31.197870999999999,121.4457
58,9,6,09:52:18,31.195611953735352,121.44818878173828
163,9,6,09:53:48,31.300326999999999,121.49142000000001
163,9,6,09:53:50,31.300326999999999,121.49142000000001
163,9,6,09:54:10,31.300326999999999,121.49142000000001
159,9,6,10:27:57,31.192233000000002,121.59272300000001
179,9,6,10:42:26,31.193307876586911,121.59423065185548
179,9,6,10:42:30,31.193391799926761,121.59421539306641
179,9,6,10:42:31,31.193405151367188,121.59421539306641
179,9,6,10:42:31,31.193403244018555,121.59421539306641
299,9,6,10:46:49,31.298469999999998,121.50177100000001
299,9,6,10:47:07,31.30049,121.49730099999999
7,9,6,11:10:12,31.191757202148441,121.59854125976562
7,9,6,11:10:19,31.193965911865231,121.59433746337891
429,9,6,11:42:56,31.296911999999999,121.500305
429,9,6,11:42:58,31.296911999999999,121.500305
429,9,6,11:43:10,31.296911999999999,121.500305
201,9,6,11:44:37,31.298327365451389,121.50447808159724
3,9,6,11:48:17,31.189888000488281,121.59161376953124
14,9,6,11:54:38,31.191800000000001,121.45328499999999
327,9,6,11:58:04,31.303966522216797,121.5013427734375
327,9,6,11:58:06,31.303966522216797,121.5013427734375
370,9,6,12:04:26,31.195486068725582,121.44961547851562
255,9,6,12:04:33,31.291773817274304,121.49979031032986
7,9,6,12:06:40,31.191577911376953,121.5947265625
147,9,6,12:06:51,31.292966037326387,121.50188774956597
432,9,6,12:14:19,31.291314561631943,121.50016710069444
241,9,6,12:14:47,31.300409071180557,121.49626302083334
241,9,6,12:18:01,31.302364000000001,121.49181400000001
430,9,6,12:18:06,31.191461563110352,121.59734344482422
38,9,6,12:18:47,31.29694938659668,121.500244140625
314,9,6,12:21:28,31.195228576660156,121.45018768310548
188,9,6,12:25:26,31.295223236083984,121.50411224365234
430,9,6,12:25:41,31.191810607910156,121.59710693359376
63,9,6,12:31:51,31.336509704589844,121.50431823730467
89,9,6,12:34:19,31.299340549045137,121.51829128689236
89,9,6,12:34:22,31.301364,121.51389899999999
89,9,6,12:34:41,31.301364,121.51389899999999
89,9,6,12:34:56,31.301364,121.51389899999999
307,9,6,12:36:59,31.299932479858398,121.50458526611328
307,9,6,12:37:01,31.301912307739254,121.50014495849609
307,9,6,12:37:01,31.301910400390625,121.50013732910156
307,9,6,12:37:39,31.301881790161133,121.50009918212891
192,9,6,12:42:00,31.190278591579862,121.59220757378472
174,9,6,12:50:56,31.288793563842773,121.21436309814452
63,9,6,12:52:41,31.338871002197266,121.49982452392578
278,9,6,13:06:39,31.301666259765625,121.50933837890624
340,9,6,13:08:15,31.190855026245117,121.59739685058594
340,9,6,13:08:44,31.193065643310547,121.59319305419922
340,9,6,13:08:45,31.193065643310547,121.59319305419922
340,9,6,13:08:52,31.193065643310547,121.59319305419922
340,9,6,13:08:53,31.193077087402344,121.59320831298828
340,9,6,13:09:01,31.193077087402344,121.59320831298828
410,9,6,13:28:38,31.300927191840277,121.50824869791668
307,9,6,13:49:57,31.301872253417969,121.5000457763672
307,9,6,13:50:05,31.301872253417969,121.5000457763672
427,9,6,13:55:25,31.297298177083334,121.50603135850696
427,9,6,13:55:57,31.297298177083334,121.50603135850696
63,9,6,13:58:50,31.338813781738281,121.49974060058594
380,9,6,14:31:33,31.195780164930557,121.44983154296877
380,9,6,14:31:46,31.195780164930557,121.44983154296877
380,9,6,14:31:48,31.197665000000001,121.445227
100,9,6,14:33:07,31.302275999999999,121.50190499999999
266,9,6,14:43:18,31.19091037326389,121.5982923719618
220,9,6,15:02:25,31.19087,121.5942
220,9,6,15:02:27,31.193083000000001,121.59
412,9,6,15:03:58,31.299008000000001,121.501025
63,9,6,15:48:47,31.336788177490231,121.50421142578124
171,9,6,15:55:53,31.29827256944445,121.50441324869792
370,9,6,16:01:18,31.195461273193359,121.44963073730467
261,9,6,16:08:44,31.291640000000001,121.5
49,9,6,16:13:09,31.19050407409668,121.59893035888672
12,9,6,16:26:06,31.190278862847222,121.59206488715276
12,9,6,16:26:07,31.192491,121.587857
322,9,6,16:36:32,31.192299999999999,121.5949
322,9,6,16:36:36,31.192299999999999,121.5949
322,9,6,16:36:40,31.192299999999999,121.5949
327,9,6,16:42:52,31.301904678344727,121.50009918212891
327,9,6,16:43:16,31.301856994628903,121.50003051757812
7,9,6,17:16:39,31.192317962646484,121.58760833740234
147,9,6,17:38:48,31.299649793836807,121.5048548719618
5,9,6,17:48:59,31.29177,121.5
105,9,6,18:36:32,31.190948486328125,121.59724426269533
325,9,6,19:14:45,31.023409999999998,121.432
47,9,6,19:18:16,31.29963351779514,121.50467366536458
370,9,6,19:26:10,31.229330062866211,121.45912170410156
445,9,6,19:40:25,31.299657660590277,121.50487386067708
445,9,6,19:40:28,31.301641,121.500433
445,9,6,19:40:29,31.301641,121.500433
445,9,6,19:41:26,31.301641,121.500433
445,9,6,19:41:27,31.301648,121.500416
445,9,6,19:41:30,31.301648,121.500416
445,9,6,19:41:33,31.301648,121.500416
445,9,6,19:41:39,31.301648,121.500416
445,9,6,19:41:42,31.301648,121.500416
445,9,6,19:41:47,31.301648,121.500416
323,9,6,20:19:45,31.291741536458332,121.50052761501736
85,9,6,20:21:10,31.299667968750001,121.50485568576389
120,9,6,20:58:17,31.196855545043945,121.44478607177734
120,9,6,20:58:18,31.196857452392575,121.44478607177734
307,9,6,21:08:34,31.2999267578125,121.50035095214844
388,9,6,21:13:41,31.300823211669918,121.50994110107422
226,9,6,21:16:14,31.297138671875,121.50596842447916
451,9,6,21:18:26,31.290982801649307,121.49933593750001
285,9,6,21:32:38,31.211788194444445,121.4775328233507
307,9,6,21:33:06,31.299903869628903,121.50034332275391
63,9,6,21:42:31,31.331127166748047,121.49623107910156
7,9,6,21:43:44,31.190088272094727,121.59180450439452
166,9,6,21:50:38,0,0
406,9,6,22:22:45,31.195581436157227,121.44956970214844
218,9,6,22:24:07,31.195819854736328,121.4507293701172
278,9,6,22:24:09,31.30168342590332,121.50936889648438
209,9,6,22:24:12,30.085014343261719,121.4338836669922
63,9,6,22:24:50,31.333057403564453,121.49176788330078
149,9,6,22:25:25,31.194942474365231,121.44921112060548
427,9,6,22:26:11,31.298401421440971,121.50615478515626
331,9,6,22:26:39,31.290657043457031,121.50136566162109
331,9,6,22:27:04,31.292629241943359,121.49691772460938
331,9,6,22:27:06,31.292631149291992,121.49691009521484
120,9,6,22:27:11,31.194976806640625,121.44937896728516
120,9,6,22:27:11,31.196857452392575,121.4447784423828
220,9,6,22:27:12,31.191711000000002,121.59683
220,9,6,22:27:13,31.193926000000001,121.59262
220,9,6,22:27:14,31.193926000000001,121.59262
141,9,6,22:27:20,31.150959014892575,121.50355529785156
97,9,6,22:29:47,31.334468841552734,121.49920654296876
97,9,6,22:29:48,31.336427688598633,121.49477386474609
97,9,6,22:29:49,31.336427688598633,121.49477386474609
97,9,6,22:29:49,31.336416244506836,121.4947509765625
289,9,6,22:29:51,31.191879,121.593577
289,9,6,22:29:56,31.194141999999999,121.589333
289,9,6,22:30:02,31.194141999999999,121.589333
289,9,6,22:31:27,31.194141999999999,121.589333
427,9,6,22:33:19,31.298401421440971,121.50615478515626
19,9,6,22:33:32,31.195639377170139,121.44964328342014
19,9,6,22:33:40,31.195639377170139,121.44964328342014
52,9,6,22:43:13,31.055343627929688,121.39805603027344
63,9,6,22:54:08,31.331106185913089,121.49623870849609
363,9,6,22:57:11,31.290030000000002,121.5013
365,9,6,23:02:02,31.190235000000001,121.592224
365,9,6,23:02:05,31.192464000000001,121.588015
12,9,6,23:06:14,31.190279676649304,121.59210476345486
431,9,6,23:14:56,31.289211697048611,121.50277425130209
171,9,6,23:16:10,31.1905322265625,121.59408745659722
36,9,6,23:18:33,31.30078125,121.50774383544922
120,9,6,23:20:48,31.196861267089844,121.4447784423828
120,9,6,23:21:01,31.196859359741211,121.44479370117188
120,9,6,23:21:13,31.196859359741211,121.44478607177734
406,9,6,23:23:13,31.197463989257812,121.44496917724609
59,9,6,23:26:08,0,0
331,9,6,23:27:22,31.290502548217773,121.50137329101562
446,9,6,23:36:01,31.191127777099609,121.59449005126952
307,9,6,23:47:38,31.297956466674805,121.50479125976562
225,10,7,00:01:26,31.303102493286133,121.50522613525391
225,10,7,00:01:31,31.301128387451172,121.50967407226562
63,10,7,00:11:21,31.331119537353516,121.49623107910156
63,10,7,00:11:27,31.333053588867188,121.49178314208984
277,10,7,00:16:15,31.292586,121.49717
321,10,7,00:26:22,31.18952175564236,121.59128038194444
351,10,7,00:29:32,31.29054069519043,121.50131225585938
412,10,7,00:37:44,31.301779242621528,121.50836534288194
163,10,7,01:12:11,31.290562000000001,121.50095
163,10,7,01:12:14,31.292535999999998,121.4965
450,10,7,01:12:18,31.19131103515625,121.59324598524306
163,10,7,01:12:20,31.292535999999998,121.4965
163,10,7,01:12:24,31.292535999999998,121.4965
303,10,7,01:18:05,31.299884796142575,121.50107574462891
154,10,7,01:21:18,31.177240397135417,121.59877414279514
91,10,7,01:24:45,31.190206527709961,121.591796875
406,10,7,01:29:48,31.197456359863281,121.44470977783205
49,10,7,01:49:12,31.190706253051761,121.59385681152344
49,10,7,01:49:18,31.192829132080082,121.58975982666016
49,10,7,01:49:33,31.192829132080082,121.58975982666016
13,10,7,02:03:41,31.195080000000001,121.4496
410,10,7,02:47:39,31.302954,121.503843
380,10,7,03:07:37,31.19578911675347,121.44983262803819
217,10,7,07:58:47,31.296399000000001,121.50308
345,10,7,08:24:26,31.195422092013889,121.44960015190972
63,10,7,08:35:13,31.306459426879883,121.4719696044922
450,10,7,08:48:57,31.19131103515625,121.59324598524306
12,10,7,08:55:02,31.186056043836807,121.5104269748264
12,10,7,08:55:03,31.188106999999999,121.506016
12,10,7,08:55:16,31.188106999999999,121.506016
12,10,7,08:55:23,31.188106999999999,121.506016
12,10,7,08:57:43,31.184917805989585,121.50302842881943
12,10,7,08:57:45,31.186947,121.498591
12,10,7,08:57:52,31.186947,121.498591
7,10,7,09:07:07,31.190048217773441,121.59650421142578
344,10,7,10:01:38,31.289927300347223,121.50236680772568
124,10,7,10:18:08,30.8331298828125,120.9318389892578
124,10,7,10:18:30,30.833097457885746,120.93182373046876
124,10,7,10:18:34,30.835508346557617,120.92767333984376
90,10,7,10:25:28,31.292555881076389,121.50030354817709
124,10,7,10:37:46,30.833036422729492,120.93189239501952
78,10,7,11:04:55,31.298354492187499,121.50846164279514
31,10,7,11:04:57,31.189966634114583,121.59487494574653
375,10,7,11:20:26,31.192499999999999,121.5878
292,10,7,12:05:21,31.251914978027344,121.47181701660156
292,10,7,12:05:23,31.251956939697266,121.47177124023438
149,10,7,12:08:17,31.17169189453125,121.41103363037109
255,10,7,12:10:07,31.300081108940972,121.50849283854168
160,10,7,12:29:22,31.295381673177083,121.50469292534724
358,10,7,12:51:46,31.299796278211804,121.5156876627604
450,10,7,12:57:55,31.19131103515625,121.59324598524306
450,10,7,12:58:00,31.193522999999999,121.589039
86,10,7,12:58:22,31.325817871093751,121.44707085503472
86,10,7,12:58:23,31.327642000000001,121.442449
86,10,7,12:58:41,31.325644531249999,121.44711263020834
86,10,7,12:58:43,31.327469000000001,121.442491
86,10,7,12:58:50,31.327469000000001,121.442491
86,10,7,12:58:52,31.327469000000001,121.442491
86,10,7,12:58:54,31.327469000000001,121.442491
86,10,7,12:58:55,31.327469000000001,121.442491
86,10,7,12:59:01,31.327469000000001,121.442491
86,10,7,12:59:04,31.327469000000001,121.442491
238,10,7,13:20:34,31.303182601928711,121.50673675537109
286,10,7,13:27:30,31.290722656250001,121.50006320529512
7,10,7,13:30:59,31.305147171020508,121.50226593017578
21,10,7,14:22:45,31.299970431857641,121.48718098958334
323,10,7,14:24:46,31.299719238281249,121.50469943576388
323,10,7,14:24:48,31.301608999999999,121.500193
323,10,7,14:24:52,31.301608999999999,121.500193
323,10,7,14:24:59,31.301608999999999,121.500193
198,10,7,14:30:01,31.300578070746528,121.50917534722224
78,10,7,14:32:14,31.298456217447917,121.50620578342014
307,10,7,14:37:02,31.299861907958984,121.50450134277344
307,10,7,14:37:24,31.301839828491211,121.50006103515624
307,10,7,14:37:26,31.301853179931641,121.50003814697266
307,10,7,14:37:27,31.301853179931641,121.50003814697266
63,10,7,14:38:09,31.331125259399418,121.49623870849609
226,10,7,14:51:56,31.29301784939236,121.50467095269096
233,10,7,15:06:42,31.294370000000001,121.49603999999999
450,10,7,15:14:18,31.188446180555555,121.59747151692709
248,10,7,15:40:04,31.190636000000001,121.591978
248,10,7,15:40:06,31.190287999999999,121.59200800000001
307,10,7,16:27:32,31.299930572509769,121.5045166015625
307,10,7,16:27:50,31.301849365234375,121.50003051757812
218,10,7,16:32:27,31.195846557617188,121.45072174072266
327,10,7,16:39:03,31.301830291748047,121.50003814697266
327,10,7,16:39:35,31.299844741821289,121.50450897216795
296,10,7,16:40:30,31.300882339477539,121.5084991455078
191,10,7,16:51:09,31.190704345703125,121.59395599365234
217,10,7,17:31:50,31.295190000000002,121.49882700000001
314,10,7,17:55:43,31.251106262207031,121.4772491455078
314,10,7,17:55:44,31.25688362121582,121.4785614013672
202,10,7,18:56:37,31.298984103732639,121.5146346028646
63,10,7,19:25:25,31.331121444702148,121.49623107910156
78,10,7,19:25:51,31.29856174045139,121.50606852213542
140,10,7,20:03:35,31.190324,121.59394
140,10,7,20:04:16,31.192544000000002,121.58973899999999
140,10,7,20:04:50,31.190415000000002,121.593993
140,10,7,20:04:55,31.192640999999998,121.5898
140,10,7,20:06:24,31.192640999999998,121.5898
88,10,7,20:24:01,31.191665581597221,121.59459526909724
7,10,7,20:42:39,31.190023422241211,121.59701538085938
395,10,7,20:48:27,31.29956,121.50152300000001
395,10,7,20:48:34,31.301599,121.496988
395,10,7,20:48:36,31.301599,121.496988
395,10,7,20:48:47,31.301507000000001,121.497145
395,10,7,20:49:24,31.301485,121.497123
395,10,7,20:49:25,31.301532999999999,121.497046
463,10,7,21:38:59,31.190114974975582,121.59174346923828
463,10,7,21:39:42,31.192327499389648,121.58753204345705
463,10,7,21:39:46,31.192371368408203,121.58754730224609
3,10,7,22:40:03,30.313167572021484,120.09101104736328
3,10,7,22:40:12,30.315399169921875,120.08617401123048
3,10,7,22:40:14,30.315399169921875,120.08617401123048
307,10,7,22:42:23,31.298130035400391,121.5043487548828
76,10,7,23:14:04,31.293035753038193,121.50228434244792
76,10,7,23:15:19,31.293057183159721,121.50224066840278
76,10,7,23:15:20,31.295034999999999,121.49779100000001
380,10,7,23:39:40,31.19578911675347,121.44983262803819
266,11,1,00:01:01,31.191599121093748,121.59580647786458
323,11,1,00:02:40,31.291741536458332,121.50052761501736
351,11,1,00:05:56,31.292549133300781,121.49684143066406
351,11,1,00:05:58,31.292570114135746,121.49684143066406
351,11,1,00:06:11,31.290613174438477,121.50133514404295
351,11,1,00:06:12,31.292581558227539,121.49691009521484
351,11,1,00:06:14,31.292581558227539,121.49691009521484
413,11,1,00:07:17,31.197633,121.44493199999999
163,11,1,00:10:23,31.290560709635415,121.50095404730902
163,11,1,00:10:25,31.292535999999998,121.4965
163,11,1,00:10:35,31.292535999999998,121.4965
120,11,1,00:16:36,31.196857452392575,121.44479370117188
120,11,1,00:16:39,31.194995880126953,121.44937133789062
120,11,1,00:16:39,31.196876525878903,121.44477081298828
103,11,1,00:25:32,31.19578911675347,121.44983262803819
103,11,1,00:25:35,31.197596999999998,121.445706
103,11,1,00:25:39,31.197596999999998,121.445706
103,11,1,00:25:42,31.197596999999998,121.445706
63,11,1,00:37:00,31.331108093261719,121.49624633789062
115,11,1,00:37:08,31.295647515190971,121.5117941623264
350,11,1,00:37:09,31.195049913194445,121.4491251627604
303,11,1,00:38:50,31.299919128417969,121.50100708007812
248,11,1,01:06:58,31.192464000000001,121.587874
410,11,1,01:31:02,31.303376,121.50279
375,11,1,01:41:03,31.1902880859375,121.5920076497396
375,11,1,01:41:03,31.192499999999999,121.5878
375,11,1,01:41:05,31.192499999999999,121.5878
49,11,1,02:17:27,31.190685272216797,121.59396362304688
289,11,1,02:22:19,31.194113000000002,121.589331
334,11,1,05:28:15,31.223664279513891,121.45187744140624
350,11,1,06:49:10,31.197611999999999,121.444812
213,11,1,08:21:39,31.296253255208335,121.50287055121528
350,11,1,08:51:39,31.197161000000001,121.444641
185,11,1,08:57:59,31.191784999999999,121.592364
185,11,1,08:58:02,31.189620000000001,121.596563
185,11,1,08:58:02,31.191821000000001,121.59237
110,11,1,09:02:21,31.195557454427082,121.44993923611111
438,11,1,09:08:34,30.906739366319449,121.41762044270833
438,11,1,09:08:36,30.908749,121.412995
438,11,1,09:08:41,30.908749,121.412995
438,11,1,09:08:54,30.908749,121.412995
438,11,1,09:09:01,30.908749,121.412995
438,11,1,09:09:04,30.908749,121.412995
418,11,1,09:29:08,31.196315104166668,121.44834689670139
418,11,1,09:29:10,31.198197,121.44373899999999
307,11,1,09:48:42,31.298738479614254,121.50733184814452
63,11,1,09:51:17,31.331121444702148,121.49624633789062
63,11,1,09:51:31,31.333066940307617,121.49177551269533
99,11,1,10:00:19,31.025568008422852,121.42211151123048
292,11,1,10:03:34,31.217624664306641,121.44044494628906
36,11,1,10:42:38,31.300788879394531,121.50775146484376
36,11,1,10:42:44,31.302520751953125,121.50326538085938
307,11,1,10:51:26,31.297985076904297,121.50420379638672
188,11,1,10:52:49,31.301383972167969,121.49864196777344
188,11,1,10:52:49,31.3033447265625,121.49417877197266
188,11,1,10:52:50,31.3033447265625,121.49417877197266
188,11,1,10:52:50,31.3033447265625,121.49417877197266
188,11,1,10:52:50,31.3033447265625,121.49417877197266
330,11,1,10:56:45,31.190420193142359,121.59407552083331
380,11,1,11:20:04,31.19578911675347,121.44983262803819
354,11,1,11:44:17,31.190774999999999,121.594041
242,11,1,12:15:11,31.204026421440972,121.5450648328993
188,11,1,12:18:30,31.301376342773441,121.49863433837891
188,11,1,12:18:32,31.303377151489254,121.49415588378906
188,11,1,12:18:36,31.303377151489254,121.49415588378906
189,11,1,12:19:28,31.290871853298611,121.50133572048613
91,11,1,12:22:26,31.283872604370117,121.61559295654295
91,11,1,12:22:42,31.285915374755859,121.61141967773438
388,11,1,12:48:48,31.303104400634769,121.50498962402344
388,11,1,12:48:52,31.303043365478516,121.50501251220705
388,11,1,12:48:52,31.302942276000977,121.50491333007812
463,11,1,12:51:01,31.192245483398441,121.58748626708984
7,11,1,13:13:40,31.190187454223633,121.59188842773438
7,11,1,13:13:54,31.190166473388672,121.59186553955078
210,11,1,13:14:58,31.300806000000001,121.508627
412,11,1,13:20:12,31.297150878906251,121.50547526041667
345,11,1,13:20:40,31.195453287760415,121.44960015190972
188,11,1,13:30:43,31.303350448608398,121.49413299560548
147,11,1,13:32:24,31.292820638020832,121.50204725477433
3,11,1,14:07:27,30.309238433837891,120.08914947509766
156,11,1,14:33:28,31.294405653211804,121.5048255750868
242,11,1,14:51:54,31.204160698784719,121.54545464409722
418,11,1,15:07:10,31.195577528211807,121.44996446397568
418,11,1,15:07:13,31.197462999999999,121.44535999999999
418,11,1,15:07:18,31.197462999999999,121.44535999999999
247,11,1,15:14:09,31.296741999999998,121.499852
185,11,1,15:41:50,31.295817,121.50434199999999
179,11,1,15:50:33,31.191621780395508,121.59678649902344
179,11,1,15:50:38,31.193737030029297,121.59249114990234
179,11,1,15:51:02,31.193737030029297,121.59249114990234
179,11,1,15:51:07,31.193737030029297,121.59249114990234
179,11,1,15:51:09,31.193737030029297,121.59249114990234
179,11,1,15:51:15,31.193737030029297,121.59249114990234
179,11,1,15:51:18,31.193737030029297,121.59249114990234
382,11,1,15:55:53,31.301832000000001,121.49721
382,11,1,15:55:55,31.303792999999999,121.492744
90,11,1,16:01:15,31.297649,121.500016
90,11,1,16:02:49,31.295726453993055,121.50446397569443
90,11,1,16:02:50,31.297644999999999,121.49994
90,11,1,16:02:56,31.297644999999999,121.49994
90,11,1,16:03:01,31.297644999999999,121.49994
90,11,1,16:03:05,31.297644999999999,121.49994
90,11,1,16:03:11,31.297644999999999,121.49994
90,11,1,16:03:15,31.297644999999999,121.49994
90,11,1,16:03:21,31.297644999999999,121.49994
90,11,1,16:03:33,31.297644999999999,121.49994
90,11,1,16:03:34,31.297644999999999,121.49994
261,11,1,16:24:28,31.291633999999998,121.49999
261,11,1,16:24:31,31.293607999999999,121.49552
426,11,1,16:30:52,31.195666232638889,121.44966688368056
426,11,1,16:31:03,31.197551000000001,121.44506199999999
426,11,1,16:31:10,31.197551000000001,121.44506199999999
426,11,1,16:31:13,31.197551000000001,121.44506199999999
426,11,1,16:31:21,31.197551000000001,121.44506199999999
318,11,1,16:40:26,31.295391082763672,121.50456237792967
318,11,1,16:40:30,31.297367095947266,121.50003051757812
318,11,1,16:40:36,31.297367095947266,121.50003051757812
179,11,1,16:40:52,31.191415786743164,121.59684753417967
318,11,1,16:42:29,31.297372817993164,121.50005340576172
300,11,1,16:45:59,31.297327041625977,121.49996948242188
120,11,1,16:47:45,31.194984436035156,121.44938659667967
120,11,1,16:47:46,31.196859359741211,121.44479370117188
370,11,1,17:50:11,31.237920761108398,121.51351165771484
222,11,1,19:41:47,31.228627929687502,121.48750868055556
222,11,1,19:41:49,31.230589999999999,121.483012
222,11,1,19:41:55,31.230589999999999,121.483012
222,11,1,19:41:58,31.230589999999999,121.483012
222,11,1,19:42:04,31.230589999999999,121.483012
222,11,1,19:42:14,31.230589999999999,121.483012
222,11,1,19:42:16,31.230589999999999,121.483012
350,11,1,19:45:48,31.196953000000001,121.44450000000001
391,11,1,19:46:41,31.190922309027776,121.59829915364584
112,11,1,19:50:13,31.290019989013672,121.50131225585938
225,11,1,20:29:54,31.30302619934082,121.50522613525391
225,11,1,20:30:09,31.303022384643555,121.50526428222656
225,11,1,20:30:11,31.303056716918945,121.50524139404295
220,11,1,20:43:22,31.227955000000001,121.55821
220,11,1,20:43:24,31.233269,121.55396
316,11,1,21:12:41,31.192415237426761,121.58757781982422
316,11,1,21:13:03,31.192417144775391,121.58757781982422
316,11,1,21:13:06,31.192378997802734,121.58757019042967
309,11,1,21:30:06,31.291024034288196,121.50135281032986
309,11,1,21:30:08,31.293126000000001,121.496844
309,11,1,21:30:12,31.293126000000001,121.496844
309,11,1,21:30:18,31.293126000000001,121.496844
309,11,1,21:30:20,31.293126000000001,121.496844
309,11,1,21:30:23,31.293126000000001,121.496844
220,11,1,21:33:53,31.191707999999998,121.596825
220,11,1,21:35:23,31.191731999999998,121.59690000000001
418,11,1,21:37:23,31.295381944444443,121.50826416015624
307,11,1,21:38:51,31.297992706298828,121.50404357910156
78,11,1,21:50:56,31.298451334635416,121.50619900173611
7,11,1,22:13:25,31.190710067749023,121.59729766845705
410,11,1,23:20:02,31.303376,121.50279
238,11,1,23:22:05,31.190916061401367,121.59738922119141
238,11,1,23:23:57,31.190906524658203,121.597412109375
63,11,1,23:34:39,31.331119537353516,121.49624633789062
52,11,1,23:37:57,31.190176010131836,121.59181976318359
228,11,1,23:45:36,31.197496999999998,121.445178
