275,1,5,00:00:13
102,1,5,00:00:16
261,1,5,00:00:20
86,1,5,00:00:22
354,1,5,00:00:26
408,1,5,00:00:26
258,1,5,00:00:31
201,1,5,00:00:31
232,1,5,00:00:35
399,1,5,00:00:35
423,1,5,00:00:38
335,1,5,00:00:38
303,1,5,00:00:41
195,1,5,00:00:42
16,1,5,00:00:43
386,1,5,00:00:51
301,1,5,00:01:00
421,1,5,00:01:15
12,1,5,00:01:18
36,1,5,00:01:18
74,1,5,00:01:20
18,1,5,00:01:25
308,1,5,00:02:18
120,1,5,00:02:33
58,1,5,00:02:34
165,1,5,00:02:40
171,1,5,00:02:41
426,1,5,00:02:42
405,1,5,00:02:44
45,1,5,00:02:52
209,1,5,00:03:02
148,1,5,00:03:04
26,1,5,00:03:05
185,1,5,00:03:15
294,1,5,00:03:25
170,1,5,00:03:27
72,1,5,00:03:28
152,1,5,00:03:35
90,1,5,00:03:35
254,1,5,00:03:37
306,1,5,00:03:47
445,1,5,00:03:51
311,1,5,00:03:52
131,1,5,00:03:56
297,1,5,00:04:02
143,1,5,00:04:03
143,1,5,00:04:04
143,1,5,00:04:07
203,1,5,00:04:07
444,1,5,00:04:08
278,1,5,00:04:17
123,1,5,00:04:18
163,1,5,00:04:23
172,1,5,00:04:30
373,1,5,00:04:30
404,1,5,00:04:32
1,1,5,00:04:32
198,1,5,00:04:32
93,1,5,00:04:33
70,1,5,00:04:35
333,1,5,00:04:35
394,1,5,00:04:36
318,1,5,00:04:37
216,1,5,00:04:38
56,1,5,00:04:39
150,1,5,00:04:41
244,1,5,00:04:44
304,1,5,00:04:45
37,1,5,00:04:46
458,1,5,00:04:46
95,1,5,00:04:49
413,1,5,00:04:50
9,1,5,00:04:51
374,1,5,00:04:53
211,1,5,00:04:53
84,1,5,00:04:55
25,1,5,00:04:56
252,1,5,00:04:56
351,1,5,00:05:00
94,1,5,00:05:05
103,1,5,00:05:10
464,1,5,00:05:14
115,1,5,00:05:15
434,1,5,00:05:18
295,1,5,00:05:18
367,1,5,00:05:18
279,1,5,00:05:20
350,1,5,00:05:20
76,1,5,00:05:20
46,1,5,00:05:20
281,1,5,00:05:22
439,1,5,00:05:26
177,1,5,00:05:26
15,1,5,00:05:30
323,1,5,00:05:32
53,1,5,00:05:35
441,1,5,00:05:35
399,1,5,00:05:39
118,1,5,00:05:44
225,1,5,00:05:44
81,1,5,00:05:46
309,1,5,00:05:46
19,1,5,00:05:46
455,1,5,00:05:48
415,1,5,00:05:58
388,1,5,00:06:04
460,1,5,00:06:07
111,1,5,00:06:09
314,1,5,00:06:09
389,1,5,00:06:11
268,1,5,00:06:26
359,1,5,00:06:37
437,1,5,00:06:39
313,1,5,00:06:40
291,1,5,00:06:48
285,1,5,00:06:58
27,1,5,00:07:07
49,1,5,00:07:10
327,1,5,00:07:12
287,1,5,00:07:15
188,1,5,00:07:38
451,1,5,00:07:43
184,1,5,00:07:46
10,1,5,00:07:51
168,1,5,00:07:57
196,1,5,00:07:58
373,1,5,00:08:04
247,1,5,00:08:14
79,1,5,00:08:16
336,1,5,00:08:23
64,1,5,00:08:28
18,1,5,00:08:31
4,1,5,00:08:51
149,1,5,00:08:53
175,1,5,00:08:56
204,1,5,00:09:01
127,1,5,00:09:16
406,1,5,00:09:26
189,1,5,00:09:36
42,1,5,00:09:41
347,1,5,00:09:47
273,1,5,00:09:57
457,1,5,00:10:06
137,1,5,00:10:24
456,1,5,00:10:26
290,1,5,00:10:39
467,1,5,00:10:53
20,1,5,00:11:02
357,1,5,00:11:09
102,1,5,00:11:18
425,1,5,00:11:19
419,1,5,00:11:27
245,1,5,00:11:35
116,1,5,00:12:15
117,1,5,00:12:21
317,1,5,00:12:38
319,1,5,00:13:06
106,1,5,00:13:20
202,1,5,00:13:37
40,1,5,00:13:37
113,1,5,00:13:37
91,1,5,00:13:52
349,1,5,00:14:07
129,1,5,00:14:18
451,1,5,00:14:25
192,1,5,00:14:31
196,1,5,00:14:40
360,1,5,00:14:46
65,1,5,00:14:47
302,1,5,00:14:52
174,1,5,00:15:02
134,1,5,00:15:09
259,1,5,00:15:12
335,1,5,00:15:16
380,1,5,00:15:17
416,1,5,00:15:22
344,1,5,00:15:26
263,1,5,00:15:34
321,1,5,00:15:36
466,1,5,00:15:45
47,1,5,00:15:57
435,1,5,00:15:58
224,1,5,00:16:11
378,1,5,00:16:18
190,1,5,00:16:22
101,1,5,00:16:50
69,1,5,00:17:00
54,1,5,00:17:11
390,1,5,00:17:16
453,1,5,00:17:29
14,1,5,00:17:43
81,1,5,00:18:00
384,1,5,00:18:08
368,1,5,00:18:10
57,1,5,00:18:19
241,1,5,00:18:35
260,1,5,00:18:49
80,1,5,00:19:10
284,1,5,00:19:29
107,1,5,00:19:45
430,1,5,00:19:46
31,1,5,00:20:20
427,1,5,00:20:48
246,1,5,00:21:05
338,1,5,00:21:12
369,1,5,00:22:07
67,1,5,00:22:11
155,1,5,00:22:18
43,1,5,00:22:20
379,1,5,00:22:30
300,1,5,00:23:04
381,1,5,00:23:46
339,1,5,00:24:07
179,1,5,00:24:18
465,1,5,00:24:32
130,1,5,00:24:53
5,1,5,00:24:57
396,1,5,00:25:11
459,1,5,00:25:22
341,1,5,00:26:49
89,1,5,00:27:59
24,1,5,00:28:32
446,1,5,00:29:19
112,1,5,00:30:27
376,1,5,00:32:23
122,1,5,00:34:06
222,1,5,00:34:08
387,1,5,00:35:43
199,1,5,00:35:59
411,1,5,00:36:51
440,1,5,00:37:15
237,1,5,00:37:32
39,1,5,00:37:52
324,1,5,00:38:23
13,1,5,00:38:51
352,1,5,00:39:20
340,1,5,00:39:42
433,1,5,00:41:13
85,1,5,00:42:11
298,1,5,00:42:54
288,1,5,00:43:06
280,1,5,00:45:19
3,1,5,00:46:28
34,1,5,00:50:57
293,1,5,00:52:15
99,1,5,00:53:15
66,1,5,00:53:25
34,1,5,00:53:42
330,1,5,00:53:51
283,1,5,00:54:06
410,1,5,00:55:27
450,1,5,00:55:51
232,1,5,00:58:53
434,1,5,00:58:54
256,1,5,00:58:58
180,1,5,01:02:37
267,1,5,01:03:04
11,1,5,01:05:28
83,1,5,01:08:20
454,1,5,01:08:37
197,1,5,01:08:48
269,1,5,01:09:51
431,1,5,01:11:27
208,1,5,01:14:07
207,1,5,01:20:48
248,1,5,01:25:52
162,1,5,01:29:17
264,1,5,01:36:46
201,1,5,01:38:38
218,1,5,01:42:25
44,1,5,01:42:26
243,1,5,01:44:17
462,1,5,01:51:26
299,1,5,02:01:17
314,1,5,02:13:55
278,1,5,02:16:36
170,1,5,02:24:11
188,1,5,02:24:30
10,1,5,02:25:49
398,1,5,02:27:35
165,1,5,02:37:50
383,1,5,03:42:19
95,1,5,03:58:30
413,1,5,04:25:30
364,1,5,04:38:55
81,1,5,05:55:22
452,1,5,06:01:56
218,1,5,06:08:16
409,1,5,06:13:50
342,1,5,06:16:05
121,1,5,06:18:45
289,1,5,06:19:55
139,1,5,06:19:59
12,1,5,06:24:49
119,1,5,06:25:19
14,1,5,06:25:34
305,1,5,06:26:20
332,1,5,06:27:41
86,1,5,06:29:12
306,1,5,06:29:14
186,1,5,06:29:58
356,1,5,06:31:02
226,1,5,06:31:36
226,1,5,06:31:37
119,1,5,06:35:53
358,1,5,06:37:56
424,1,5,06:38:36
401,1,5,06:40:28
277,1,5,06:42:48
195,1,5,06:43:08
422,1,5,06:43:33
125,1,5,06:44:36
361,1,5,06:45:11
300,1,5,06:46:10
348,1,5,06:47:06
396,1,5,06:48:31
108,1,5,06:48:39
374,1,5,06:49:33
394,1,5,06:50:26
250,1,5,06:50:33
392,1,5,06:50:41
135,1,5,06:51:38
99,1,5,06:51:46
461,1,5,06:53:03
370,1,5,06:55:01
138,1,5,06:55:03
41,1,5,06:56:03
269,1,5,06:57:27
337,1,5,06:57:45
420,1,5,06:57:48
156,1,5,06:58:43
239,1,5,06:59:57
63,1,5,07:00:01
272,1,5,07:01:11
82,1,5,07:01:45
332,1,5,07:02:21
102,1,5,07:02:24
225,1,5,07:02:41
30,1,5,07:03:25
254,1,5,07:04:00
247,1,5,07:04:01
150,1,5,07:04:27
74,1,5,07:06:00
418,1,5,07:07:33
425,1,5,07:08:25
181,1,5,07:08:25
326,1,5,07:08:26
73,1,5,07:08:27
17,1,5,07:08:58
228,1,5,07:12:21
169,1,5,07:12:37
453,1,5,07:12:53
307,1,5,07:13:02
449,1,5,07:13:35
234,1,5,07:14:46
328,1,5,07:16:29
60,1,5,07:16:50
127,1,5,07:17:18
323,1,5,07:17:53
72,1,5,07:18:30
293,1,5,07:20:17
441,1,5,07:20:24
362,1,5,07:20:59
439,1,5,07:21:10
20,1,5,07:21:31
203,1,5,07:21:48
6,1,5,07:22:01
376,1,5,07:22:43
451,1,5,07:22:44
331,1,5,07:23:03
318,1,5,07:23:05
257,1,5,07:23:09
320,1,5,07:26:20
274,1,5,07:26:45
83,1,5,07:27:46
167,1,5,07:27:51
295,1,5,07:27:59
104,1,5,07:28:13
258,1,5,07:28:18
143,1,5,07:28:52
70,1,5,07:29:13
258,1,5,07:29:41
411,1,5,07:30:12
382,1,5,07:30:54
428,1,5,07:31:20
359,1,5,07:31:38
391,1,5,07:32:12
133,1,5,07:32:39
9,1,5,07:34:21
40,1,5,07:34:26
106,1,5,07:34:32
206,1,5,07:35:07
185,1,5,07:35:56
443,1,5,07:35:57
443,1,5,07:36:15
269,1,5,07:36:24
255,1,5,07:36:31
84,1,5,07:37:24
128,1,5,07:37:24
18,1,5,07:37:40
302,1,5,07:38:29
33,1,5,07:38:52
350,1,5,07:39:08
371,1,5,07:39:11
45,1,5,07:40:08
368,1,5,07:40:55
212,1,5,07:42:06
205,1,5,07:42:52
213,1,5,07:43:04
365,1,5,07:43:51
456,1,5,07:44:00
132,1,5,07:44:16
351,1,5,07:44:20
204,1,5,07:45:04
100,1,5,07:45:05
355,1,5,07:45:13
442,1,5,07:45:48
384,1,5,07:46:02
199,1,5,07:46:34
408,1,5,07:47:25
76,1,5,07:47:58
253,1,5,07:49:21
379,1,5,07:49:57
432,1,5,07:50:11
110,1,5,07:50:40
275,1,5,07:50:58
254,1,5,07:51:26
33,1,5,07:52:17
33,1,5,07:52:17
105,1,5,07:52:21
2,1,5,07:52:23
308,1,5,07:53:00
447,1,5,07:53:01
361,1,5,07:53:09
290,1,5,07:53:41
311,1,5,07:54:20
166,1,5,07:54:47
124,1,5,07:54:59
387,1,5,07:55:02
141,1,5,07:55:04
299,1,5,07:55:06
109,1,5,07:55:11
240,1,5,07:55:17
68,1,5,07:55:58
287,1,5,07:56:03
77,1,5,07:56:10
97,1,5,07:56:15
297,1,5,07:56:31
29,1,5,07:56:36
441,1,5,07:57:05
301,1,5,07:57:15
406,1,5,07:57:28
252,1,5,07:57:46
360,1,5,07:58:02
230,1,5,07:58:10
322,1,5,07:59:09
276,1,5,07:59:14
271,1,5,07:59:33
64,1,5,07:59:57
5,1,5,08:00:36
114,1,5,08:00:38
400,1,5,08:00:48
385,1,5,08:01:13
397,1,5,08:01:23
416,1,5,08:01:32
188,1,5,08:02:04
372,1,5,08:02:09
236,1,5,08:02:09
165,1,5,08:02:27
148,1,5,08:02:43
153,1,5,08:03:13
85,1,5,08:03:36
344,1,5,08:03:49
423,1,5,08:04:04
436,1,5,08:04:24
21,1,5,08:04:42
21,1,5,08:04:42
21,1,5,08:04:43
22,1,5,08:04:49
4,1,5,08:04:53
8,1,5,08:05:06
395,1,5,08:06:48
268,1,5,08:07:42
82,1,5,08:07:45
407,1,5,08:07:46
358,1,5,08:08:13
44,1,5,08:08:15
177,1,5,08:09:06
175,1,5,08:09:13
366,1,5,08:09:24
80,1,5,08:09:57
323,1,5,08:10:31
381,1,5,08:10:48
466,1,5,08:11:47
35,1,5,08:11:54
284,1,5,08:12:27
90,1,5,08:12:44
26,1,5,08:12:59
324,1,5,08:13:36
87,1,5,08:13:46
126,1,5,08:13:58
126,1,5,08:13:58
126,1,5,08:14:14
253,1,5,08:14:21
130,1,5,08:15:00
264,1,5,08:15:53
264,1,5,08:15:53
208,1,5,08:16:05
208,1,5,08:16:05
357,1,5,08:16:44
192,1,5,08:16:46
200,1,5,08:17:21
200,1,5,08:17:22
163,1,5,08:17:46
217,1,5,08:17:47
223,1,5,08:17:50
223,1,5,08:17:51
364,1,5,08:18:54
245,1,5,08:19:22
245,1,5,08:19:22
121,1,5,08:21:07
43,1,5,08:21:12
160,1,5,08:22:05
101,1,5,08:22:10
347,1,5,08:22:59
173,1,5,08:23:13
419,1,5,08:23:25
46,1,5,08:23:55
445,1,5,08:24:38
123,1,5,08:26:47
123,1,5,08:26:47
81,1,5,08:27:09
454,1,5,08:27:14
118,1,5,08:27:33
59,1,5,08:27:56
26,1,5,08:28:01
437,1,5,08:28:04
338,1,5,08:28:07
48,1,5,08:28:35
208,1,5,08:28:42
414,1,5,08:28:53
304,1,5,08:29:26
37,1,5,08:29:30
30,1,5,08:29:37
231,1,5,08:30:16
15,1,5,08:30:18
292,1,5,08:30:33
137,1,5,08:30:42
96,1,5,08:30:54
96,1,5,08:30:54
285,1,5,08:30:55
286,1,5,08:31:14
52,1,5,08:31:39
52,1,5,08:31:39
242,1,5,08:31:46
335,1,5,08:32:52
202,1,5,08:32:54
202,1,5,08:32:54
390,1,5,08:32:57
390,1,5,08:32:58
324,1,5,08:33:18
337,1,5,08:34:05
273,1,5,08:34:41
296,1,5,08:35:13
434,1,5,08:35:21
39,1,5,08:35:55
103,1,5,08:37:52
36,1,5,08:37:59
389,1,5,08:38:14
92,1,5,08:39:39
153,1,5,08:40:10
343,1,5,08:40:37
451,1,5,08:40:50
451,1,5,08:40:50
119,1,5,08:41:10
420,1,5,08:41:19
329,1,5,08:42:49
329,1,5,08:42:49
77,1,5,08:42:56
77,1,5,08:42:56
422,1,5,08:45:28
378,1,5,08:46:55
34,1,5,08:47:00
158,1,5,08:48:54
158,1,5,08:48:54
25,1,5,08:49:11
151,1,5,08:49:13
186,1,5,08:49:17
232,1,5,08:49:30
312,1,5,08:49:48
378,1,5,08:50:00
28,1,5,08:51:19
224,1,5,08:51:33
315,1,5,08:51:52
125,1,5,08:52:57
125,1,5,08:52:58
403,1,5,08:53:16
394,1,5,08:53:27
156,1,5,08:53:28
279,1,5,08:54:31
392,1,5,08:54:39
125,1,5,08:54:39
409,1,5,08:55:56
120,1,5,08:55:58
32,1,5,08:56:22
409,1,5,08:57:05
201,1,5,08:57:39
352,1,5,08:58:06
352,1,5,08:58:07
399,1,5,08:58:28
267,1,5,08:58:39
107,1,5,08:59:13
363,1,5,08:59:37
431,1,5,09:00:00
404,1,5,09:00:24
404,1,5,09:00:24
440,1,5,09:00:40
421,1,5,09:01:21
1,1,5,09:01:27
111,1,5,09:01:31
429,1,5,09:01:35
57,1,5,09:01:36
420,1,5,09:02:08
69,1,5,09:02:13
184,1,5,09:03:15
280,1,5,09:03:20
402,1,5,09:04:11
60,1,5,09:04:49
303,1,5,09:05:07
47,1,5,09:05:14
306,1,5,09:05:33
234,1,5,09:05:51
289,1,5,09:06:34
435,1,5,09:07:28
337,1,5,09:08:01
374,1,5,09:08:15
358,1,5,09:09:05
459,1,5,09:09:42
65,1,5,09:09:45
359,1,5,09:10:01
265,1,5,09:10:08
136,1,5,09:10:29
31,1,5,09:11:17
307,1,5,09:11:18
307,1,5,09:12:16
11,1,5,09:12:31
291,1,5,09:12:44
307,1,5,09:13:28
333,1,5,09:13:46
386,1,5,09:14:12
93,1,5,09:14:25
79,1,5,09:14:33
310,1,5,09:14:35
235,1,5,09:15:22
241,1,5,09:16:12
49,1,5,09:16:16
14,1,5,09:17:14
337,1,5,09:17:58
198,1,5,09:19:07
427,1,5,09:19:16
427,1,5,09:19:16
467,1,5,09:19:21
467,1,5,09:19:21
426,1,5,09:20:11
237,1,5,09:20:31
218,1,5,09:21:02
305,1,5,09:21:24
455,1,5,09:21:34
341,1,5,09:21:35
115,1,5,09:22:22
205,1,5,09:22:27
62,1,5,09:22:27
369,1,5,09:22:28
452,1,5,09:22:32
354,1,5,09:22:34
360,1,5,09:23:03
309,1,5,09:23:08
140,1,5,09:23:13
415,1,5,09:23:19
58,1,5,09:23:44
280,1,5,09:23:46
184,1,5,09:24:07
155,1,5,09:24:08
411,1,5,09:24:22
54,1,5,09:24:42
307,1,5,09:24:44
75,1,5,09:25:03
75,1,5,09:25:03
27,1,5,09:25:19
396,1,5,09:25:23
191,1,5,09:25:46
24,1,5,09:26:15
128,1,5,09:26:31
234,1,5,09:27:10
80,1,5,09:27:26
334,1,5,09:28:09
334,1,5,09:28:09
313,1,5,09:28:16
195,1,5,09:28:57
327,1,5,09:29:18
168,1,5,09:29:25
168,1,5,09:29:26
258,1,5,09:29:38
252,1,5,09:30:03
411,1,5,09:30:50
245,1,5,09:30:52
108,1,5,09:30:56
181,1,5,09:31:06
209,1,5,09:31:13
59,1,5,09:31:29
451,1,5,09:31:34
325,1,5,09:31:35
361,1,5,09:31:39
219,1,5,09:31:48
18,1,5,09:32:01
150,1,5,09:32:02
460,1,5,09:33:05
385,1,5,09:33:30
132,1,5,09:33:47
248,1,5,09:34:38
433,1,5,09:35:02
56,1,5,09:35:14
307,1,5,09:35:56
159,1,5,09:36:21
307,1,5,09:36:22
332,1,5,09:36:23
408,1,5,09:36:30
375,1,5,09:36:47
433,1,5,09:37:16
93,1,5,09:37:29
445,1,5,09:37:31
445,1,5,09:37:32
114,1,5,09:37:39
252,1,5,09:37:41
30,1,5,09:37:53
270,1,5,09:38:20
169,1,5,09:38:34
228,1,5,09:38:34
280,1,5,09:39:13
133,1,5,09:39:35
369,1,5,09:39:54
380,1,5,09:39:56
15,1,5,09:40:08
259,1,5,09:40:22
189,1,5,09:40:30
131,1,5,09:40:37
319,1,5,09:41:06
410,1,5,09:41:08
225,1,5,09:41:26
72,1,5,09:41:46
275,1,5,09:41:52
331,1,5,09:42:38
188,1,5,09:42:38
277,1,5,09:43:40
318,1,5,09:43:43
318,1,5,09:43:43
309,1,5,09:43:48
115,1,5,09:44:04
186,1,5,09:44:10
214,1,5,09:44:24
244,1,5,09:44:39
357,1,5,09:44:49
435,1,5,09:44:52
226,1,5,09:45:24
144,1,5,09:45:36
144,1,5,09:45:36
250,1,5,09:45:51
288,1,5,09:46:09
467,1,5,09:46:40
307,1,5,09:46:41
280,1,5,09:46:47
102,1,5,09:46:57
434,1,5,09:47:03
44,1,5,09:47:16
291,1,5,09:47:20
143,1,5,09:47:32
255,1,5,09:48:03
302,1,5,09:48:20
87,1,5,09:49:07
195,1,5,09:49:09
428,1,5,09:49:53
428,1,5,09:49:53
12,1,5,09:49:54
229,1,5,09:50:10
162,1,5,09:50:12
412,1,5,09:50:27
197,1,5,09:50:48
20,1,5,09:50:49
53,1,5,09:50:54
324,1,5,09:50:54
237,1,5,09:51:02
184,1,5,09:51:10
434,1,5,09:51:10
147,1,5,09:51:13
359,1,5,09:51:20
204,1,5,09:51:22
204,1,5,09:51:22
297,1,5,09:51:31
18,1,5,09:51:33
307,1,5,09:51:37
275,1,5,09:51:43
39,1,5,09:51:51
394,1,5,09:51:51
245,1,5,09:51:55
112,1,5,09:52:01
272,1,5,09:52:03
341,1,5,09:52:04
317,1,5,09:52:19
260,1,5,09:52:29
49,1,5,09:52:37
309,1,5,09:52:43
168,1,5,09:52:47
149,1,5,09:52:53
357,1,5,09:52:58
213,1,5,09:53:01
456,1,5,09:53:07
120,1,5,09:53:08
348,1,5,09:53:13
12,1,5,09:53:18
92,1,5,09:53:37
405,1,5,09:53:38
108,1,5,09:53:44
67,1,5,09:54:00
259,1,5,09:54:13
408,1,5,09:54:13
438,1,5,09:54:19
211,1,5,09:54:20
342,1,5,09:54:39
9,1,5,09:54:39
203,1,5,09:54:42
307,1,5,09:54:56
373,1,5,09:55:00
252,1,5,09:55:13
307,1,5,09:55:13
167,1,5,09:55:37
108,1,5,09:55:38
351,1,5,09:55:54
269,1,5,09:56:04
218,1,5,09:56:08
160,1,5,09:56:21
408,1,5,09:56:50
360,1,5,09:57:04
135,1,5,09:57:14
309,1,5,09:57:16
1,1,5,09:57:23
324,1,5,09:57:24
324,1,5,09:57:25
308,1,5,09:58:03
430,1,5,09:58:13
377,1,5,09:58:14
307,1,5,09:58:30
304,1,5,09:58:39
91,1,5,09:58:41
340,1,5,09:58:42
439,1,5,09:58:51
375,1,5,09:58:58
246,1,5,09:59:06
5,1,5,09:59:36
58,1,5,09:59:38
307,1,5,10:00:28
455,1,5,10:00:34
300,1,5,10:00:51
353,1,5,10:00:59
336,1,5,10:01:04
266,1,5,10:01:22
254,1,5,10:01:54
324,1,5,10:02:08
427,1,5,10:02:40
127,1,5,10:02:45
180,1,5,10:02:50
351,1,5,10:02:57
423,1,5,10:03:00
361,1,5,10:03:00
97,1,5,10:04:00
105,1,5,10:04:13
128,1,5,10:05:04
226,1,5,10:05:14
183,1,5,10:05:24
363,1,5,10:05:33
227,1,5,10:06:10
159,1,5,10:06:27
159,1,5,10:06:27
117,1,5,10:06:35
299,1,5,10:07:11
306,1,5,10:07:56
424,1,5,10:08:02
41,1,5,10:08:57
139,1,5,10:10:37
448,1,5,10:10:52
384,1,5,10:10:56
88,1,5,10:11:03
155,1,5,10:11:20
301,1,5,10:11:53
457,1,5,10:11:56
382,1,5,10:12:15
458,1,5,10:12:18
209,1,5,10:12:38
240,1,5,10:13:20
63,1,5,10:13:55
219,1,5,10:14:05
465,1,5,10:14:33
137,1,5,10:14:48
82,1,5,10:14:56
239,1,5,10:14:59
88,1,5,10:15:01
246,1,5,10:15:33
172,1,5,10:15:49
271,1,5,10:17:02
194,1,5,10:17:16
170,1,5,10:17:27
412,1,5,10:17:56
254,1,5,10:18:08
95,1,5,10:18:28
215,1,5,10:18:48
43,1,5,10:19:42
306,1,5,10:19:50
409,1,5,10:20:44
268,1,5,10:20:52
346,1,5,10:20:55
391,1,5,10:21:00
344,1,5,10:21:04
15,1,5,10:21:34
463,1,5,10:22:29
45,1,5,10:23:13
179,1,5,10:23:49
436,1,5,10:23:57
222,1,5,10:23:58
341,1,5,10:24:04
290,1,5,10:24:15
170,1,5,10:24:23
307,1,5,10:24:37
8,1,5,10:25:04
442,1,5,10:25:14
287,1,5,10:25:38
262,1,5,10:26:07
220,1,5,10:26:17
14,1,5,10:27:32
153,1,5,10:27:35
36,1,5,10:28:18
430,1,5,10:28:54
467,1,5,10:28:59
214,1,5,10:29:53
46,1,5,10:30:13
338,1,5,10:30:37
61,1,5,10:31:09
367,1,5,10:31:26
104,1,5,10:31:34
324,1,5,10:31:45
256,1,5,10:31:47
312,1,5,10:31:47
163,1,5,10:32:25
443,1,5,10:34:32
443,1,5,10:34:46
25,1,5,10:34:52
335,1,5,10:35:15
6,1,5,10:35:27
45,1,5,10:35:33
116,1,5,10:35:39
186,1,5,10:35:58
433,1,5,10:36:06
285,1,5,10:36:21
226,1,5,10:36:57
306,1,5,10:37:17
371,1,5,10:38:49
371,1,5,10:38:49
2,1,5,10:39:04
387,1,5,10:40:30
225,1,5,10:40:33
441,1,5,10:40:33
236,1,5,10:40:34
324,1,5,10:40:36
201,1,5,10:41:03
174,1,5,10:41:38
73,1,5,10:41:46
143,1,5,10:41:56
88,1,5,10:41:59
90,1,5,10:42:07
425,1,5,10:42:25
17,1,5,10:42:37
29,1,5,10:42:41
467,1,5,10:42:52
389,1,5,10:43:13
306,1,5,10:43:36
142,1,5,10:44:08
435,1,5,10:44:55
413,1,5,10:45:08
148,1,5,10:45:15
400,1,5,10:45:20
395,1,5,10:45:37
160,1,5,10:46:19
454,1,5,10:46:25
450,1,5,10:46:35
36,1,5,10:46:47
404,1,5,10:47:56
94,1,5,10:48:02
261,1,5,10:48:24
40,1,5,10:48:41
106,1,5,10:48:50
157,1,5,10:49:56
157,1,5,10:49:57
225,1,5,10:50:11
192,1,5,10:51:24
281,1,5,10:52:16
216,1,5,10:52:44
121,1,5,10:52:46
88,1,5,10:53:09
421,1,5,10:53:52
406,1,5,10:54:13
88,1,5,10:54:51
423,1,5,10:54:56
430,1,5,10:56:37
88,1,5,10:56:44
314,1,5,10:57:07
156,1,5,10:59:38
131,1,5,10:59:42
167,1,5,11:00:07
298,1,5,11:01:33
199,1,5,11:01:51
268,1,5,11:02:23
358,1,5,11:03:08
151,1,5,11:03:19
247,1,5,11:03:29
77,1,5,11:03:30
339,1,5,11:03:48
339,1,5,11:03:49
339,1,5,11:03:49
339,1,5,11:03:49
339,1,5,11:03:50
98,1,5,11:05:46
190,1,5,11:06:25
380,1,5,11:07:33
352,1,5,11:08:46
310,1,5,11:08:47
175,1,5,11:09:50
363,1,5,11:10:37
122,1,5,11:12:20
122,1,5,11:12:20
383,1,5,11:15:24
345,1,5,11:16:01
16,1,5,11:17:33
10,1,5,11:19:34
201,1,5,11:21:41
62,1,5,11:21:59
186,1,5,11:22:01
74,1,5,11:22:04
326,1,5,11:22:58
79,1,5,11:24:23
126,1,5,11:25:20
211,1,5,11:26:02
303,1,5,11:26:37
228,1,5,11:26:41
280,1,5,11:26:42
430,1,5,11:27:01
170,1,5,11:27:15
93,1,5,11:27:19
81,1,5,11:27:34
283,1,5,11:27:40
238,1,5,11:28:04
313,1,5,11:28:33
333,1,5,11:28:40
408,1,5,11:28:44
51,1,5,11:28:55
284,1,5,11:28:58
87,1,5,11:29:00
295,1,5,11:29:11
385,1,5,11:29:26
118,1,5,11:29:30
275,1,5,11:29:35
189,1,5,11:29:37
423,1,5,11:29:39
18,1,5,11:29:43
35,1,5,11:29:45
358,1,5,11:29:47
208,1,5,11:29:50
133,1,5,11:29:56
334,1,5,11:30:08
166,1,5,11:30:16
373,1,5,11:30:23
369,1,5,11:30:41
280,1,5,11:30:42
430,1,5,11:30:49
143,1,5,11:31:13
196,1,5,11:31:14
334,1,5,11:31:23
39,1,5,11:31:28
81,1,5,11:31:53
28,1,5,11:32:04
48,1,5,11:32:20
201,1,5,11:32:26
58,1,5,11:32:37
62,1,5,11:32:38
62,1,5,11:32:39
335,1,5,11:32:54
343,1,5,11:33:03
430,1,5,11:33:14
394,1,5,11:33:20
132,1,5,11:33:25
292,1,5,11:33:30
11,1,5,11:33:56
338,1,5,11:34:23
163,1,5,11:35:04
282,1,5,11:35:18
282,1,5,11:35:18
221,1,5,11:35:21
212,1,5,11:35:26
407,1,5,11:35:30
111,1,5,11:36:01
90,1,5,11:36:08
365,1,5,11:36:30
267,1,5,11:36:34
350,1,5,11:37:07
171,1,5,11:37:22
240,1,5,11:37:28
150,1,5,11:37:39
276,1,5,11:37:40
328,1,5,11:37:55
457,1,5,11:38:06
461,1,5,11:38:15
434,1,5,11:38:27
19,1,5,11:38:27
250,1,5,11:38:31
34,1,5,11:38:38
184,1,5,11:38:40
15,1,5,11:38:43
447,1,5,11:39:26
125,1,5,11:39:29
277,1,5,11:39:52
464,1,5,11:40:02
260,1,5,11:40:11
168,1,5,11:40:23
107,1,5,11:40:31
359,1,5,11:40:39
205,1,5,11:40:39
3,1,5,11:40:40
158,1,5,11:40:44
291,1,5,11:40:56
379,1,5,11:41:20
453,1,5,11:41:27
438,1,5,11:41:33
55,1,5,11:41:35
429,1,5,11:41:52
105,1,5,11:42:11
125,1,5,11:42:21
125,1,5,11:42:22
167,1,5,11:42:37
88,1,5,11:42:39
140,1,5,11:42:40
269,1,5,11:42:45
427,1,5,11:42:55
253,1,5,11:42:55
283,1,5,11:42:58
460,1,5,11:43:40
335,1,5,11:43:43
147,1,5,11:43:44
411,1,5,11:43:52
360,1,5,11:44:11
312,1,5,11:44:21
171,1,5,11:44:31
131,1,5,11:44:43
56,1,5,11:44:44
293,1,5,11:44:50
231,1,5,11:45:06
435,1,5,11:45:08
430,1,5,11:45:17
42,1,5,11:45:32
354,1,5,11:45:38
296,1,5,11:45:57
378,1,5,11:46:14
124,1,5,11:46:37
110,1,5,11:46:47
286,1,5,11:47:08
32,1,5,11:47:19
23,1,5,11:47:23
23,1,5,11:47:24
289,1,5,11:48:02
376,1,5,11:48:11
80,1,5,11:48:25
373,1,5,11:48:34
165,1,5,11:48:34
461,1,5,11:49:13
319,1,5,11:49:54
30,1,5,11:50:19
425,1,5,11:50:33
75,1,5,11:50:34
74,1,5,11:50:52
74,1,5,11:50:53
280,1,5,11:50:54
209,1,5,11:50:57
311,1,5,11:51:02
92,1,5,11:51:03
324,1,5,11:51:21
253,1,5,11:51:27
179,1,5,11:51:36
462,1,5,11:51:37
225,1,5,11:51:51
175,1,5,11:52:13
86,1,5,11:52:17
244,1,5,11:52:35
353,1,5,11:52:40
323,1,5,11:52:45
168,1,5,11:52:52
313,1,5,11:52:58
169,1,5,11:53:15
151,1,5,11:53:15
237,1,5,11:53:48
157,1,5,11:54:03
318,1,5,11:54:12
245,1,5,11:54:21
430,1,5,11:54:39
430,1,5,11:54:48
219,1,5,11:54:59
113,1,5,11:55:13
1,1,5,11:55:15
412,1,5,11:55:21
430,1,5,11:55:25
374,1,5,11:55:31
422,1,5,11:55:36
259,1,5,11:55:42
466,1,5,11:55:47
399,1,5,11:55:48
123,1,5,11:56:05
167,1,5,11:56:16
96,1,5,11:56:21
100,1,5,11:56:27
112,1,5,11:56:49
380,1,5,11:57:12
214,1,5,11:57:21
181,1,5,11:57:43
78,1,5,11:58:02
295,1,5,11:58:12
309,1,5,11:58:21
294,1,5,11:58:26
184,1,5,11:58:30
154,1,5,11:58:49
34,1,5,11:58:51
348,1,5,11:58:54
50,1,5,11:58:59
34,1,5,11:59:00
401,1,5,11:59:09
270,1,5,11:59:12
336,1,5,11:59:15
220,1,5,11:59:32
188,1,5,11:59:36
274,1,5,11:59:40
420,1,5,11:59:47
362,1,5,11:59:52
362,1,5,11:59:53
200,1,5,11:59:58
89,1,5,12:00:16
101,1,5,12:00:20
5,1,5,12:00:27
141,1,5,12:00:27
37,1,5,12:00:28
409,1,5,12:00:35
149,1,5,12:00:38
144,1,5,12:00:43
354,1,5,12:00:47
93,1,5,12:00:57
241,1,5,12:01:15
327,1,5,12:01:38
31,1,5,12:01:58
57,1,5,12:02:15
255,1,5,12:02:34
396,1,5,12:02:53
147,1,5,12:02:56
82,1,5,12:03:20
432,1,5,12:03:43
381,1,5,12:03:54
356,1,5,12:03:55
229,1,5,12:04:12
349,1,5,12:04:27
216,1,5,12:04:36
418,1,5,12:04:45
226,1,5,12:04:56
337,1,5,12:05:04
264,1,5,12:05:05
394,1,5,12:05:14
172,1,5,12:05:38
130,1,5,12:06:23
294,1,5,12:06:32
338,1,5,12:07:03
307,1,5,12:07:06
155,1,5,12:07:12
395,1,5,12:07:13
440,1,5,12:07:16
129,1,5,12:07:17
405,1,5,12:07:35
415,1,5,12:08:05
202,1,5,12:08:12
33,1,5,12:08:17
243,1,5,12:08:35
133,1,5,12:08:49
455,1,5,12:09:24
433,1,5,12:09:35
159,1,5,12:09:38
91,1,5,12:09:59
275,1,5,12:10:04
164,1,5,12:10:34
158,1,5,12:10:35
251,1,5,12:10:43
85,1,5,12:10:52
417,1,5,12:11:03
116,1,5,12:11:05
117,1,5,12:12:37
83,1,5,12:12:42
291,1,5,12:12:59
418,1,5,12:13:11
419,1,5,12:13:23
152,1,5,12:13:30
273,1,5,12:13:39
226,1,5,12:13:40
103,1,5,12:13:42
103,1,5,12:13:43
249,1,5,12:14:42
176,1,5,12:15:11
368,1,5,12:15:13
67,1,5,12:15:38
203,1,5,12:15:44
332,1,5,12:15:44
177,1,5,12:15:51
248,1,5,12:16:10
328,1,5,12:16:13
419,1,5,12:16:26
119,1,5,12:16:30
355,1,5,12:16:56
189,1,5,12:17:01
321,1,5,12:17:11
431,1,5,12:18:37
71,1,5,12:19:26
306,1,5,12:21:14
252,1,5,12:21:41
221,1,5,12:23:44
304,1,5,12:24:01
52,1,5,12:24:08
452,1,5,12:24:35
457,1,5,12:24:56
54,1,5,12:24:59
402,1,5,12:25:00
28,1,5,12:25:03
52,1,5,12:25:26
335,1,5,12:25:32
316,1,5,12:26:05
113,1,5,12:26:06
13,1,5,12:26:11
185,1,5,12:26:39
392,1,5,12:26:43
265,1,5,12:27:07
451,1,5,12:27:41
54,1,5,12:27:44
318,1,5,12:29:08
315,1,5,12:29:14
46,1,5,12:29:41
66,1,5,12:30:22
138,1,5,12:30:57
168,1,5,12:31:00
160,1,5,12:31:04
292,1,5,12:31:18
195,1,5,12:31:18
84,1,5,12:31:25
202,1,5,12:31:33
359,1,5,12:31:44
14,1,5,12:31:46
207,1,5,12:31:48
207,1,5,12:31:48
86,1,5,12:31:55
64,1,5,12:31:56
1,1,5,12:31:58
122,1,5,12:32:16
122,1,5,12:32:16
458,1,5,12:32:27
171,1,5,12:32:27
66,1,5,12:32:29
331,1,5,12:32:29
289,1,5,12:32:32
108,1,5,12:32:35
427,1,5,12:32:41
421,1,5,12:32:45
129,1,5,12:32:51
10,1,5,12:33:04
327,1,5,12:33:19
82,1,5,12:33:21
360,1,5,12:33:57
467,1,5,12:34:10
185,1,5,12:34:17
399,1,5,12:34:49
322,1,5,12:35:03
453,1,5,12:35:43
151,1,5,12:35:52
198,1,5,12:36:03
436,1,5,12:36:11
36,1,5,12:36:24
437,1,5,12:36:31
380,1,5,12:36:45
191,1,5,12:37:27
386,1,5,12:38:04
173,1,5,12:38:24
254,1,5,12:38:31
173,1,5,12:38:58
131,1,5,12:39:29
213,1,5,12:39:31
218,1,5,12:39:42
172,1,5,12:40:11
358,1,5,12:40:26
155,1,5,12:40:35
410,1,5,12:40:40
47,1,5,12:40:40
135,1,5,12:40:57
77,1,5,12:40:57
245,1,5,12:41:10
358,1,5,12:41:18
230,1,5,12:41:26
211,1,5,12:41:35
363,1,5,12:42:07
234,1,5,12:42:23
323,1,5,12:42:31
171,1,5,12:42:37
175,1,5,12:42:47
236,1,5,12:43:52
329,1,5,12:43:56
226,1,5,12:44:11
445,1,5,12:44:31
337,1,5,12:44:56
293,1,5,12:45:26
179,1,5,12:45:38
68,1,5,12:45:44
68,1,5,12:45:44
232,1,5,12:46:10
403,1,5,12:46:28
120,1,5,12:46:44
196,1,5,12:46:51
257,1,5,12:46:59
214,1,5,12:47:44
148,1,5,12:48:11
114,1,5,12:48:18
33,1,5,12:48:28
367,1,5,12:49:34
362,1,5,12:50:14
86,1,5,12:50:18
347,1,5,12:51:14
320,1,5,12:51:17
25,1,5,12:51:37
438,1,5,12:51:56
163,1,5,12:51:57
121,1,5,12:52:06
336,1,5,12:52:08
97,1,5,12:52:09
53,1,5,12:52:28
429,1,5,12:52:37
134,1,5,12:52:51
134,1,5,12:52:51
158,1,5,12:53:04
153,1,5,12:53:23
246,1,5,12:53:33
126,1,5,12:53:51
123,1,5,12:53:58
116,1,5,12:55:32
149,1,5,12:55:50
139,1,5,12:55:55
372,1,5,12:56:58
9,1,5,12:57:42
392,1,5,12:57:57
317,1,5,12:58:17
13,1,5,13:00:15
69,1,5,13:00:16
385,1,5,13:00:18
398,1,5,13:00:29
49,1,5,13:00:55
63,1,5,13:01:05
460,1,5,13:02:10
325,1,5,13:02:30
217,1,5,13:02:48
279,1,5,13:03:00
222,1,5,13:03:11
156,1,5,13:03:11
182,1,5,13:04:21
235,1,5,13:04:22
457,1,5,13:04:28
302,1,5,13:04:36
448,1,5,13:04:49
20,1,5,13:06:18
433,1,5,13:07:03
344,1,5,13:08:11
428,1,5,13:08:37
334,1,5,13:08:53
375,1,5,13:09:58
65,1,5,13:10:33
336,1,5,13:11:13
95,1,5,13:11:16
24,1,5,13:11:23
219,1,5,13:11:29
278,1,5,13:11:31
59,1,5,13:11:40
161,1,5,13:11:59
391,1,5,13:12:11
148,1,5,13:12:11
300,1,5,13:12:16
44,1,5,13:12:17
426,1,5,13:12:18
344,1,5,13:12:20
170,1,5,13:12:24
413,1,5,13:12:27
237,1,5,13:12:31
4,1,5,13:12:32
143,1,5,13:12:35
303,1,5,13:12:40
151,1,5,13:13:08
85,1,5,13:13:21
363,1,5,13:13:51
214,1,5,13:14:10
112,1,5,13:14:22
76,1,5,13:15:03
110,1,5,13:15:15
115,1,5,13:15:34
8,1,5,13:15:34
408,1,5,13:15:36
19,1,5,13:15:40
439,1,5,13:16:14
280,1,5,13:16:14
324,1,5,13:16:33
206,1,5,13:16:38
126,1,5,13:16:55
34,1,5,13:17:14
462,1,5,13:17:31
247,1,5,13:17:34
366,1,5,13:18:14
188,1,5,13:18:27
248,1,5,13:18:31
463,1,5,13:18:41
160,1,5,13:19:02
299,1,5,13:19:13
30,1,5,13:20:31
61,1,5,13:20:57
211,1,5,13:20:57
290,1,5,13:21:11
430,1,5,13:21:41
382,1,5,13:22:00
198,1,5,13:22:19
307,1,5,13:22:36
252,1,5,13:22:49
284,1,5,13:23:43
142,1,5,13:24:36
415,1,5,13:25:10
357,1,5,13:25:44
364,1,5,13:25:59
183,1,5,13:26:59
216,1,5,13:27:15
57,1,5,13:27:31
343,1,5,13:27:35
430,1,5,13:28:07
305,1,5,13:28:12
262,1,5,13:28:42
136,1,5,13:28:55
266,1,5,13:29:00
60,1,5,13:29:13
390,1,5,13:29:13
390,1,5,13:29:14
454,1,5,13:29:36
245,1,5,13:29:47
35,1,5,13:29:55
38,1,5,13:29:58
77,1,5,13:30:02
292,1,5,13:31:40
126,1,5,13:31:56
345,1,5,13:32:04
272,1,5,13:33:12
238,1,5,13:33:39
340,1,5,13:34:02
209,1,5,13:34:28
3,1,5,13:34:37
150,1,5,13:35:01
88,1,5,13:36:35
342,1,5,13:39:20
137,1,5,13:40:30
51,1,5,13:42:02
65,1,5,13:42:08
152,1,5,13:42:29
256,1,5,13:42:38
282,1,5,13:42:45
17,1,5,13:44:15
268,1,5,13:45:03
251,1,5,13:45:12
55,1,5,13:45:30
239,1,5,13:45:48
396,1,5,13:46:15
320,1,5,13:46:34
434,1,5,13:47:32
460,1,5,13:47:51
356,1,5,13:48:40
416,1,5,13:49:46
286,1,5,13:50:24
29,1,5,13:50:56
352,1,5,13:51:02
171,1,5,13:51:42
122,1,5,13:52:32
122,1,5,13:52:32
122,1,5,13:53:04
194,1,5,13:54:37
375,1,5,13:55:18
320,1,5,13:55:49
464,1,5,13:56:08
421,1,5,13:56:56
410,1,5,13:57:11
127,1,5,13:59:03
147,1,5,14:00:13
292,1,5,14:00:15
341,1,5,14:01:40
98,1,5,14:01:45
395,1,5,14:01:49
87,1,5,14:03:00
449,1,5,14:06:35
419,1,5,14:08:04
310,1,5,14:09:41
200,1,5,14:09:54
408,1,5,14:13:56
162,1,5,14:14:48
444,1,5,14:14:51
312,1,5,14:15:23
246,1,5,14:15:51
462,1,5,14:16:17
22,1,5,14:16:53
176,1,5,14:17:33
400,1,5,14:17:39
185,1,5,14:18:11
185,1,5,14:18:40
13,1,5,14:20:13
306,1,5,14:20:17
36,1,5,14:21:09
337,1,5,14:21:25
456,1,5,14:21:57
175,1,5,14:22:15
397,1,5,14:22:19
407,1,5,14:22:53
105,1,5,14:23:23
355,1,5,14:23:34
10,1,5,14:24:00
412,1,5,14:24:17
202,1,5,14:25:09
92,1,5,14:25:57
6,1,5,14:26:14
311,1,5,14:26:16
162,1,5,14:26:19
35,1,5,14:26:55
35,1,5,14:27:22
115,1,5,14:27:41
306,1,5,14:29:23
89,1,5,14:30:33
353,1,5,14:32:21
406,1,5,14:33:17
240,1,5,14:34:06
308,1,5,14:35:50
113,1,5,14:36:16
212,1,5,14:39:02
314,1,5,14:42:02
154,1,5,14:42:04
207,1,5,14:42:09
26,1,5,14:42:10
122,1,5,14:42:29
122,1,5,14:42:29
418,1,5,14:42:29
348,1,5,14:43:07
220,1,5,14:43:10
42,1,5,14:44:01
15,1,5,14:44:09
56,1,5,14:44:09
404,1,5,14:45:35
64,1,5,14:46:18
363,1,5,14:47:19
341,1,5,14:47:57
75,1,5,14:48:50
47,1,5,14:49:01
61,1,5,14:49:22
45,1,5,14:50:13
369,1,5,14:50:31
386,1,5,14:50:33
458,1,5,14:50:33
346,1,5,14:51:10
423,1,5,14:51:18
21,1,5,14:51:23
367,1,5,14:51:32
287,1,5,14:52:09
167,1,5,14:53:19
3,1,5,14:54:08
316,1,5,14:55:00
455,1,5,14:55:25
148,1,5,14:55:50
199,1,5,14:56:09
197,1,5,14:56:17
433,1,5,14:57:39
330,1,5,15:01:20
425,1,5,15:01:37
388,1,5,15:01:54
334,1,5,15:02:07
327,1,5,15:03:16
361,1,5,15:04:41
409,1,5,15:04:52
133,1,5,15:05:52
298,1,5,15:05:53
277,1,5,15:06:20
377,1,5,15:09:02
320,1,5,15:09:21
124,1,5,15:10:24
117,1,5,15:10:46
11,1,5,15:13:03
243,1,5,15:14:34
296,1,5,15:14:59
150,1,5,15:16:19
383,1,5,15:16:38
441,1,5,15:16:39
252,1,5,15:16:42
307,1,5,15:17:38
428,1,5,15:18:09
435,1,5,15:18:15
62,1,5,15:18:21
143,1,5,15:20:37
268,1,5,15:20:41
169,1,5,15:21:00
9,1,5,15:21:58
97,1,5,15:21:59
45,1,5,15:22:42
318,1,5,15:22:43
246,1,5,15:23:09
358,1,5,15:23:43
208,1,5,15:23:49
200,1,5,15:23:58
417,1,5,15:24:14
19,1,5,15:24:25
92,1,5,15:24:37
343,1,5,15:24:39
160,1,5,15:24:48
185,1,5,15:25:19
94,1,5,15:25:48
71,1,5,15:26:10
112,1,5,15:26:13
63,1,5,15:26:27
153,1,5,15:26:29
180,1,5,15:26:36
336,1,5,15:27:02
100,1,5,15:27:16
421,1,5,15:27:45
319,1,5,15:28:20
165,1,5,15:28:55
297,1,5,15:29:03
223,1,5,15:30:07
223,1,5,15:30:08
322,1,5,15:30:26
448,1,5,15:31:32
442,1,5,15:32:43
393,1,5,15:32:47
50,1,5,15:33:21
351,1,5,15:33:57
2,1,5,15:34:08
278,1,5,15:34:23
60,1,5,15:34:59
429,1,5,15:35:04
401,1,5,15:35:08
115,1,5,15:35:13
31,1,5,15:35:22
335,1,5,15:36:41
285,1,5,15:36:52
81,1,5,15:37:26
178,1,5,15:38:08
178,1,5,15:38:08
358,1,5,15:40:04
190,1,5,15:40:23
225,1,5,15:40:46
174,1,5,15:40:47
28,1,5,15:40:58
141,1,5,15:41:19
222,1,5,15:41:19
354,1,5,15:42:42
276,1,5,15:42:50
104,1,5,15:43:21
140,1,5,15:43:30
304,1,5,15:43:44
1,1,5,15:44:12
157,1,5,15:44:35
371,1,5,15:44:54
455,1,5,15:45:45
317,1,5,15:45:54
137,1,5,15:45:58
14,1,5,15:46:57
379,1,5,15:47:41
407,1,5,15:50:06
387,1,5,15:50:41
189,1,5,15:51:15
105,1,5,15:51:31
99,1,5,15:51:49
438,1,5,15:52:00
67,1,5,15:52:35
191,1,5,15:52:36
233,1,5,15:52:44
315,1,5,15:53:05
68,1,5,15:53:20
274,1,5,15:53:26
284,1,5,15:54:19
171,1,5,15:54:47
32,1,5,15:54:48
423,1,5,15:55:08
198,1,5,15:56:17
229,1,5,15:56:46
129,1,5,15:57:34
99,1,5,15:57:54
422,1,5,15:58:58
209,1,5,16:00:25
167,1,5,16:00:33
395,1,5,16:01:04
432,1,5,16:01:27
453,1,5,16:02:13
457,1,5,16:02:14
114,1,5,16:02:17
265,1,5,16:02:23
43,1,5,16:02:41
268,1,5,16:02:55
425,1,5,16:05:36
147,1,5,16:06:37
337,1,5,16:06:52
235,1,5,16:06:59
156,1,5,16:07:01
322,1,5,16:07:31
224,1,5,16:07:42
314,1,5,16:08:20
443,1,5,16:08:42
47,1,5,16:09:20
441,1,5,16:09:24
441,1,5,16:09:24
289,1,5,16:09:27
304,1,5,16:09:34
264,1,5,16:09:41
218,1,5,16:09:46
48,1,5,16:10:05
126,1,5,16:10:49
405,1,5,16:10:51
303,1,5,16:11:19
66,1,5,16:11:21
239,1,5,16:11:38
164,1,5,16:11:53
295,1,5,16:12:06
55,1,5,16:12:29
255,1,5,16:12:34
283,1,5,16:12:46
226,1,5,16:13:40
183,1,5,16:13:46
339,1,5,16:13:54
44,1,5,16:14:04
286,1,5,16:15:32
309,1,5,16:15:46
280,1,5,16:16:40
211,1,5,16:17:20
308,1,5,16:17:41
146,1,5,16:17:47
251,1,5,16:17:50
450,1,5,16:18:19
305,1,5,16:19:21
96,1,5,16:19:37
128,1,5,16:20:30
102,1,5,16:20:38
411,1,5,16:21:16
76,1,5,16:21:24
163,1,5,16:21:40
386,1,5,16:22:30
217,1,5,16:23:05
51,1,5,16:23:59
138,1,5,16:24:05
168,1,5,16:24:26
337,1,5,16:24:55
382,1,5,16:25:25
395,1,5,16:26:14
423,1,5,16:26:25
460,1,5,16:26:32
173,1,5,16:29:16
166,1,5,16:30:29
186,1,5,16:31:24
312,1,5,16:31:39
365,1,5,16:33:10
446,1,5,16:34:02
113,1,5,16:34:38
413,1,5,16:34:49
328,1,5,16:36:39
160,1,5,16:38:08
110,1,5,16:39:20
100,1,5,16:40:11
374,1,5,16:40:18
332,1,5,16:41:19
238,1,5,16:42:24
363,1,5,16:42:26
70,1,5,16:43:01
424,1,5,16:47:12
130,1,5,16:48:40
38,1,5,16:49:07
359,1,5,16:49:28
349,1,5,16:50:41
290,1,5,16:50:59
247,1,5,16:52:49
27,1,5,16:54:26
159,1,5,16:55:00
11,1,5,16:55:15
124,1,5,16:59:44
37,1,5,17:00:19
385,1,5,17:00:22
75,1,5,17:00:57
277,1,5,17:00:58
142,1,5,17:01:08
149,1,5,17:02:08
69,1,5,17:02:43
444,1,5,17:03:15
23,1,5,17:03:29
192,1,5,17:03:45
134,1,5,17:04:54
326,1,5,17:06:23
108,1,5,17:06:41
15,1,5,17:08:51
52,1,5,17:09:48
316,1,5,17:10:26
52,1,5,17:10:46
351,1,5,17:11:05
285,1,5,17:12:03
83,1,5,17:12:51
115,1,5,17:13:38
372,1,5,17:15:04
397,1,5,17:16:35
376,1,5,17:16:40
447,1,5,17:18:47
108,1,5,17:20:29
194,1,5,17:20:38
107,1,5,17:21:00
68,1,5,17:21:07
360,1,5,17:21:10
185,1,5,17:21:21
84,1,5,17:21:39
271,1,5,17:21:49
455,1,5,17:21:50
231,1,5,17:21:52
357,1,5,17:22:24
174,1,5,17:22:25
29,1,5,17:22:59
307,1,5,17:23:00
170,1,5,17:23:42
465,1,5,17:23:44
182,1,5,17:23:52
79,1,5,17:24:08
373,1,5,17:24:09
57,1,5,17:25:08
294,1,5,17:25:18
434,1,5,17:25:52
370,1,5,17:25:55
26,1,5,17:25:56
219,1,5,17:25:58
154,1,5,17:26:08
430,1,5,17:26:10
184,1,5,17:26:18
273,1,5,17:26:30
98,1,5,17:26:49
403,1,5,17:26:57
116,1,5,17:27:23
161,1,5,17:27:31
418,1,5,17:27:36
273,1,5,17:28:21
10,1,5,17:28:24
121,1,5,17:28:36
269,1,5,17:28:39
101,1,5,17:28:45
124,1,5,17:29:04
257,1,5,17:29:08
411,1,5,17:29:52
73,1,5,17:29:53
203,1,5,17:30:29
85,1,5,17:31:22
88,1,5,17:31:43
191,1,5,17:31:47
270,1,5,17:33:10
13,1,5,17:33:37
439,1,5,17:34:31
282,1,5,17:34:33
440,1,5,17:35:10
463,1,5,17:35:28
292,1,5,17:35:35
132,1,5,17:35:54
345,1,5,17:36:15
367,1,5,17:36:37
108,1,5,17:36:50
262,1,5,17:37:03
108,1,5,17:37:33
324,1,5,17:37:36
86,1,5,17:38:22
318,1,5,17:38:31
63,1,5,17:38:33
423,1,5,17:38:35
245,1,5,17:38:53
251,1,5,17:39:10
354,1,5,17:39:14
140,1,5,17:40:25
358,1,5,17:40:31
415,1,5,17:40:46
402,1,5,17:40:59
164,1,5,17:41:05
310,1,5,17:41:16
35,1,5,17:41:20
309,1,5,17:42:01
89,1,5,17:42:03
4,1,5,17:42:12
148,1,5,17:42:16
335,1,5,17:43:02
205,1,5,17:43:13
115,1,5,17:43:26
325,1,5,17:43:39
346,1,5,17:43:47
250,1,5,17:43:51
155,1,5,17:43:53
240,1,5,17:44:57
33,1,5,17:45:02
110,1,5,17:45:23
226,1,5,17:45:48
59,1,5,17:46:39
253,1,5,17:46:51
117,1,5,17:47:33
274,1,5,17:47:41
398,1,5,17:48:01
245,1,5,17:48:24
433,1,5,17:48:43
452,1,5,17:48:55
66,1,5,17:50:05
99,1,5,17:50:16
375,1,5,17:50:38
337,1,5,17:52:16
321,1,5,17:52:29
280,1,5,17:53:30
181,1,5,17:53:46
451,1,5,17:54:06
91,1,5,17:54:57
16,1,5,17:55:05
301,1,5,17:55:06
42,1,5,17:55:20
422,1,5,17:55:25
467,1,5,17:56:41
196,1,5,17:56:52
183,1,5,17:58:18
86,1,5,17:59:31
466,1,5,17:59:38
304,1,5,17:59:43
220,1,5,18:00:21
333,1,5,18:00:31
313,1,5,18:00:40
417,1,5,18:00:45
265,1,5,18:00:53
400,1,5,18:01:01
137,1,5,18:01:31
41,1,5,18:01:57
278,1,5,18:04:18
343,1,5,18:04:47
133,1,5,18:04:54
50,1,5,18:06:06
356,1,5,18:07:06
11,1,5,18:08:39
142,1,5,18:09:47
362,1,5,18:09:55
251,1,5,18:10:18
177,1,5,18:12:21
123,1,5,18:13:17
239,1,5,18:13:50
63,1,5,18:14:47
331,1,5,18:15:41
158,1,5,18:16:10
266,1,5,18:17:20
336,1,5,18:17:28
304,1,5,18:17:28
378,1,5,18:17:31
309,1,5,18:17:37
10,1,5,18:17:39
292,1,5,18:17:43
268,1,5,18:18:01
252,1,5,18:18:12
49,1,5,18:18:14
144,1,5,18:18:15
88,1,5,18:18:34
17,1,5,18:19:04
120,1,5,18:19:16
307,1,5,18:19:17
34,1,5,18:19:22
171,1,5,18:19:32
34,1,5,18:19:33
404,1,5,18:19:37
226,1,5,18:19:44
329,1,5,18:19:57
314,1,5,18:20:04
242,1,5,18:20:31
72,1,5,18:20:45
64,1,5,18:20:55
143,1,5,18:20:57
282,1,5,18:21:10
295,1,5,18:21:15
431,1,5,18:21:25
413,1,5,18:21:31
259,1,5,18:21:38
209,1,5,18:21:58
122,1,5,18:22:08
122,1,5,18:22:08
176,1,5,18:22:08
366,1,5,18:22:11
6,1,5,18:22:12
22,1,5,18:22:12
216,1,5,18:22:38
341,1,5,18:22:46
289,1,5,18:22:57
367,1,5,18:23:12
459,1,5,18:23:24
167,1,5,18:23:35
47,1,5,18:23:35
146,1,5,18:24:09
454,1,5,18:24:15
467,1,5,18:25:02
461,1,5,18:25:05
370,1,5,18:25:07
58,1,5,18:26:06
40,1,5,18:26:15
330,1,5,18:26:19
236,1,5,18:26:24
121,1,5,18:27:11
214,1,5,18:27:13
174,1,5,18:27:14
335,1,5,18:27:32
7,1,5,18:27:33
119,1,5,18:27:35
428,1,5,18:27:36
160,1,5,18:27:41
424,1,5,18:27:43
24,1,5,18:27:44
418,1,5,18:28:08
157,1,5,18:28:25
388,1,5,18:28:32
78,1,5,18:28:41
351,1,5,18:28:54
178,1,5,18:28:54
393,1,5,18:29:51
2,1,5,18:30:01
39,1,5,18:30:11
319,1,5,18:30:42
249,1,5,18:31:01
100,1,5,18:31:10
412,1,5,18:31:15
242,1,5,18:32:04
71,1,5,18:32:40
1,1,5,18:32:46
363,1,5,18:33:09
71,1,5,18:33:16
396,1,5,18:33:35
163,1,5,18:33:42
196,1,5,18:33:58
55,1,5,18:34:05
341,1,5,18:34:16
8,1,5,18:34:22
223,1,5,18:34:32
221,1,5,18:35:14
230,1,5,18:35:56
148,1,5,18:36:01
332,1,5,18:36:34
222,1,5,18:37:01
152,1,5,18:37:34
77,1,5,18:37:41
105,1,5,18:38:24
124,1,5,18:38:40
320,1,5,18:38:41
395,1,5,18:39:08
325,1,5,18:39:15
263,1,5,18:40:04
392,1,5,18:43:17
180,1,5,18:43:28
288,1,5,18:44:11
227,1,5,18:44:41
83,1,5,18:44:48
353,1,5,18:46:19
324,1,5,18:51:59
294,1,5,18:52:31
115,1,5,18:52:54
156,1,5,18:55:21
390,1,5,18:55:51
90,1,5,18:57:55
310,1,5,18:58:34
73,1,5,18:58:35
311,1,5,18:58:40
446,1,5,18:58:54
409,1,5,19:01:45
445,1,5,19:02:47
171,1,5,19:03:11
92,1,5,19:05:13
279,1,5,19:07:05
323,1,5,19:11:33
172,1,5,19:14:27
322,1,5,19:15:44
364,1,5,19:16:09
379,1,5,19:16:55
285,1,5,19:18:19
281,1,5,19:19:29
444,1,5,19:19:49
351,1,5,19:24:24
281,1,5,19:25:06
281,1,5,19:25:25
430,1,5,19:25:36
359,1,5,19:25:46
318,1,5,19:27:46
206,1,5,19:30:54
272,1,5,19:31:50
191,1,5,19:32:21
421,1,5,19:32:25
91,1,5,19:34:01
460,1,5,19:37:08
229,1,5,19:38:58
328,1,5,19:40:55
223,1,5,19:40:57
466,1,5,19:43:29
377,1,5,19:46:00
338,1,5,19:46:51
217,1,5,19:49:21
18,1,5,19:50:43
34,1,5,19:56:27
99,1,5,19:56:35
316,1,5,20:04:52
68,1,5,20:04:54
124,1,5,20:05:25
38,1,5,20:06:58
361,1,5,20:07:28
385,1,5,20:08:37
184,1,5,20:09:48
417,1,5,20:11:33
411,1,5,20:11:55
374,1,5,20:18:20
373,1,5,20:22:20
47,1,5,20:25:28
357,1,5,20:26:06
166,1,5,20:29:15
214,1,5,20:29:53
89,1,5,20:30:04
23,1,5,20:30:28
115,1,5,20:31:47
261,1,5,20:33:07
125,1,5,20:34:11
146,1,5,20:35:17
349,1,5,20:37:24
432,1,5,20:37:25
254,1,5,20:44:11
367,1,5,20:50:02
163,1,5,20:52:14
110,1,5,20:52:35
90,1,5,20:57:51
169,1,5,20:58:45
354,1,5,21:00:15
306,1,5,21:01:57
10,1,5,21:11:50
265,1,5,21:13:26
461,1,5,21:15:21
63,1,5,21:16:15
70,1,5,21:18:16
140,1,5,21:19:50
143,1,5,21:29:36
326,1,5,21:32:03
115,1,5,21:36:38
226,1,5,21:37:11
220,1,5,21:43:02
430,1,5,21:44:24
126,1,5,21:46:38
307,1,5,21:48:56
86,1,5,21:51:22
267,1,5,21:53:41
434,1,5,21:56:57
159,1,5,21:57:21
196,1,5,21:58:25
345,1,5,21:59:55
446,1,5,22:00:05
35,1,5,22:00:51
317,1,5,22:02:22
442,1,5,22:03:11
194,1,5,22:09:37
138,1,5,22:11:55
213,1,5,22:13:02
425,1,5,22:16:27
20,1,5,22:20:25
44,1,5,22:20:59
99,1,5,22:21:54
2,1,5,22:22:27
199,1,5,22:24:36
156,1,5,22:24:42
228,1,5,22:28:27
349,1,5,22:30:33
38,1,5,22:37:12
391,1,5,22:37:38
242,1,5,22:38:34
359,1,5,22:39:06
375,1,5,22:40:32
449,1,5,22:48:00
32,1,5,22:50:20
428,1,5,22:51:33
304,1,5,22:53:21
196,1,5,22:54:48
364,1,5,22:57:00
371,1,5,22:58:03
371,1,5,22:58:03
333,1,5,22:58:54
390,1,5,23:00:37
132,1,5,23:00:49
124,1,5,23:01:28
312,1,5,23:02:34
161,1,5,23:02:42
174,1,5,23:03:36
467,1,5,23:07:16
166,1,5,23:07:50
277,1,5,23:09:16
246,1,5,23:09:35
217,1,5,23:10:00
1,1,5,23:10:35
353,1,5,23:10:48
86,1,5,23:13:49
351,1,5,23:17:53
277,1,5,23:25:16
263,1,5,23:30:21
235,1,5,23:31:04
467,1,5,23:33:56
395,1,5,23:34:06
311,1,5,23:36:20
172,1,5,23:37:36
172,1,5,23:37:36
285,1,5,23:38:40
344,1,5,23:40:27
222,1,5,23:40:37
415,1,5,23:41:52
24,1,5,23:45:02
330,1,5,23:46:58
293,1,5,23:48:19
261,1,5,23:50:44
79,1,5,23:51:05
327,1,5,23:51:11
57,1,5,23:52:02
73,1,5,23:52:27
28,1,5,23:53:36
410,1,5,23:54:21
360,1,5,23:54:24
385,1,5,23:54:27
385,1,5,23:54:38
411,1,5,23:55:09
421,1,5,23:56:31
335,1,5,23:57:14
289,1,5,23:57:49
306,1,5,23:57:49
282,1,5,23:59:31
188,2,6,00:00:41
225,2,6,00:00:43
166,2,6,00:00:53
76,2,6,00:01:01
370,2,6,00:01:09
287,2,6,00:01:11
241,2,6,00:01:20
373,2,6,00:01:26
70,2,6,00:01:27
139,2,6,00:01:36
455,2,6,00:01:37
301,2,6,00:01:44
458,2,6,00:01:56
163,2,6,00:02:24
79,2,6,00:02:32
169,2,6,00:02:38
338,2,6,00:02:50
111,2,6,00:02:55
82,2,6,00:03:06
3,2,6,00:03:10
108,2,6,00:03:14
254,2,6,00:03:15
41,2,6,00:03:40
440,2,6,00:03:58
153,2,6,00:04:03
127,2,6,00:04:09
306,2,6,00:04:13
174,2,6,00:04:15
18,2,6,00:04:17
72,2,6,00:04:27
374,2,6,00:04:36
195,2,6,00:04:41
367,2,6,00:04:42
184,2,6,00:05:22
292,2,6,00:05:44
102,2,6,00:06:16
299,2,6,00:06:30
285,2,6,00:06:38
261,2,6,00:06:40
103,2,6,00:08:09
122,2,6,00:08:30
122,2,6,00:08:30
244,2,6,00:08:41
379,2,6,00:08:52
379,2,6,00:09:01
207,2,6,00:09:22
396,2,6,00:09:24
120,2,6,00:09:30
146,2,6,00:09:36
9,2,6,00:09:55
20,2,6,00:11:30
47,2,6,00:11:36
14,2,6,00:11:39
224,2,6,00:12:07
465,2,6,00:12:18
309,2,6,00:12:26
324,2,6,00:12:28
335,2,6,00:12:30
444,2,6,00:12:31
168,2,6,00:12:35
81,2,6,00:12:40
336,2,6,00:12:41
415,2,6,00:12:50
413,2,6,00:12:51
18,2,6,00:12:52
31,2,6,00:12:53
386,2,6,00:12:55
381,2,6,00:12:55
297,2,6,00:12:57
283,2,6,00:12:58
170,2,6,00:13:00
103,2,6,00:13:01
326,2,6,00:13:01
350,2,6,00:13:04
34,2,6,00:13:04
345,2,6,00:13:06
101,2,6,00:13:06
211,2,6,00:13:08
67,2,6,00:13:08
45,2,6,00:13:09
15,2,6,00:13:10
21,2,6,00:13:10
89,2,6,00:13:10
91,2,6,00:13:10
34,2,6,00:13:12
349,2,6,00:13:12
248,2,6,00:13:12
12,2,6,00:13:14
406,2,6,00:13:15
394,2,6,00:13:15
407,2,6,00:13:15
185,2,6,00:13:17
192,2,6,00:13:17
64,2,6,00:13:18
171,2,6,00:13:18
273,2,6,00:13:18
338,2,6,00:13:18
231,2,6,00:13:19
34,2,6,00:13:19
409,2,6,00:13:23
59,2,6,00:13:24
450,2,6,00:13:24
434,2,6,00:13:26
154,2,6,00:13:26
132,2,6,00:13:29
278,2,6,00:13:32
95,2,6,00:13:32
247,2,6,00:13:34
366,2,6,00:13:37
56,2,6,00:13:37
438,2,6,00:13:40
352,2,6,00:13:46
50,2,6,00:13:48
313,2,6,00:13:48
263,2,6,00:13:49
221,2,6,00:13:51
396,2,6,00:13:52
90,2,6,00:13:54
295,2,6,00:13:57
347,2,6,00:13:57
259,2,6,00:13:58
428,2,6,00:14:00
467,2,6,00:14:11
49,2,6,00:14:18
304,2,6,00:14:22
268,2,6,00:14:22
70,2,6,00:14:26
213,2,6,00:14:36
312,2,6,00:14:45
159,2,6,00:14:50
426,2,6,00:15:05
150,2,6,00:15:07
143,2,6,00:15:08
451,2,6,00:15:10
109,2,6,00:15:15
307,2,6,00:15:22
430,2,6,00:15:22
164,2,6,00:15:25
256,2,6,00:15:28
334,2,6,00:15:37
187,2,6,00:15:46
187,2,6,00:15:47
284,2,6,00:15:47
44,2,6,00:15:57
222,2,6,00:16:01
19,2,6,00:16:01
85,2,6,00:16:05
434,2,6,00:16:07
107,2,6,00:16:07
117,2,6,00:16:16
399,2,6,00:16:27
382,2,6,00:16:29
334,2,6,00:16:32
378,2,6,00:16:48
404,2,6,00:16:51
118,2,6,00:17:04
360,2,6,00:17:11
398,2,6,00:17:16
160,2,6,00:17:22
422,2,6,00:17:33
332,2,6,00:17:42
1,2,6,00:18:04
280,2,6,00:18:16
303,2,6,00:18:17
189,2,6,00:18:31
289,2,6,00:18:34
241,2,6,00:18:50
108,2,6,00:18:52
4,2,6,00:18:57
84,2,6,00:18:59
377,2,6,00:19:11
398,2,6,00:19:16
246,2,6,00:19:17
221,2,6,00:19:23
13,2,6,00:19:25
116,2,6,00:19:31
317,2,6,00:19:36
196,2,6,00:19:56
408,2,6,00:19:56
407,2,6,00:19:59
40,2,6,00:20:00
296,2,6,00:20:13
217,2,6,00:20:19
10,2,6,00:20:42
445,2,6,00:20:44
226,2,6,00:20:58
340,2,6,00:21:06
416,2,6,00:21:07
240,2,6,00:21:12
300,2,6,00:21:35
127,2,6,00:21:35
460,2,6,00:21:49
2,2,6,00:21:58
137,2,6,00:22:18
61,2,6,00:22:40
201,2,6,00:23:16
427,2,6,00:23:23
260,2,6,00:23:36
320,2,6,00:23:37
209,2,6,00:24:26
216,2,6,00:24:49
281,2,6,00:24:50
321,2,6,00:24:59
24,2,6,00:25:23
54,2,6,00:25:43
357,2,6,00:25:44
198,2,6,00:26:02
425,2,6,00:26:05
114,2,6,00:26:15
85,2,6,00:26:49
337,2,6,00:27:30
384,2,6,00:28:40
420,2,6,00:28:46
131,2,6,00:28:47
147,2,6,00:28:56
229,2,6,00:28:59
149,2,6,00:29:19
453,2,6,00:29:59
364,2,6,00:30:32
129,2,6,00:30:32
249,2,6,00:30:41
252,2,6,00:30:46
78,2,6,00:31:16
58,2,6,00:31:33
227,2,6,00:32:19
288,2,6,00:32:52
165,2,6,00:33:47
318,2,6,00:33:59
341,2,6,00:34:12
57,2,6,00:34:41
243,2,6,00:35:25
197,2,6,00:35:40
380,2,6,00:36:07
155,2,6,00:37:21
113,2,6,00:37:47
93,2,6,00:38:06
232,2,6,00:38:20
65,2,6,00:38:21
180,2,6,00:38:32
161,2,6,00:38:49
213,2,6,00:38:54
441,2,6,00:40:40
11,2,6,00:40:40
148,2,6,00:41:45
446,2,6,00:42:09
129,2,6,00:44:01
358,2,6,00:44:31
388,2,6,00:44:35
184,2,6,00:45:04
175,2,6,00:45:32
435,2,6,00:45:55
291,2,6,00:46:24
220,2,6,00:49:09
410,2,6,00:49:34
69,2,6,00:51:01
421,2,6,00:52:40
203,2,6,00:53:50
177,2,6,00:54:11
68,2,6,00:54:46
130,2,6,00:55:02
272,2,6,00:55:21
351,2,6,00:57:28
191,2,6,00:58:30
376,2,6,00:58:47
136,2,6,00:59:32
248,2,6,01:11:55
298,2,6,01:17:30
319,2,6,01:21:18
339,2,6,01:26:48
179,2,6,01:26:57
327,2,6,01:31:00
88,2,6,01:32:30
369,2,6,01:34:09
213,2,6,01:37:02
10,2,6,01:53:45
33,2,6,01:54:48
314,2,6,01:58:20
431,2,6,01:58:37
271,2,6,01:58:39
238,2,6,01:59:00
7,2,6,01:59:16
131,2,6,01:59:36
123,2,6,01:59:37
113,2,6,01:59:59
172,2,6,02:05:46
94,2,6,02:07:13
278,2,6,02:07:33
294,2,6,02:07:45
370,2,6,02:09:37
370,2,6,02:13:15
445,2,6,02:14:02
180,2,6,02:14:56
36,2,6,02:17:10
285,2,6,02:20:53
335,2,6,02:21:00
373,2,6,02:26:57
349,2,6,02:27:07
196,2,6,02:30:01
199,2,6,02:32:48
95,2,6,02:40:38
19,2,6,02:59:40
18,2,6,03:11:20
458,2,6,03:15:11
460,2,6,03:22:57
314,2,6,03:24:39
320,2,6,03:53:22
417,2,6,04:09:26
91,2,6,04:11:01
398,2,6,04:21:55
314,2,6,04:26:48
42,2,6,04:32:08
452,2,6,05:47:18
18,2,6,05:51:23
305,2,6,06:05:08
241,2,6,06:09:51
418,2,6,06:12:44
408,2,6,06:13:24
324,2,6,06:14:24
225,2,6,06:15:50
452,2,6,06:17:15
74,2,6,06:17:21
150,2,6,06:25:00
186,2,6,06:28:48
168,2,6,06:30:32
108,2,6,06:31:26
401,2,6,06:31:59
222,2,6,06:32:58
125,2,6,06:33:17
425,2,6,06:33:27
175,2,6,06:35:28
176,2,6,06:35:39
121,2,6,06:36:29
349,2,6,06:36:46
424,2,6,06:37:17
135,2,6,06:37:34
10,2,6,06:39:28
119,2,6,06:39:29
206,2,6,06:40:12
86,2,6,06:40:48
324,2,6,06:41:42
361,2,6,06:41:58
182,2,6,06:42:28
207,2,6,06:42:39
323,2,6,06:42:53
104,2,6,06:43:30
76,2,6,06:43:37
322,2,6,06:44:16
374,2,6,06:45:29
30,2,6,06:46:36
115,2,6,06:49:01
77,2,6,06:49:12
218,2,6,06:50:00
380,2,6,06:50:20
332,2,6,06:51:26
188,2,6,06:52:31
217,2,6,06:53:00
126,2,6,06:56:19
354,2,6,06:56:22
45,2,6,06:56:38
146,2,6,06:56:42
140,2,6,06:57:14
246,2,6,06:57:16
3,2,6,06:57:40
65,2,6,06:58:02
463,2,6,06:58:07
122,2,6,06:58:08
122,2,6,06:58:08
307,2,6,06:58:22
182,2,6,06:58:34
195,2,6,06:59:08
405,2,6,06:59:20
306,2,6,06:59:30
354,2,6,06:59:39
181,2,6,06:59:47
411,2,6,06:59:52
99,2,6,06:59:56
358,2,6,07:00:54
286,2,6,07:02:42
133,2,6,07:03:03
190,2,6,07:03:06
190,2,6,07:03:23
18,2,6,07:04:05
308,2,6,07:04:19
272,2,6,07:04:27
350,2,6,07:05:07
148,2,6,07:05:18
394,2,6,07:05:52
289,2,6,07:06:40
156,2,6,07:07:50
341,2,6,07:08:00
64,2,6,07:08:44
393,2,6,07:09:08
14,2,6,07:09:16
234,2,6,07:09:56
57,2,6,07:10:00
142,2,6,07:10:13
228,2,6,07:10:40
301,2,6,07:10:41
185,2,6,07:10:55
337,2,6,07:11:38
420,2,6,07:11:38
293,2,6,07:12:11
399,2,6,07:12:28
204,2,6,07:12:41
204,2,6,07:12:41
139,2,6,07:12:51
203,2,6,07:12:59
174,2,6,07:13:53
275,2,6,07:14:18
331,2,6,07:14:21
70,2,6,07:14:22
247,2,6,07:15:25
277,2,6,07:17:26
429,2,6,07:17:39
437,2,6,07:18:52
457,2,6,07:19:07
409,2,6,07:19:31
254,2,6,07:19:56
73,2,6,07:20:28
333,2,6,07:20:43
201,2,6,07:20:45
127,2,6,07:20:48
348,2,6,07:21:19
44,2,6,07:21:31
268,2,6,07:21:53
205,2,6,07:21:59
274,2,6,07:22:22
295,2,6,07:23:59
200,2,6,07:24:46
1,2,6,07:25:27
262,2,6,07:25:46
392,2,6,07:26:18
221,2,6,07:26:26
120,2,6,07:27:23
146,2,6,07:27:34
436,2,6,07:28:01
325,2,6,07:28:48
2,2,6,07:28:57
58,2,6,07:30:21
31,2,6,07:30:35
32,2,6,07:30:45
414,2,6,07:30:45
237,2,6,07:30:54
368,2,6,07:30:58
363,2,6,07:31:44
385,2,6,07:31:45
158,2,6,07:32:56
326,2,6,07:33:24
112,2,6,07:33:26
38,2,6,07:33:54
313,2,6,07:33:58
167,2,6,07:33:58
338,2,6,07:34:04
455,2,6,07:35:16
5,2,6,07:35:59
239,2,6,07:36:49
200,2,6,07:36:57
428,2,6,07:37:04
444,2,6,07:37:21
292,2,6,07:37:21
103,2,6,07:37:26
213,2,6,07:37:49
422,2,6,07:37:52
137,2,6,07:37:54
63,2,6,07:39:23
153,2,6,07:40:09
163,2,6,07:40:15
141,2,6,07:40:24
263,2,6,07:41:43
389,2,6,07:42:25
434,2,6,07:42:29
433,2,6,07:42:35
318,2,6,07:44:42
252,2,6,07:45:08
290,2,6,07:47:09
442,2,6,07:47:10
356,2,6,07:47:39
362,2,6,07:48:30
295,2,6,07:48:33
416,2,6,07:48:54
231,2,6,07:49:09
63,2,6,07:49:58
253,2,6,07:50:13
351,2,6,07:50:18
342,2,6,07:50:26
129,2,6,07:50:29
240,2,6,07:50:41
375,2,6,07:51:15
366,2,6,07:51:16
249,2,6,07:51:52
109,2,6,07:53:11
244,2,6,07:54:10
60,2,6,07:54:10
97,2,6,07:54:30
465,2,6,07:55:23
210,2,6,07:56:28
345,2,6,07:56:39
312,2,6,07:56:42
256,2,6,07:57:12
136,2,6,07:57:57
461,2,6,07:58:46
355,2,6,07:58:47
410,2,6,07:58:51
159,2,6,07:58:57
146,2,6,07:59:02
242,2,6,07:59:26
381,2,6,08:00:13
225,2,6,08:01:40
15,2,6,08:02:16
202,2,6,08:04:22
321,2,6,08:04:44
372,2,6,08:04:53
101,2,6,08:05:03
222,2,6,08:05:51
423,2,6,08:06:39
100,2,6,08:07:38
456,2,6,08:08:06
98,2,6,08:08:15
412,2,6,08:09:06
9,2,6,08:09:39
169,2,6,08:09:47
179,2,6,08:09:49
132,2,6,08:10:28
183,2,6,08:10:45
105,2,6,08:10:53
13,2,6,08:11:52
259,2,6,08:12:23
120,2,6,08:12:36
298,2,6,08:13:17
443,2,6,08:13:38
255,2,6,08:14:25
417,2,6,08:14:31
304,2,6,08:14:41
37,2,6,08:15:22
432,2,6,08:15:25
229,2,6,08:15:29
451,2,6,08:16:52
29,2,6,08:17:41
327,2,6,08:18:31
282,2,6,08:19:37
357,2,6,08:19:40
71,2,6,08:19:54
26,2,6,08:20:36
336,2,6,08:20:59
375,2,6,08:21:07
267,2,6,08:21:37
216,2,6,08:22:27
319,2,6,08:22:43
39,2,6,08:23:12
260,2,6,08:24:20
257,2,6,08:25:41
248,2,6,08:26:17
224,2,6,08:26:48
114,2,6,08:27:16
273,2,6,08:27:16
54,2,6,08:27:33
266,2,6,08:27:34
330,2,6,08:28:13
448,2,6,08:29:03
8,2,6,08:30:10
310,2,6,08:31:47
232,2,6,08:32:09
156,2,6,08:32:16
90,2,6,08:32:20
299,2,6,08:33:07
467,2,6,08:33:13
343,2,6,08:33:56
347,2,6,08:33:59
302,2,6,08:34:07
266,2,6,08:34:25
30,2,6,08:34:42
258,2,6,08:34:55
225,2,6,08:36:12
455,2,6,08:36:38
43,2,6,08:38:04
3,2,6,08:39:23
329,2,6,08:40:14
418,2,6,08:40:40
82,2,6,08:41:30
20,2,6,08:42:48
407,2,6,08:43:56
54,2,6,08:43:57
186,2,6,08:45:50
50,2,6,08:46:38
254,2,6,08:47:30
86,2,6,08:49:05
35,2,6,08:49:47
22,2,6,08:49:49
431,2,6,08:50:01
57,2,6,08:50:48
459,2,6,08:50:58
46,2,6,08:51:17
189,2,6,08:52:11
383,2,6,08:52:42
151,2,6,08:52:46
382,2,6,08:53:04
322,2,6,08:54:58
49,2,6,08:55:10
236,2,6,08:56:01
152,2,6,08:56:10
70,2,6,08:56:17
292,2,6,08:56:20
328,2,6,08:57:41
406,2,6,08:58:10
270,2,6,08:58:37
212,2,6,08:58:55
464,2,6,08:59:00
407,2,6,08:59:05
131,2,6,09:00:54
173,2,6,09:01:11
292,2,6,09:01:39
395,2,6,09:02:01
367,2,6,09:05:23
177,2,6,09:07:31
453,2,6,09:07:57
245,2,6,09:08:05
390,2,6,09:08:20
462,2,6,09:08:24
218,2,6,09:08:40
201,2,6,09:08:43
440,2,6,09:08:48
402,2,6,09:09:10
67,2,6,09:12:15
408,2,6,09:12:48
161,2,6,09:13:32
113,2,6,09:13:47
83,2,6,09:14:04
269,2,6,09:14:12
419,2,6,09:14:56
17,2,6,09:15:02
165,2,6,09:15:02
337,2,6,09:15:28
439,2,6,09:15:32
234,2,6,09:15:54
420,2,6,09:15:54
164,2,6,09:16:17
198,2,6,09:16:22
344,2,6,09:17:01
156,2,6,09:17:47
285,2,6,09:18:15
320,2,6,09:18:39
84,2,6,09:18:42
243,2,6,09:19:13
311,2,6,09:19:55
195,2,6,09:20:41
126,2,6,09:21:16
72,2,6,09:21:44
388,2,6,09:23:33
220,2,6,09:23:54
279,2,6,09:26:04
160,2,6,09:26:17
32,2,6,09:26:18
155,2,6,09:28:05
196,2,6,09:28:06
99,2,6,09:28:24
387,2,6,09:31:33
91,2,6,09:34:17
373,2,6,09:35:32
178,2,6,09:35:36
137,2,6,09:36:32
74,2,6,09:36:58
228,2,6,09:37:28
371,2,6,09:37:53
359,2,6,09:38:40
23,2,6,09:39:19
380,2,6,09:39:52
323,2,6,09:40:12
166,2,6,09:40:13
435,2,6,09:40:31
124,2,6,09:41:56
307,2,6,09:41:59
195,2,6,09:42:25
196,2,6,09:42:52
27,2,6,09:43:11
98,2,6,09:43:26
331,2,6,09:43:26
162,2,6,09:43:26
60,2,6,09:43:39
115,2,6,09:44:18
189,2,6,09:44:29
217,2,6,09:45:17
277,2,6,09:45:47
306,2,6,09:45:59
125,2,6,09:46:04
194,2,6,09:46:57
250,2,6,09:47:22
397,2,6,09:47:33
152,2,6,09:48:26
148,2,6,09:48:27
11,2,6,09:48:33
168,2,6,09:48:38
85,2,6,09:48:42
455,2,6,09:49:40
237,2,6,09:49:50
79,2,6,09:50:24
466,2,6,09:51:18
135,2,6,09:51:35
283,2,6,09:53:13
96,2,6,09:53:30
96,2,6,09:53:33
262,2,6,09:53:47
199,2,6,09:54:28
160,2,6,09:54:55
190,2,6,09:55:51
307,2,6,09:58:17
249,2,6,09:58:49
141,2,6,09:59:10
182,2,6,09:59:43
3,2,6,10:00:12
345,2,6,10:01:05
92,2,6,10:01:14
214,2,6,10:02:13
46,2,6,10:02:23
404,2,6,10:05:52
63,2,6,10:06:45
69,2,6,10:07:24
75,2,6,10:08:39
361,2,6,10:10:18
200,2,6,10:10:26
252,2,6,10:10:59
180,2,6,10:12:03
91,2,6,10:13:21
294,2,6,10:13:50
102,2,6,10:15:33
261,2,6,10:15:40
300,2,6,10:15:51
169,2,6,10:16:15
227,2,6,10:16:18
441,2,6,10:17:07
268,2,6,10:17:31
110,2,6,10:18:46
376,2,6,10:19:02
265,2,6,10:19:21
344,2,6,10:20:28
353,2,6,10:22:11
157,2,6,10:22:32
60,2,6,10:22:59
45,2,6,10:23:33
34,2,6,10:23:35
34,2,6,10:23:44
38,2,6,10:24:34
34,2,6,10:25:21
31,2,6,10:25:30
360,2,6,10:26:44
409,2,6,10:27:45
447,2,6,10:28:42
318,2,6,10:28:43
14,2,6,10:29:37
301,2,6,10:30:01
219,2,6,10:30:02
89,2,6,10:31:13
63,2,6,10:32:01
238,2,6,10:32:35
71,2,6,10:35:54
176,2,6,10:38:11
405,2,6,10:38:17
95,2,6,10:38:20
251,2,6,10:40:00
213,2,6,10:41:04
293,2,6,10:42:09
392,2,6,10:43:06
430,2,6,10:44:28
30,2,6,10:44:58
237,2,6,10:45:06
115,2,6,10:47:17
284,2,6,10:48:24
460,2,6,10:50:48
312,2,6,10:52:35
269,2,6,10:53:04
386,2,6,10:54:24
444,2,6,10:54:36
246,2,6,10:55:32
74,2,6,10:56:08
363,2,6,10:56:19
229,2,6,10:56:31
1,2,6,10:58:38
174,2,6,10:59:13
48,2,6,11:00:08
383,2,6,11:01:02
133,2,6,11:01:40
300,2,6,11:03:35
127,2,6,11:03:49
412,2,6,11:05:11
263,2,6,11:05:51
150,2,6,11:06:36
425,2,6,11:08:27
191,2,6,11:09:03
149,2,6,11:09:20
378,2,6,11:11:03
273,2,6,11:11:11
467,2,6,11:11:13
332,2,6,11:11:13
336,2,6,11:11:19
65,2,6,11:11:22
171,2,6,11:11:22
68,2,6,11:11:23
68,2,6,11:11:23
188,2,6,11:11:31
117,2,6,11:11:33
46,2,6,11:11:34
342,2,6,11:11:45
170,2,6,11:11:47
314,2,6,11:11:53
24,2,6,11:11:56
426,2,6,11:12:03
259,2,6,11:12:04
86,2,6,11:12:05
307,2,6,11:12:11
260,2,6,11:12:18
142,2,6,11:12:19
245,2,6,11:12:20
45,2,6,11:12:22
334,2,6,11:12:24
337,2,6,11:12:28
64,2,6,11:12:29
70,2,6,11:12:33
204,2,6,11:12:43
204,2,6,11:12:43
10,2,6,11:12:49
134,2,6,11:12:57
90,2,6,11:12:57
163,2,6,11:12:57
87,2,6,11:13:12
120,2,6,11:13:13
245,2,6,11:13:24
201,2,6,11:13:25
454,2,6,11:13:26
230,2,6,11:13:27
121,2,6,11:13:47
66,2,6,11:13:51
258,2,6,11:13:53
242,2,6,11:13:54
369,2,6,11:13:55
422,2,6,11:13:56
145,2,6,11:14:01
47,2,6,11:14:13
100,2,6,11:14:14
266,2,6,11:14:15
450,2,6,11:14:21
29,2,6,11:14:35
428,2,6,11:14:44
401,2,6,11:14:45
116,2,6,11:14:56
243,2,6,11:15:04
78,2,6,11:15:09
359,2,6,11:15:10
387,2,6,11:15:12
270,2,6,11:15:27
282,2,6,11:15:34
81,2,6,11:15:37
413,2,6,11:15:45
103,2,6,11:15:46
338,2,6,11:15:49
164,2,6,11:15:51
247,2,6,11:15:54
33,2,6,11:15:55
128,2,6,11:16:05
255,2,6,11:16:05
197,2,6,11:16:08
349,2,6,11:16:08
44,2,6,11:16:10
112,2,6,11:16:18
429,2,6,11:16:21
402,2,6,11:16:34
118,2,6,11:16:34
399,2,6,11:16:44
389,2,6,11:16:46
172,2,6,11:16:58
59,2,6,11:17:06
466,2,6,11:17:10
185,2,6,11:17:11
348,2,6,11:17:19
108,2,6,11:17:28
370,2,6,11:17:41
111,2,6,11:18:06
463,2,6,11:18:06
122,2,6,11:18:11
122,2,6,11:18:12
182,2,6,11:18:19
39,2,6,11:18:37
122,2,6,11:18:41
436,2,6,11:18:47
433,2,6,11:18:48
456,2,6,11:18:56
104,2,6,11:19:04
296,2,6,11:19:05
82,2,6,11:19:16
151,2,6,11:19:19
6,2,6,11:19:29
394,2,6,11:19:30
375,2,6,11:20:03
289,2,6,11:20:05
139,2,6,11:20:20
310,2,6,11:20:20
264,2,6,11:20:41
267,2,6,11:21:33
43,2,6,11:21:40
52,2,6,11:21:52
15,2,6,11:21:55
55,2,6,11:21:58
303,2,6,11:22:12
54,2,6,11:22:13
226,2,6,11:22:37
199,2,6,11:22:44
220,2,6,11:22:49
410,2,6,11:22:59
455,2,6,11:23:00
232,2,6,11:23:17
351,2,6,11:23:22
18,2,6,11:23:22
358,2,6,11:23:27
106,2,6,11:23:28
13,2,6,11:23:30
207,2,6,11:23:30
448,2,6,11:23:34
299,2,6,11:23:45
97,2,6,11:24:07
165,2,6,11:24:08
449,2,6,11:24:09
423,2,6,11:24:12
217,2,6,11:24:16
72,2,6,11:24:16
186,2,6,11:24:17
214,2,6,11:24:44
62,2,6,11:24:48
215,2,6,11:25:03
176,2,6,11:25:17
451,2,6,11:25:23
25,2,6,11:25:34
62,2,6,11:25:48
98,2,6,11:25:53
50,2,6,11:26:02
143,2,6,11:26:04
62,2,6,11:26:15
273,2,6,11:26:35
205,2,6,11:26:59
458,2,6,11:27:03
341,2,6,11:27:08
442,2,6,11:27:14
308,2,6,11:27:22
62,2,6,11:27:24
248,2,6,11:27:39
406,2,6,11:27:56
107,2,6,11:28:02
241,2,6,11:28:05
364,2,6,11:28:24
341,2,6,11:28:36
274,2,6,11:28:48
374,2,6,11:28:55
84,2,6,11:29:01
161,2,6,11:29:03
256,2,6,11:29:07
253,2,6,11:29:47
223,2,6,11:30:00
105,2,6,11:30:52
229,2,6,11:30:58
395,2,6,11:31:04
265,2,6,11:31:47
276,2,6,11:32:18
206,2,6,11:32:45
99,2,6,11:33:15
109,2,6,11:33:53
396,2,6,11:33:54
183,2,6,11:34:28
286,2,6,11:35:04
23,2,6,11:35:18
453,2,6,11:35:30
58,2,6,11:36:18
123,2,6,11:37:12
275,2,6,11:37:12
40,2,6,11:37:14
222,2,6,11:37:31
7,2,6,11:37:35
129,2,6,11:37:36
269,2,6,11:37:44
159,2,6,11:37:46
257,2,6,11:38:01
77,2,6,11:38:01
158,2,6,11:38:21
244,2,6,11:38:26
273,2,6,11:38:47
415,2,6,11:38:56
373,2,6,11:38:57
156,2,6,11:38:58
440,2,6,11:39:03
306,2,6,11:39:13
305,2,6,11:39:15
210,2,6,11:39:17
421,2,6,11:39:20
379,2,6,11:40:03
18,2,6,11:40:04
434,2,6,11:40:19
144,2,6,11:40:42
8,2,6,11:40:54
289,2,6,11:40:56
365,2,6,11:41:02
233,2,6,11:41:08
360,2,6,11:41:14
277,2,6,11:41:36
166,2,6,11:41:45
62,2,6,11:41:49
62,2,6,11:42:07
400,2,6,11:42:12
28,2,6,11:42:36
5,2,6,11:42:38
62,2,6,11:42:47
224,2,6,11:42:53
27,2,6,11:42:56
362,2,6,11:43:00
234,2,6,11:43:14
377,2,6,11:43:21
208,2,6,11:43:46
162,2,6,11:43:51
462,2,6,11:43:56
418,2,6,11:44:16
228,2,6,11:44:26
54,2,6,11:44:54
134,2,6,11:44:55
265,2,6,11:44:55
32,2,6,11:45:06
411,2,6,11:45:12
340,2,6,11:45:13
285,2,6,11:45:23
160,2,6,11:46:04
315,2,6,11:46:32
306,2,6,11:47:32
202,2,6,11:47:40
319,2,6,11:47:43
293,2,6,11:48:11
181,2,6,11:48:18
235,2,6,11:48:27
292,2,6,11:49:05
91,2,6,11:49:46
30,2,6,11:50:11
115,2,6,11:50:15
313,2,6,11:50:24
357,2,6,11:50:45
287,2,6,11:51:08
61,2,6,11:51:17
241,2,6,11:51:32
169,2,6,11:51:35
302,2,6,11:52:27
291,2,6,11:52:30
392,2,6,11:52:33
35,2,6,11:52:48
280,2,6,11:52:54
438,2,6,11:53:17
125,2,6,11:53:45
41,2,6,11:53:59
329,2,6,11:54:06
354,2,6,11:54:17
435,2,6,11:54:51
249,2,6,11:55:25
238,2,6,11:55:30
140,2,6,11:55:30
217,2,6,11:55:41
460,2,6,11:56:03
465,2,6,11:56:41
167,2,6,11:56:44
23,2,6,11:56:44
237,2,6,11:58:10
384,2,6,11:58:35
307,2,6,11:59:14
37,2,6,12:00:10
368,2,6,12:00:19
132,2,6,12:00:26
124,2,6,12:00:27
359,2,6,12:01:01
12,2,6,12:01:57
239,2,6,12:03:03
63,2,6,12:03:31
417,2,6,12:03:52
101,2,6,12:03:52
209,2,6,12:04:08
179,2,6,12:04:33
335,2,6,12:04:54
9,2,6,12:05:13
445,2,6,12:06:47
36,2,6,12:07:22
100,2,6,12:07:34
453,2,6,12:08:19
177,2,6,12:09:40
130,2,6,12:10:51
164,2,6,12:11:12
7,2,6,12:11:52
4,2,6,12:11:52
218,2,6,12:11:56
356,2,6,12:12:19
316,2,6,12:14:16
304,2,6,12:15:08
183,2,6,12:15:23
277,2,6,12:15:36
94,2,6,12:16:40
85,2,6,12:17:17
97,2,6,12:18:04
16,2,6,12:18:06
461,2,6,12:18:54
427,2,6,12:20:20
199,2,6,12:20:31
175,2,6,12:21:31
119,2,6,12:21:52
196,2,6,12:22:19
447,2,6,12:22:54
387,2,6,12:23:18
234,2,6,12:24:04
444,2,6,12:24:23
152,2,6,12:25:25
351,2,6,12:26:46
293,2,6,12:27:34
76,2,6,12:28:15
350,2,6,12:28:50
116,2,6,12:29:29
194,2,6,12:30:22
131,2,6,12:31:26
2,2,6,12:31:41
73,2,6,12:31:49
100,2,6,12:31:51
198,2,6,12:32:26
363,2,6,12:33:16
192,2,6,12:34:55
252,2,6,12:35:02
361,2,6,12:35:33
293,2,6,12:35:39
147,2,6,12:35:50
42,2,6,12:37:38
397,2,6,12:37:52
89,2,6,12:38:32
144,2,6,12:39:22
366,2,6,12:40:39
268,2,6,12:40:45
184,2,6,12:42:22
309,2,6,12:42:32
382,2,6,12:42:34
324,2,6,12:43:04
211,2,6,12:44:36
347,2,6,12:44:38
56,2,6,12:44:51
370,2,6,12:47:24
173,2,6,12:47:37
134,2,6,12:47:56
367,2,6,12:51:22
79,2,6,12:52:37
222,2,6,12:54:18
265,2,6,12:55:56
372,2,6,12:57:13
288,2,6,12:57:45
262,2,6,12:58:12
323,2,6,12:58:33
328,2,6,12:59:40
385,2,6,13:00:11
8,2,6,13:01:50
205,2,6,13:04:56
53,2,6,13:05:32
388,2,6,13:07:08
352,2,6,13:07:44
352,2,6,13:07:45
230,2,6,13:08:17
333,2,6,13:08:24
320,2,6,13:10:10
190,2,6,13:10:24
441,2,6,13:10:29
298,2,6,13:10:31
19,2,6,13:14:51
354,2,6,13:15:22
166,2,6,13:17:14
54,2,6,13:18:29
344,2,6,13:19:57
363,2,6,13:20:06
145,2,6,13:20:13
238,2,6,13:21:00
141,2,6,13:24:03
11,2,6,13:25:04
60,2,6,13:25:43
55,2,6,13:27:58
35,2,6,13:28:42
62,2,6,13:28:57
48,2,6,13:29:22
150,2,6,13:29:25
290,2,6,13:29:26
447,2,6,13:29:42
71,2,6,13:33:40
48,2,6,13:37:58
415,2,6,13:38:01
176,2,6,13:39:54
312,2,6,13:41:16
46,2,6,13:41:22
254,2,6,13:41:46
371,2,6,13:42:02
436,2,6,13:43:12
371,2,6,13:47:44
322,2,6,13:48:10
167,2,6,13:48:48
126,2,6,13:49:48
25,2,6,13:50:06
170,2,6,13:51:16
157,2,6,13:51:39
402,2,6,13:51:59
102,2,6,13:53:15
398,2,6,13:54:36
17,2,6,13:54:43
435,2,6,13:59:50
41,2,6,14:00:07
66,2,6,14:02:07
160,2,6,14:07:54
264,2,6,14:08:03
419,2,6,14:08:22
419,2,6,14:08:41
8,2,6,14:09:09
180,2,6,14:10:36
163,2,6,14:10:49
448,2,6,14:11:43
161,2,6,14:13:05
306,2,6,14:15:24
384,2,6,14:17:19
286,2,6,14:17:43
23,2,6,14:18:04
317,2,6,14:20:09
167,2,6,14:20:14
355,2,6,14:20:49
417,2,6,14:21:50
303,2,6,14:23:21
108,2,6,14:23:44
430,2,6,14:23:45
378,2,6,14:23:54
308,2,6,14:28:34
391,2,6,14:28:45
347,2,6,14:29:12
268,2,6,14:29:22
57,2,6,14:34:13
104,2,6,14:34:16
18,2,6,14:34:17
153,2,6,14:36:41
113,2,6,14:37:20
219,2,6,14:38:41
316,2,6,14:38:43
318,2,6,14:40:22
433,2,6,14:41:21
377,2,6,14:42:21
283,2,6,14:42:29
313,2,6,14:42:32
293,2,6,14:44:19
452,2,6,14:45:34
98,2,6,14:45:43
36,2,6,14:45:48
44,2,6,14:45:58
92,2,6,14:46:07
200,2,6,14:46:29
446,2,6,14:47:41
179,2,6,14:48:28
328,2,6,14:50:14
181,2,6,14:52:01
241,2,6,14:52:15
356,2,6,14:53:15
195,2,6,14:53:39
124,2,6,14:54:03
162,2,6,14:56:17
336,2,6,14:56:26
52,2,6,14:56:37
52,2,6,14:57:09
175,2,6,14:57:13
10,2,6,14:59:51
29,2,6,15:00:18
36,2,6,15:00:57
382,2,6,15:02:05
74,2,6,15:02:47
128,2,6,15:07:01
133,2,6,15:07:31
221,2,6,15:07:36
459,2,6,15:07:56
319,2,6,15:08:50
93,2,6,15:11:26
123,2,6,15:13:58
191,2,6,15:14:14
174,2,6,15:16:12
14,2,6,15:16:26
411,2,6,15:17:33
370,2,6,15:18:42
354,2,6,15:18:44
197,2,6,15:19:35
214,2,6,15:19:42
140,2,6,15:19:48
227,2,6,15:20:08
354,2,6,15:21:19
331,2,6,15:21:22
411,2,6,15:23:40
387,2,6,15:24:22
424,2,6,15:24:34
88,2,6,15:28:02
268,2,6,15:28:40
38,2,6,15:28:46
460,2,6,15:30:01
242,2,6,15:30:31
189,2,6,15:32:50
187,2,6,15:33:51
187,2,6,15:33:51
138,2,6,15:33:53
55,2,6,15:34:54
64,2,6,15:35:58
171,2,6,15:36:26
405,2,6,15:36:46
277,2,6,15:38:39
280,2,6,15:40:08
440,2,6,15:41:17
458,2,6,15:41:17
389,2,6,15:43:26
219,2,6,15:43:35
145,2,6,15:45:37
69,2,6,15:45:41
285,2,6,15:45:41
284,2,6,15:46:42
430,2,6,15:49:13
226,2,6,15:50:43
395,2,6,15:50:45
383,2,6,15:51:37
255,2,6,15:55:25
229,2,6,15:55:26
83,2,6,15:56:21
269,2,6,15:56:44
394,2,6,15:58:25
265,2,6,15:59:28
455,2,6,15:59:55
335,2,6,16:00:32
99,2,6,16:01:05
61,2,6,16:03:59
174,2,6,16:04:20
428,2,6,16:06:32
251,2,6,16:06:53
267,2,6,16:06:55
306,2,6,16:08:46
339,2,6,16:10:40
59,2,6,16:11:28
133,2,6,16:12:38
160,2,6,16:13:05
253,2,6,16:14:27
427,2,6,16:17:44
430,2,6,16:20:01
58,2,6,16:20:12
373,2,6,16:21:16
362,2,6,16:25:04
323,2,6,16:25:36
116,2,6,16:25:39
107,2,6,16:25:39
315,2,6,16:25:41
422,2,6,16:25:50
45,2,6,16:25:51
271,2,6,16:25:53
462,2,6,16:25:57
429,2,6,16:26:03
143,2,6,16:26:08
295,2,6,16:26:15
270,2,6,16:26:16
309,2,6,16:26:17
454,2,6,16:26:18
439,2,6,16:26:28
184,2,6,16:26:32
358,2,6,16:26:44
252,2,6,16:26:47
72,2,6,16:26:50
326,2,6,16:26:50
47,2,6,16:26:53
416,2,6,16:26:54
211,2,6,16:27:01
120,2,6,16:27:02
208,2,6,16:27:03
263,2,6,16:27:06
86,2,6,16:27:08
204,2,6,16:27:08
204,2,6,16:27:08
412,2,6,16:27:14
13,2,6,16:27:22
423,2,6,16:27:23
242,2,6,16:27:29
158,2,6,16:27:33
100,2,6,16:27:33
106,2,6,16:27:34
392,2,6,16:27:37
56,2,6,16:27:42
50,2,6,16:28:03
266,2,6,16:28:07
266,2,6,16:28:08
450,2,6,16:28:10
87,2,6,16:28:29
413,2,6,16:28:29
438,2,6,16:28:40
312,2,6,16:28:50
381,2,6,16:28:55
390,2,6,16:29:06
173,2,6,16:29:08
466,2,6,16:29:22
396,2,6,16:29:23
258,2,6,16:29:30
223,2,6,16:29:33
364,2,6,16:29:53
104,2,6,16:29:55
115,2,6,16:30:10
75,2,6,16:30:19
118,2,6,16:30:45
314,2,6,16:30:47
172,2,6,16:31:10
9,2,6,16:31:12
105,2,6,16:31:12
273,2,6,16:31:13
431,2,6,16:31:14
16,2,6,16:31:21
430,2,6,16:31:42
1,2,6,16:32:00
272,2,6,16:32:12
262,2,6,16:32:12
349,2,6,16:32:55
322,2,6,16:32:58
113,2,6,16:33:00
141,2,6,16:33:11
269,2,6,16:33:46
274,2,6,16:33:59
369,2,6,16:34:02
324,2,6,16:34:28
371,2,6,16:34:31
126,2,6,16:34:52
225,2,6,16:34:52
114,2,6,16:35:09
310,2,6,16:35:11
441,2,6,16:35:16
79,2,6,16:35:24
317,2,6,16:35:32
297,2,6,16:35:40
218,2,6,16:36:14
81,2,6,16:36:17
121,2,6,16:36:18
278,2,6,16:36:20
68,2,6,16:36:27
445,2,6,16:36:30
379,2,6,16:37:05
396,2,6,16:37:07
289,2,6,16:37:07
308,2,6,16:37:10
156,2,6,16:37:15
35,2,6,16:37:17
359,2,6,16:37:29
245,2,6,16:37:38
10,2,6,16:37:39
302,2,6,16:38:15
313,2,6,16:38:18
207,2,6,16:38:27
304,2,6,16:38:58
399,2,6,16:39:35
307,2,6,16:39:40
71,2,6,16:39:48
336,2,6,16:39:51
279,2,6,16:40:00
17,2,6,16:40:40
210,2,6,16:40:50
12,2,6,16:40:59
22,2,6,16:41:03
113,2,6,16:41:16
203,2,6,16:41:54
56,2,6,16:42:19
28,2,6,16:42:35
53,2,6,16:42:44
317,2,6,16:42:49
177,2,6,16:42:56
333,2,6,16:42:59
349,2,6,16:43:02
323,2,6,16:43:16
404,2,6,16:43:28
296,2,6,16:43:28
93,2,6,16:43:32
396,2,6,16:43:39
198,2,6,16:43:43
205,2,6,16:43:44
452,2,6,16:43:52
157,2,6,16:44:07
350,2,6,16:44:12
237,2,6,16:44:14
84,2,6,16:44:41
429,2,6,16:44:42
155,2,6,16:44:55
400,2,6,16:44:58
321,2,6,16:44:59
345,2,6,16:45:16
100,2,6,16:45:19
183,2,6,16:45:20
351,2,6,16:45:30
236,2,6,16:45:40
433,2,6,16:45:44
348,2,6,16:45:44
342,2,6,16:45:46
216,2,6,16:45:54
144,2,6,16:45:57
80,2,6,16:46:08
66,2,6,16:46:19
49,2,6,16:46:58
461,2,6,16:47:12
250,2,6,16:47:48
357,2,6,16:48:13
119,2,6,16:48:27
209,2,6,16:49:04
34,2,6,16:49:46
178,2,6,16:50:07
311,2,6,16:50:28
165,2,6,16:50:34
167,2,6,16:50:48
380,2,6,16:50:48
327,2,6,16:50:55
183,2,6,16:51:13
124,2,6,16:52:01
243,2,6,16:52:25
442,2,6,16:52:34
402,2,6,16:52:42
384,2,6,16:53:01
185,2,6,16:53:10
435,2,6,16:53:15
191,2,6,16:53:33
444,2,6,16:53:45
164,2,6,16:53:59
33,2,6,16:54:16
456,2,6,16:55:52
296,2,6,16:56:00
185,2,6,16:56:00
219,2,6,16:56:00
443,2,6,16:56:06
248,2,6,16:56:10
430,2,6,16:56:12
230,2,6,16:56:22
457,2,6,16:56:22
443,2,6,16:56:31
148,2,6,16:56:31
194,2,6,16:56:36
247,2,6,16:56:37
169,2,6,16:56:37
5,2,6,16:56:42
163,2,6,16:56:58
363,2,6,16:57:00
129,2,6,16:57:03
168,2,6,16:57:09
191,2,6,16:57:18
383,2,6,16:57:25
135,2,6,16:57:28
94,2,6,16:57:33
257,2,6,16:57:47
149,2,6,16:58:05
306,2,6,16:58:14
19,2,6,16:58:21
59,2,6,16:58:23
308,2,6,16:58:26
54,2,6,16:58:26
1,2,6,16:58:32
117,2,6,16:58:49
307,2,6,16:58:58
40,2,6,16:59:12
401,2,6,16:59:16
265,2,6,16:59:38
291,2,6,17:00:06
37,2,6,17:00:13
151,2,6,17:00:17
88,2,6,17:00:58
77,2,6,17:01:06
12,2,6,17:01:38
120,2,6,17:02:18
317,2,6,17:02:26
287,2,6,17:02:38
193,2,6,17:03:05
101,2,6,17:03:32
275,2,6,17:03:36
180,2,6,17:03:43
112,2,6,17:03:49
8,2,6,17:04:02
336,2,6,17:04:33
418,2,6,17:04:34
226,2,6,17:04:37
228,2,6,17:04:51
136,2,6,17:05:05
170,2,6,17:05:06
132,2,6,17:05:41
235,2,6,17:06:26
171,2,6,17:06:29
308,2,6,17:06:43
196,2,6,17:06:58
382,2,6,17:07:33
186,2,6,17:08:02
239,2,6,17:08:08
222,2,6,17:08:11
149,2,6,17:08:14
21,2,6,17:08:28
354,2,6,17:08:43
449,2,6,17:09:10
51,2,6,17:09:42
398,2,6,17:09:47
15,2,6,17:10:37
411,2,6,17:10:42
333,2,6,17:10:51
385,2,6,17:11:45
308,2,6,17:12:09
449,2,6,17:12:42
76,2,6,17:15:07
424,2,6,17:16:14
39,2,6,17:16:17
293,2,6,17:16:26
451,2,6,17:16:58
386,2,6,17:17:26
102,2,6,17:17:39
74,2,6,17:17:42
432,2,6,17:18:06
307,2,6,17:18:09
162,2,6,17:18:21
376,2,6,17:18:50
146,2,6,17:19:20
361,2,6,17:19:37
328,2,6,17:19:52
441,2,6,17:19:56
441,2,6,17:19:56
31,2,6,17:19:56
281,2,6,17:19:58
282,2,6,17:20:04
44,2,6,17:20:20
12,2,6,17:20:25
337,2,6,17:20:29
330,2,6,17:20:39
305,2,6,17:20:44
225,2,6,17:21:55
403,2,6,17:21:57
399,2,6,17:22:04
93,2,6,17:22:13
285,2,6,17:22:54
184,2,6,17:23:07
174,2,6,17:24:05
410,2,6,17:24:20
430,2,6,17:24:54
343,2,6,17:25:09
261,2,6,17:25:45
163,2,6,17:25:55
73,2,6,17:26:12
109,2,6,17:26:20
310,2,6,17:26:45
201,2,6,17:26:52
69,2,6,17:26:55
351,2,6,17:27:37
52,2,6,17:27:59
280,2,6,17:27:59
91,2,6,17:28:00
12,2,6,17:28:12
404,2,6,17:28:16
378,2,6,17:28:22
18,2,6,17:28:35
340,2,6,17:28:41
460,2,6,17:30:33
430,2,6,17:30:41
59,2,6,17:30:45
11,2,6,17:30:52
219,2,6,17:30:55
320,2,6,17:31:05
243,2,6,17:31:07
217,2,6,17:32:19
284,2,6,17:32:33
397,2,6,17:32:53
346,2,6,17:32:53
246,2,6,17:32:55
26,2,6,17:33:01
333,2,6,17:33:47
232,2,6,17:34:22
329,2,6,17:35:38
467,2,6,17:36:13
153,2,6,17:36:36
85,2,6,17:36:52
294,2,6,17:36:57
115,2,6,17:37:39
3,2,6,17:38:41
387,2,6,17:39:16
52,2,6,17:39:51
455,2,6,17:40:09
353,2,6,17:40:14
57,2,6,17:40:28
175,2,6,17:40:44
423,2,6,17:41:03
290,2,6,17:41:50
356,2,6,17:43:11
374,2,6,17:43:26
393,2,6,17:44:00
152,2,6,17:44:03
289,2,6,17:44:13
63,2,6,17:44:24
464,2,6,17:44:27
459,2,6,17:44:28
150,2,6,17:44:31
77,2,6,17:44:36
422,2,6,17:44:39
103,2,6,17:44:41
332,2,6,17:45:06
441,2,6,17:45:14
252,2,6,17:45:48
62,2,6,17:45:50
158,2,6,17:45:50
62,2,6,17:45:51
222,2,6,17:45:59
317,2,6,17:46:06
122,2,6,17:46:14
122,2,6,17:46:14
141,2,6,17:46:29
292,2,6,17:47:41
458,2,6,17:48:02
364,2,6,17:48:40
45,2,6,17:48:42
411,2,6,17:49:56
68,2,6,17:50:47
8,2,6,17:51:48
192,2,6,17:51:57
53,2,6,17:54:17
128,2,6,17:56:40
407,2,6,17:57:54
447,2,6,17:58:29
357,2,6,17:59:29
202,2,6,18:00:22
166,2,6,18:02:20
88,2,6,18:02:47
318,2,6,18:02:48
412,2,6,18:02:48
425,2,6,18:02:50
449,2,6,18:02:52
406,2,6,18:02:52
263,2,6,18:03:02
23,2,6,18:03:03
66,2,6,18:03:05
375,2,6,18:03:09
465,2,6,18:03:23
60,2,6,18:03:23
306,2,6,18:03:39
307,2,6,18:03:44
39,2,6,18:03:45
374,2,6,18:04:02
432,2,6,18:04:03
182,2,6,18:04:12
448,2,6,18:04:14
170,2,6,18:04:15
119,2,6,18:04:18
253,2,6,18:04:19
121,2,6,18:04:22
34,2,6,18:04:22
108,2,6,18:04:23
139,2,6,18:04:38
360,2,6,18:04:41
110,2,6,18:04:57
55,2,6,18:05:23
203,2,6,18:05:25
444,2,6,18:05:26
269,2,6,18:05:31
288,2,6,18:05:34
283,2,6,18:05:38
409,2,6,18:05:40
255,2,6,18:05:53
123,2,6,18:06:09
466,2,6,18:06:15
394,2,6,18:06:24
324,2,6,18:06:28
90,2,6,18:06:36
286,2,6,18:06:56
152,2,6,18:07:04
254,2,6,18:07:11
72,2,6,18:08:31
326,2,6,18:08:34
48,2,6,18:09:02
224,2,6,18:09:03
43,2,6,18:09:22
187,2,6,18:09:44
187,2,6,18:09:44
372,2,6,18:09:45
338,2,6,18:09:46
147,2,6,18:09:52
396,2,6,18:09:57
24,2,6,18:10:00
322,2,6,18:10:07
280,2,6,18:10:09
240,2,6,18:10:20
177,2,6,18:10:26
435,2,6,18:10:49
277,2,6,18:11:01
184,2,6,18:11:05
116,2,6,18:11:14
35,2,6,18:11:15
385,2,6,18:11:18
135,2,6,18:11:26
300,2,6,18:11:32
10,2,6,18:11:43
426,2,6,18:11:47
143,2,6,18:11:50
297,2,6,18:13:05
371,2,6,18:13:07
73,2,6,18:13:11
377,2,6,18:13:18
317,2,6,18:13:36
111,2,6,18:13:37
348,2,6,18:13:59
264,2,6,18:14:05
446,2,6,18:14:05
38,2,6,18:14:18
90,2,6,18:14:24
219,2,6,18:14:26
250,2,6,18:14:33
165,2,6,18:14:37
184,2,6,18:14:38
138,2,6,18:14:55
109,2,6,18:15:01
115,2,6,18:15:11
351,2,6,18:15:14
246,2,6,18:15:19
30,2,6,18:15:27
197,2,6,18:16:03
239,2,6,18:16:06
388,2,6,18:16:14
422,2,6,18:16:20
354,2,6,18:16:21
188,2,6,18:16:27
116,2,6,18:16:59
272,2,6,18:17:11
183,2,6,18:17:11
379,2,6,18:17:32
163,2,6,18:17:38
22,2,6,18:17:41
18,2,6,18:17:49
132,2,6,18:17:52
283,2,6,18:18:00
143,2,6,18:18:11
430,2,6,18:18:27
331,2,6,18:18:29
81,2,6,18:18:42
370,2,6,18:18:46
245,2,6,18:18:49
452,2,6,18:18:57
381,2,6,18:19:09
59,2,6,18:20:19
330,2,6,18:20:26
168,2,6,18:20:49
324,2,6,18:21:01
299,2,6,18:21:11
432,2,6,18:21:20
217,2,6,18:21:31
260,2,6,18:21:45
113,2,6,18:22:11
304,2,6,18:22:24
293,2,6,18:22:36
127,2,6,18:23:54
167,2,6,18:24:01
231,2,6,18:24:52
142,2,6,18:24:58
171,2,6,18:24:58
201,2,6,18:25:25
454,2,6,18:25:58
2,2,6,18:26:00
275,2,6,18:26:13
453,2,6,18:26:31
64,2,6,18:26:36
42,2,6,18:26:46
53,2,6,18:26:57
211,2,6,18:27:01
463,2,6,18:27:39
65,2,6,18:27:58
255,2,6,18:28:49
150,2,6,18:28:51
144,2,6,18:28:53
190,2,6,18:29:18
242,2,6,18:29:19
171,2,6,18:29:28
179,2,6,18:29:38
266,2,6,18:30:23
68,2,6,18:30:25
400,2,6,18:30:45
312,2,6,18:31:26
278,2,6,18:31:35
4,2,6,18:31:51
199,2,6,18:31:55
50,2,6,18:32:07
334,2,6,18:32:08
124,2,6,18:32:41
236,2,6,18:33:07
62,2,6,18:33:32
314,2,6,18:33:44
140,2,6,18:34:20
339,2,6,18:34:57
334,2,6,18:35:02
168,2,6,18:35:35
201,2,6,18:35:40
297,2,6,18:35:52
113,2,6,18:36:05
87,2,6,18:36:29
369,2,6,18:36:47
99,2,6,18:36:50
106,2,6,18:36:57
112,2,6,18:37:04
100,2,6,18:37:14
79,2,6,18:37:19
442,2,6,18:37:35
449,2,6,18:37:35
12,2,6,18:37:36
310,2,6,18:38:20
24,2,6,18:38:59
219,2,6,18:39:00
221,2,6,18:39:46
37,2,6,18:39:47
96,2,6,18:39:47
217,2,6,18:39:49
418,2,6,18:40:07
115,2,6,18:40:45
107,2,6,18:40:54
275,2,6,18:41:18
171,2,6,18:41:32
289,2,6,18:41:41
10,2,6,18:41:43
32,2,6,18:41:54
256,2,6,18:42:13
171,2,6,18:42:16
431,2,6,18:42:17
174,2,6,18:42:29
142,2,6,18:42:34
300,2,6,18:42:41
171,2,6,18:42:46
348,2,6,18:42:57
121,2,6,18:42:58
239,2,6,18:43:19
363,2,6,18:43:45
399,2,6,18:43:46
171,2,6,18:43:49
347,2,6,18:44:03
349,2,6,18:44:39
4,2,6,18:44:47
86,2,6,18:44:53
168,2,6,18:46:16
316,2,6,18:46:27
238,2,6,18:47:13
219,2,6,18:47:32
450,2,6,18:47:44
418,2,6,18:48:05
171,2,6,18:48:09
338,2,6,18:48:19
438,2,6,18:48:46
16,2,6,18:48:48
359,2,6,18:49:02
67,2,6,18:50:10
307,2,6,18:50:15
265,2,6,18:51:14
434,2,6,18:51:28
276,2,6,18:51:37
251,2,6,18:51:40
395,2,6,18:51:45
122,2,6,18:51:53
122,2,6,18:51:53
460,2,6,18:52:02
87,2,6,18:52:35
12,2,6,18:52:48
269,2,6,18:52:59
170,2,6,18:55:20
229,2,6,18:55:31
84,2,6,18:55:55
97,2,6,18:56:21
398,2,6,18:56:35
130,2,6,18:56:56
288,2,6,18:57:13
352,2,6,18:58:04
13,2,6,19:00:16
295,2,6,19:00:22
287,2,6,19:00:30
268,2,6,19:01:21
129,2,6,19:01:53
178,2,6,19:02:17
108,2,6,19:02:21
144,2,6,19:02:25
159,2,6,19:04:41
5,2,6,19:06:03
457,2,6,19:06:47
24,2,6,19:07:13
242,2,6,19:08:12
94,2,6,19:08:48
246,2,6,19:09:45
267,2,6,19:11:16
351,2,6,19:12:15
91,2,6,19:12:31
389,2,6,19:13:17
233,2,6,19:13:21
164,2,6,19:13:29
291,2,6,19:13:35
382,2,6,19:13:35
51,2,6,19:14:28
379,2,6,19:15:31
77,2,6,19:15:32
89,2,6,19:16:18
52,2,6,19:17:01
430,2,6,19:17:45
392,2,6,19:19:48
206,2,6,19:22:43
435,2,6,19:22:49
82,2,6,19:22:54
443,2,6,19:24:55
20,2,6,19:29:59
239,2,6,19:31:01
92,2,6,19:32:38
252,2,6,19:34:38
303,2,6,19:37:49
155,2,6,19:40:23
103,2,6,19:41:07
148,2,6,19:42:04
255,2,6,19:42:06
195,2,6,19:42:55
163,2,6,19:43:29
403,2,6,19:43:37
351,2,6,19:44:37
274,2,6,19:49:07
367,2,6,19:49:51
245,2,6,19:52:50
28,2,6,19:53:29
227,2,6,19:55:03
320,2,6,19:55:15
315,2,6,19:55:19
423,2,6,19:55:54
89,2,6,20:01:00
463,2,6,20:01:13
127,2,6,20:01:38
161,2,6,20:01:48
437,2,6,20:01:55
203,2,6,20:05:06
21,2,6,20:06:12
281,2,6,20:06:33
363,2,6,20:11:26
385,2,6,20:17:43
312,2,6,20:19:09
83,2,6,20:19:14
321,2,6,20:19:45
235,2,6,20:21:19
462,2,6,20:24:11
335,2,6,20:25:28
115,2,6,20:26:06
32,2,6,20:28:43
447,2,6,20:29:34
76,2,6,20:30:22
110,2,6,20:30:32
138,2,6,20:31:44
218,2,6,20:34:27
408,2,6,20:36:31
132,2,6,20:40:42
325,2,6,20:40:56
395,2,6,20:43:28
113,2,6,20:46:03
400,2,6,20:47:47
160,2,6,20:48:23
354,2,6,20:48:29
285,2,6,20:48:35
192,2,6,20:49:05
380,2,6,20:49:06
276,2,6,20:53:32
9,2,6,20:54:23
166,2,6,21:00:07
341,2,6,21:00:19
307,2,6,21:01:50
279,2,6,21:02:40
328,2,6,21:02:52
36,2,6,21:02:53
31,2,6,21:03:18
327,2,6,21:03:27
467,2,6,21:05:41
240,2,6,21:08:44
12,2,6,21:09:44
278,2,6,21:10:25
413,2,6,21:10:35
465,2,6,21:11:06
38,2,6,21:11:40
322,2,6,21:12:22
145,2,6,21:13:25
220,2,6,21:13:44
98,2,6,21:14:18
115,2,6,21:14:53
445,2,6,21:16:27
433,2,6,21:16:37
433,2,6,21:17:05
49,2,6,21:17:50
247,2,6,21:17:59
354,2,6,21:18:38
441,2,6,21:24:32
263,2,6,21:26:32
320,2,6,21:27:19
390,2,6,21:29:33
310,2,6,21:30:51
449,2,6,21:35:07
352,2,6,21:36:05
96,2,6,21:37:09
176,2,6,21:37:42
277,2,6,21:40:48
62,2,6,21:40:54
62,2,6,21:41:15
255,2,6,21:42:03
14,2,6,21:43:50
328,2,6,21:47:06
17,2,6,21:50:00
52,2,6,21:55:26
52,2,6,21:55:56
212,2,6,21:58:02
171,2,6,22:00:33
32,2,6,22:00:44
289,2,6,22:03:49
156,2,6,22:04:34
458,2,6,22:06:02
55,2,6,22:06:38
457,2,6,22:10:32
272,2,6,22:14:20
138,2,6,22:16:41
181,2,6,22:18:08
107,2,6,22:19:54
148,2,6,22:20:36
316,2,6,22:28:53
108,2,6,22:29:03
93,2,6,22:31:00
86,2,6,22:32:01
404,2,6,22:34:01
354,2,6,22:34:10
140,2,6,22:35:18
94,2,6,22:35:26
249,2,6,22:37:58
4,2,6,22:40:01
18,2,6,22:40:15
176,2,6,22:41:51
28,2,6,22:41:53
28,2,6,22:41:53
385,2,6,22:42:05
317,2,6,22:45:56
12,2,6,22:48:38
126,2,6,22:51:31
120,2,6,22:55:33
202,2,6,22:56:46
461,2,6,22:57:31
161,2,6,22:57:32
316,2,6,22:57:51
462,2,6,22:58:22
163,2,6,23:00:39
280,2,6,23:01:17
194,2,6,23:03:17
174,2,6,23:04:14
298,2,6,23:04:22
444,2,6,23:04:55
137,2,6,23:07:24
395,2,6,23:09:58
106,2,6,23:12:18
459,2,6,23:14:54
274,2,6,23:15:09
46,2,6,23:15:16
191,2,6,23:15:42
328,2,6,23:15:42
376,2,6,23:17:46
269,2,6,23:18:16
83,2,6,23:18:33
99,2,6,23:19:59
353,2,6,23:20:24
307,2,6,23:22:33
285,2,6,23:23:50
236,2,6,23:27:33
299,2,6,23:27:35
337,2,6,23:29:21
250,2,6,23:31:33
294,2,6,23:31:39
367,2,6,23:33:11
423,2,6,23:38:34
455,2,6,23:40:14
351,2,6,23:41:56
175,2,6,23:42:35
380,2,6,23:43:07
1,2,6,23:45:27
172,2,6,23:46:40
374,2,6,23:49:57
152,2,6,23:53:33
289,2,6,23:54:36
241,2,6,23:57:33
212,2,6,23:58:53
237,2,6,23:59:06
101,3,7,00:00:24
102,3,7,00:00:42
82,3,7,00:01:32
465,3,7,00:01:33
410,3,7,00:01:39
185,3,7,00:01:42
31,3,7,00:01:59
337,3,7,00:02:08
60,3,7,00:02:09
267,3,7,00:02:13
36,3,7,00:02:16
301,3,7,00:02:28
420,3,7,00:02:59
201,3,7,00:03:15
16,3,7,00:03:29
79,3,7,00:03:29
241,3,7,00:03:39
156,3,7,00:04:11
74,3,7,00:04:29
137,3,7,00:04:34
302,3,7,00:05:19
285,3,7,00:06:14
435,3,7,00:06:39
57,3,7,00:06:46
462,3,7,00:06:52
394,3,7,00:07:11
451,3,7,00:07:13
287,3,7,00:07:33
174,3,7,00:07:33
102,3,7,00:08:06
102,3,7,00:08:16
14,3,7,00:08:30
14,3,7,00:08:46
254,3,7,00:09:04
307,3,7,00:09:28
431,3,7,00:09:35
131,3,7,00:10:07
328,3,7,00:10:14
45,3,7,00:10:41
439,3,7,00:11:22
335,3,7,00:11:27
460,3,7,00:11:34
264,3,7,00:11:59
322,3,7,00:12:20
218,3,7,00:12:22
352,3,7,00:12:32
63,3,7,00:12:44
338,3,7,00:12:52
203,3,7,00:14:50
89,3,7,00:15:04
1,3,7,00:15:04
369,3,7,00:15:12
430,3,7,00:15:17
407,3,7,00:15:33
188,3,7,00:15:51
93,3,7,00:16:29
375,3,7,00:16:44
129,3,7,00:16:54
379,3,7,00:17:25
132,3,7,00:17:25
263,3,7,00:17:36
290,3,7,00:17:44
90,3,7,00:18:08
311,3,7,00:18:45
69,3,7,00:18:55
321,3,7,00:19:22
360,3,7,00:19:35
115,3,7,00:19:48
221,3,7,00:19:55
127,3,7,00:20:15
162,3,7,00:20:28
195,3,7,00:20:38
92,3,7,00:20:57
120,3,7,00:21:02
163,3,7,00:21:07
320,3,7,00:21:30
317,3,7,00:21:42
261,3,7,00:22:08
373,3,7,00:22:23
4,3,7,00:22:32
395,3,7,00:23:52
428,3,7,00:23:58
308,3,7,00:24:02
452,3,7,00:24:35
59,3,7,00:24:53
8,3,7,00:25:17
434,3,7,00:26:38
293,3,7,00:26:42
41,3,7,00:27:02
10,3,7,00:27:04
323,3,7,00:28:06
269,3,7,00:28:33
2,3,7,00:29:29
355,3,7,00:29:31
399,3,7,00:31:08
390,3,7,00:31:53
64,3,7,00:32:45
213,3,7,00:32:54
170,3,7,00:34:01
214,3,7,00:35:06
43,3,7,00:38:20
408,3,7,00:38:34
411,3,7,00:39:59
306,3,7,00:40:07
139,3,7,00:41:45
340,3,7,00:44:09
181,3,7,00:46:23
3,3,7,00:46:30
457,3,7,00:47:10
384,3,7,00:47:26
385,3,7,00:48:41
388,3,7,00:48:53
236,3,7,00:49:26
280,3,7,00:49:38
152,3,7,00:49:41
18,3,7,00:49:54
103,3,7,00:50:29
433,3,7,00:51:37
367,3,7,00:57:02
380,3,7,00:57:19
75,3,7,00:57:22
243,3,7,01:01:53
325,3,7,01:03:40
255,3,7,01:04:27
354,3,7,01:07:42
297,3,7,01:09:17
344,3,7,01:20:47
300,3,7,01:21:58
175,3,7,01:22:53
299,3,7,01:24:46
123,3,7,01:27:20
51,3,7,01:27:49
80,3,7,01:28:11
47,3,7,01:28:39
304,3,7,01:29:11
58,3,7,01:31:35
458,3,7,01:37:03
13,3,7,01:39:45
136,3,7,01:48:52
88,3,7,01:49:31
61,3,7,01:57:15
112,3,7,01:57:27
288,3,7,01:58:02
303,3,7,01:59:43
271,3,7,02:05:31
445,3,7,02:06:21
335,3,7,02:09:48
225,3,7,02:12:29
201,3,7,02:15:10
10,3,7,02:15:49
79,3,7,02:17:26
91,3,7,02:19:14
180,3,7,02:47:24
10,3,7,02:48:03
116,3,7,02:50:55
330,3,7,02:52:00
170,3,7,02:55:08
220,3,7,02:59:49
383,3,7,02:59:53
398,3,7,03:00:02
370,3,7,03:11:48
410,3,7,03:25:07
427,3,7,03:25:35
354,3,7,03:26:24
174,3,7,03:50:07
88,3,7,04:18:15
19,3,7,04:23:23
278,3,7,04:39:51
320,3,7,05:17:22
218,3,7,05:55:27
174,3,7,06:06:57
259,3,7,06:28:57
125,3,7,06:29:08
108,3,7,06:34:57
286,3,7,06:36:39
104,3,7,06:38:45
150,3,7,06:41:01
424,3,7,06:41:49
258,3,7,06:43:33
223,3,7,06:44:46
351,3,7,06:52:11
108,3,7,06:52:21
305,3,7,06:55:08
41,3,7,06:56:10
167,3,7,07:00:20
361,3,7,07:00:28
390,3,7,07:00:41
356,3,7,07:01:43
12,3,7,07:01:48
156,3,7,07:03:03
418,3,7,07:04:51
392,3,7,07:05:27
401,3,7,07:06:46
86,3,7,07:16:05
299,3,7,07:17:56
185,3,7,07:18:13
234,3,7,07:24:51
374,3,7,07:24:58
301,3,7,07:25:33
274,3,7,07:26:11
461,3,7,07:27:02
442,3,7,07:27:41
244,3,7,07:28:09
403,3,7,07:28:50
169,3,7,07:29:17
222,3,7,07:32:09
340,3,7,07:32:32
111,3,7,07:32:35
99,3,7,07:34:43
138,3,7,07:35:08
195,3,7,07:36:52
133,3,7,07:36:58
350,3,7,07:38:36
398,3,7,07:38:54
254,3,7,07:40:36
428,3,7,07:41:13
331,3,7,07:43:42
268,3,7,07:43:44
181,3,7,07:45:36
454,3,7,07:46:14
73,3,7,07:46:58
370,3,7,07:48:41
460,3,7,07:51:13
242,3,7,07:51:18
242,3,7,07:51:29
228,3,7,07:51:48
228,3,7,07:51:49
43,3,7,07:53:48
141,3,7,07:54:37
60,3,7,07:55:56
257,3,7,07:56:35
293,3,7,07:56:48
209,3,7,07:57:20
224,3,7,07:58:53
240,3,7,08:00:17
276,3,7,08:01:36
136,3,7,08:02:01
279,3,7,08:02:04
340,3,7,08:03:33
212,3,7,08:04:30
371,3,7,08:04:45
124,3,7,08:06:43
263,3,7,08:07:48
288,3,7,08:08:48
5,3,7,08:10:25
31,3,7,08:10:36
318,3,7,08:10:50
337,3,7,08:11:38
190,3,7,08:12:18
48,3,7,08:12:30
420,3,7,08:13:05
467,3,7,08:13:17
272,3,7,08:16:44
172,3,7,08:16:54
345,3,7,08:17:35
46,3,7,08:17:39
252,3,7,08:19:12
85,3,7,08:21:21
385,3,7,08:23:57
50,3,7,08:24:12
200,3,7,08:24:45
128,3,7,08:25:37
93,3,7,08:27:22
163,3,7,08:27:44
253,3,7,08:27:49
26,3,7,08:28:02
28,3,7,08:28:46
322,3,7,08:29:31
37,3,7,08:30:31
386,3,7,08:30:43
285,3,7,08:30:52
417,3,7,08:31:22
14,3,7,08:32:13
408,3,7,08:33:03
372,3,7,08:33:24
392,3,7,08:34:40
333,3,7,08:35:45
466,3,7,08:39:42
232,3,7,08:40:37
400,3,7,08:40:42
432,3,7,08:44:05
315,3,7,08:44:38
112,3,7,08:45:36
269,3,7,08:45:38
227,3,7,08:45:38
279,3,7,08:45:38
321,3,7,08:45:54
101,3,7,08:47:04
221,3,7,08:48:03
354,3,7,08:48:45
140,3,7,08:49:32
140,3,7,08:53:34
76,3,7,08:53:38
140,3,7,08:55:31
290,3,7,08:56:46
268,3,7,08:57:03
440,3,7,08:58:04
90,3,7,08:58:51
156,3,7,08:58:52
416,3,7,08:59:53
338,3,7,09:00:12
29,3,7,09:00:18
99,3,7,09:00:20
150,3,7,09:00:49
152,3,7,09:01:22
375,3,7,09:01:25
91,3,7,09:02:13
151,3,7,09:02:39
355,3,7,09:03:26
437,3,7,09:04:33
435,3,7,09:06:17
270,3,7,09:06:27
433,3,7,09:07:47
77,3,7,09:08:25
294,3,7,09:09:13
459,3,7,09:09:18
173,3,7,09:15:08
89,3,7,09:15:18
189,3,7,09:15:22
320,3,7,09:16:14
75,3,7,09:16:48
447,3,7,09:16:56
83,3,7,09:17:21
114,3,7,09:17:42
275,3,7,09:17:55
115,3,7,09:18:16
32,3,7,09:18:40
69,3,7,09:19:06
86,3,7,09:19:29
38,3,7,09:19:29
394,3,7,09:19:32
222,3,7,09:20:12
402,3,7,09:20:47
122,3,7,09:21:01
122,3,7,09:21:01
105,3,7,09:23:17
134,3,7,09:23:39
418,3,7,09:25:50
424,3,7,09:25:53
281,3,7,09:27:08
159,3,7,09:27:13
186,3,7,09:27:28
30,3,7,09:28:18
86,3,7,09:29:17
335,3,7,09:29:23
302,3,7,09:29:43
466,3,7,09:29:43
363,3,7,09:29:50
103,3,7,09:30:45
92,3,7,09:30:59
342,3,7,09:31:23
389,3,7,09:32:37
443,3,7,09:34:58
443,3,7,09:35:16
406,3,7,09:35:25
38,3,7,09:35:46
343,3,7,09:36:02
34,3,7,09:36:04
34,3,7,09:36:13
58,3,7,09:36:15
34,3,7,09:36:19
34,3,7,09:36:28
34,3,7,09:36:56
38,3,7,09:37:26
199,3,7,09:39:32
361,3,7,09:40:27
396,3,7,09:41:06
234,3,7,09:41:27
188,3,7,09:42:45
96,3,7,09:43:07
74,3,7,09:43:10
392,3,7,09:43:11
10,3,7,09:43:17
45,3,7,09:45:32
296,3,7,09:46:47
420,3,7,09:48:51
313,3,7,09:48:58
38,3,7,09:49:29
82,3,7,09:49:58
47,3,7,09:50:02
461,3,7,09:50:07
72,3,7,09:50:41
359,3,7,09:50:46
243,3,7,09:50:52
268,3,7,09:51:54
391,3,7,09:52:20
306,3,7,09:52:22
218,3,7,09:53:11
9,3,7,09:53:17
409,3,7,09:54:28
38,3,7,09:55:08
153,3,7,09:55:37
156,3,7,09:56:01
425,3,7,09:56:41
126,3,7,09:56:58
465,3,7,09:57:43
340,3,7,09:57:53
368,3,7,09:59:09
174,3,7,10:00:12
430,3,7,10:01:06
330,3,7,10:01:41
311,3,7,10:03:09
356,3,7,10:04:22
458,3,7,10:04:25
286,3,7,10:04:29
23,3,7,10:05:08
463,3,7,10:05:13
327,3,7,10:06:17
344,3,7,10:07:24
467,3,7,10:07:50
55,3,7,10:08:44
268,3,7,10:08:54
225,3,7,10:09:34
325,3,7,10:09:40
119,3,7,10:11:33
103,3,7,10:11:40
464,3,7,10:16:00
194,3,7,10:16:25
70,3,7,10:17:02
251,3,7,10:17:23
444,3,7,10:19:15
204,3,7,10:20:33
204,3,7,10:20:33
284,3,7,10:21:23
423,3,7,10:22:54
51,3,7,10:23:12
99,3,7,10:24:58
357,3,7,10:25:14
329,3,7,10:26:08
35,3,7,10:27:38
395,3,7,10:27:48
139,3,7,10:28:07
63,3,7,10:28:17
239,3,7,10:28:22
13,3,7,10:28:29
307,3,7,10:28:45
280,3,7,10:29:57
295,3,7,10:29:57
332,3,7,10:30:19
219,3,7,10:32:00
142,3,7,10:34:58
24,3,7,10:35:00
301,3,7,10:35:32
80,3,7,10:35:49
407,3,7,10:35:50
149,3,7,10:37:44
323,3,7,10:38:02
335,3,7,10:39:13
166,3,7,10:39:54
213,3,7,10:40:42
161,3,7,10:41:57
403,3,7,10:43:08
233,3,7,10:44:38
442,3,7,10:49:04
4,3,7,10:49:27
12,3,7,10:50:02
82,3,7,10:50:27
293,3,7,10:51:03
120,3,7,10:51:09
452,3,7,10:52:19
455,3,7,10:52:31
191,3,7,10:53:01
302,3,7,10:53:07
125,3,7,10:53:25
186,3,7,10:54:13
52,3,7,10:55:56
316,3,7,10:56:52
140,3,7,10:56:54
460,3,7,10:57:36
354,3,7,10:58:47
151,3,7,11:00:58
151,3,7,11:01:12
131,3,7,11:02:43
26,3,7,11:03:08
319,3,7,11:03:17
224,3,7,11:04:24
263,3,7,11:05:00
335,3,7,11:05:04
371,3,7,11:05:09
206,3,7,11:05:16
285,3,7,11:06:27
256,3,7,11:07:32
328,3,7,11:08:56
14,3,7,11:09:33
88,3,7,11:09:41
342,3,7,11:10:02
3,3,7,11:10:02
265,3,7,11:10:14
246,3,7,11:10:27
231,3,7,11:11:02
298,3,7,11:11:34
257,3,7,11:11:36
333,3,7,11:12:30
182,3,7,11:12:32
259,3,7,11:13:08
11,3,7,11:13:26
45,3,7,11:13:44
103,3,7,11:13:46
389,3,7,11:13:57
277,3,7,11:14:11
137,3,7,11:14:22
39,3,7,11:15:21
276,3,7,11:15:22
174,3,7,11:17:14
428,3,7,11:17:37
64,3,7,11:18:46
439,3,7,11:18:46
111,3,7,11:19:51
366,3,7,11:21:33
258,3,7,11:21:53
223,3,7,11:22:04
331,3,7,11:22:26
30,3,7,11:23:38
20,3,7,11:23:38
260,3,7,11:24:07
150,3,7,11:24:58
74,3,7,11:25:20
297,3,7,11:26:29
127,3,7,11:27:49
49,3,7,11:28:32
144,3,7,11:28:54
208,3,7,11:29:08
91,3,7,11:31:32
238,3,7,11:32:11
383,3,7,11:32:32
241,3,7,11:32:46
269,3,7,11:32:50
392,3,7,11:32:54
55,3,7,11:33:25
51,3,7,11:33:59
186,3,7,11:35:57
264,3,7,11:36:00
216,3,7,11:36:31
1,3,7,11:36:49
457,3,7,11:37:03
458,3,7,11:37:22
235,3,7,11:37:34
253,3,7,11:37:37
44,3,7,11:39:51
355,3,7,11:41:15
176,3,7,11:41:59
466,3,7,11:42:04
445,3,7,11:42:39
59,3,7,11:42:52
213,3,7,11:43:32
54,3,7,11:43:39
411,3,7,11:43:47
42,3,7,11:44:30
179,3,7,11:44:48
268,3,7,11:45:17
299,3,7,11:46:09
83,3,7,11:47:55
148,3,7,11:49:25
269,3,7,11:49:31
185,3,7,11:49:47
462,3,7,11:50:05
377,3,7,11:50:33
386,3,7,11:50:47
181,3,7,11:52:16
107,3,7,11:53:37
189,3,7,11:54:21
171,3,7,11:54:39
175,3,7,11:57:23
432,3,7,11:57:46
105,3,7,11:58:22
207,3,7,11:59:41
274,3,7,12:00:02
37,3,7,12:00:09
101,3,7,12:00:24
132,3,7,12:00:29
358,3,7,12:00:50
93,3,7,12:00:51
190,3,7,12:00:53
368,3,7,12:03:25
384,3,7,12:03:38
467,3,7,12:03:58
332,3,7,12:04:13
24,3,7,12:04:27
74,3,7,12:04:44
374,3,7,12:05:32
436,3,7,12:06:54
225,3,7,12:06:58
75,3,7,12:06:59
62,3,7,12:09:55
275,3,7,12:10:06
403,3,7,12:10:07
34,3,7,12:11:04
130,3,7,12:11:09
73,3,7,12:11:38
121,3,7,12:12:43
116,3,7,12:13:07
435,3,7,12:13:41
423,3,7,12:14:19
10,3,7,12:15:24
141,3,7,12:15:57
250,3,7,12:17:10
34,3,7,12:17:36
34,3,7,12:18:02
248,3,7,12:20:01
254,3,7,12:20:15
115,3,7,12:22:35
458,3,7,12:22:37
126,3,7,12:23:02
277,3,7,12:23:03
86,3,7,12:24:06
250,3,7,12:24:19
218,3,7,12:24:29
317,3,7,12:24:30
379,3,7,12:24:48
234,3,7,12:25:40
29,3,7,12:25:45
312,3,7,12:26:31
170,3,7,12:26:59
220,3,7,12:29:52
222,3,7,12:30:41
430,3,7,12:31:48
27,3,7,12:32:29
55,3,7,12:33:01
160,3,7,12:33:08
363,3,7,12:35:02
38,3,7,12:35:08
382,3,7,12:36:08
418,3,7,12:36:12
5,3,7,12:36:46
306,3,7,12:36:51
370,3,7,12:37:28
270,3,7,12:37:55
454,3,7,12:38:11
244,3,7,12:38:13
195,3,7,12:38:14
79,3,7,12:38:19
466,3,7,12:38:42
464,3,7,12:39:15
143,3,7,12:40:00
352,3,7,12:40:39
94,3,7,12:40:56
165,3,7,12:41:30
292,3,7,12:44:40
455,3,7,12:45:49
425,3,7,12:45:52
243,3,7,12:46:20
417,3,7,12:46:23
213,3,7,12:47:43
262,3,7,12:48:06
149,3,7,12:48:56
100,3,7,12:49:27
227,3,7,12:52:04
357,3,7,12:53:24
161,3,7,12:54:14
163,3,7,12:54:58
255,3,7,12:55:07
35,3,7,12:55:43
70,3,7,12:56:36
12,3,7,12:58:10
362,3,7,12:58:15
292,3,7,12:59:08
46,3,7,12:59:46
344,3,7,13:01:49
194,3,7,13:02:48
338,3,7,13:03:49
372,3,7,13:03:55
465,3,7,13:04:14
217,3,7,13:06:17
64,3,7,13:06:55
347,3,7,13:08:26
164,3,7,13:10:13
141,3,7,13:13:02
385,3,7,13:15:02
58,3,7,13:15:33
192,3,7,13:16:03
194,3,7,13:17:45
11,3,7,13:20:15
24,3,7,13:20:23
71,3,7,13:20:34
249,3,7,13:21:34
145,3,7,13:23:26
223,3,7,13:23:59
402,3,7,13:26:35
407,3,7,13:27:56
440,3,7,13:28:41
48,3,7,13:29:10
401,3,7,13:30:26
416,3,7,13:30:27
346,3,7,13:30:45
157,3,7,13:31:45
323,3,7,13:33:20
115,3,7,13:33:46
186,3,7,13:37:46
423,3,7,13:37:52
258,3,7,13:38:59
155,3,7,13:39:19
176,3,7,13:40:16
30,3,7,13:40:39
406,3,7,13:41:18
248,3,7,13:44:25
376,3,7,13:44:29
167,3,7,13:45:19
136,3,7,13:45:42
129,3,7,13:47:09
82,3,7,13:48:29
21,3,7,13:49:10
414,3,7,13:51:05
415,3,7,13:51:23
268,3,7,13:51:27
14,3,7,13:53:15
120,3,7,13:56:59
293,3,7,13:57:45
241,3,7,13:59:50
295,3,7,14:00:31
153,3,7,14:01:55
443,3,7,14:03:51
443,3,7,14:04:22
462,3,7,14:05:55
321,3,7,14:07:50
133,3,7,14:08:28
246,3,7,14:10:14
166,3,7,14:11:11
3,3,7,14:12:19
351,3,7,14:12:29
290,3,7,14:12:57
240,3,7,14:13:26
85,3,7,14:13:43
272,3,7,14:13:45
146,3,7,14:14:59
163,3,7,14:15:06
319,3,7,14:15:52
456,3,7,14:16:06
259,3,7,14:16:47
79,3,7,14:18:25
275,3,7,14:18:53
354,3,7,14:19:11
413,3,7,14:20:21
140,3,7,14:20:21
140,3,7,14:20:22
452,3,7,14:21:30
251,3,7,14:22:05
100,3,7,14:22:44
81,3,7,14:23:07
246,3,7,14:28:20
297,3,7,14:29:11
66,3,7,14:30:44
231,3,7,14:30:50
57,3,7,14:31:49
312,3,7,14:32:23
353,3,7,14:34:43
424,3,7,14:34:59
287,3,7,14:35:43
42,3,7,14:36:22
83,3,7,14:36:27
455,3,7,14:37:01
121,3,7,14:37:59
48,3,7,14:38:48
238,3,7,14:42:07
255,3,7,14:42:20
118,3,7,14:42:24
102,3,7,14:42:56
342,3,7,14:43:14
51,3,7,14:43:16
206,3,7,14:43:37
137,3,7,14:44:06
160,3,7,14:44:32
134,3,7,14:44:44
329,3,7,14:45:40
346,3,7,14:46:41
244,3,7,14:46:44
307,3,7,14:46:47
327,3,7,14:47:32
207,3,7,14:47:38
373,3,7,14:47:53
189,3,7,14:48:54
417,3,7,14:49:11
451,3,7,14:49:18
18,3,7,14:49:55
261,3,7,14:50:24
294,3,7,14:50:46
299,3,7,14:50:55
356,3,7,14:50:56
217,3,7,14:52:08
115,3,7,14:52:08
13,3,7,14:53:22
34,3,7,14:54:58
34,3,7,14:55:08
34,3,7,14:55:19
418,3,7,14:55:49
208,3,7,14:58:01
288,3,7,14:58:54
156,3,7,15:00:52
288,3,7,15:00:57
201,3,7,15:02:24
396,3,7,15:02:25
99,3,7,15:02:50
229,3,7,15:03:26
200,3,7,15:04:00
323,3,7,15:04:36
288,3,7,15:05:15
180,3,7,15:06:01
69,3,7,15:06:43
97,3,7,15:07:12
31,3,7,15:07:48
97,3,7,15:08:19
288,3,7,15:09:21
368,3,7,15:09:59
347,3,7,15:10:03
23,3,7,15:12:21
264,3,7,15:15:44
199,3,7,15:16:55
462,3,7,15:17:53
434,3,7,15:18:07
158,3,7,15:19:37
227,3,7,15:20:07
423,3,7,15:21:01
288,3,7,15:22:42
233,3,7,15:23:12
363,3,7,15:23:14
64,3,7,15:23:37
306,3,7,15:24:38
263,3,7,15:24:59
56,3,7,15:25:07
367,3,7,15:25:10
211,3,7,15:25:20
402,3,7,15:27:01
277,3,7,15:27:21
59,3,7,15:28:54
89,3,7,15:29:56
29,3,7,15:30:27
237,3,7,15:30:28
55,3,7,15:31:19
172,3,7,15:31:20
65,3,7,15:34:10
38,3,7,15:35:18
362,3,7,15:35:27
75,3,7,15:37:06
63,3,7,15:37:40
239,3,7,15:37:42
72,3,7,15:38:26
212,3,7,15:39:37
227,3,7,15:40:28
460,3,7,15:41:56
217,3,7,15:42:18
47,3,7,15:44:46
430,3,7,15:45:18
66,3,7,15:45:32
110,3,7,15:46:09
20,3,7,15:49:36
104,3,7,15:49:55
406,3,7,15:49:56
188,3,7,15:50:00
228,3,7,15:50:02
449,3,7,15:50:02
62,3,7,15:50:03
459,3,7,15:50:04
139,3,7,15:50:05
84,3,7,15:50:07
319,3,7,15:50:09
44,3,7,15:50:11
390,3,7,15:50:11
336,3,7,15:50:19
166,3,7,15:50:21
165,3,7,15:50:22
289,3,7,15:50:23
87,3,7,15:50:27
438,3,7,15:50:28
184,3,7,15:50:28
225,3,7,15:50:29
359,3,7,15:50:32
107,3,7,15:50:33
70,3,7,15:50:41
266,3,7,15:50:45
300,3,7,15:50:54
399,3,7,15:50:58
273,3,7,15:51:08
320,3,7,15:51:16
175,3,7,15:51:19
448,3,7,15:51:21
162,3,7,15:51:30
68,3,7,15:51:34
174,3,7,15:51:42
190,3,7,15:51:43
255,3,7,15:51:43
149,3,7,15:51:48
426,3,7,15:51:55
278,3,7,15:51:58
303,3,7,15:52:01
118,3,7,15:52:19
310,3,7,15:52:32
354,3,7,15:52:35
168,3,7,15:52:37
252,3,7,15:52:46
185,3,7,15:52:46
132,3,7,15:52:52
423,3,7,15:52:54
326,3,7,15:53:21
221,3,7,15:53:28
186,3,7,15:53:33
395,3,7,15:53:33
316,3,7,15:53:47
76,3,7,15:53:48
394,3,7,15:53:50
52,3,7,15:53:57
52,3,7,15:53:57
458,3,7,15:53:58
99,3,7,15:54:01
205,3,7,15:54:06
35,3,7,15:54:08
122,3,7,15:54:09
122,3,7,15:54:09
446,3,7,15:54:12
385,3,7,15:54:18
450,3,7,15:54:21
216,3,7,15:54:23
33,3,7,15:54:28
271,3,7,15:54:28
40,3,7,15:54:36
122,3,7,15:54:36
169,3,7,15:54:37
153,3,7,15:54:44
117,3,7,15:54:45
52,3,7,15:54:46
250,3,7,15:54:51
260,3,7,15:54:53
167,3,7,15:55:01
116,3,7,15:55:13
429,3,7,15:55:13
333,3,7,15:55:18
122,3,7,15:55:23
220,3,7,15:55:38
176,3,7,15:55:43
2,3,7,15:55:45
129,3,7,15:56:20
38,3,7,15:56:23
460,3,7,15:56:25
144,3,7,15:56:34
234,3,7,15:56:35
128,3,7,15:56:43
17,3,7,15:56:45
40,3,7,15:56:45
293,3,7,15:56:48
53,3,7,15:56:49
428,3,7,15:57:04
439,3,7,15:57:08
209,3,7,15:57:14
230,3,7,15:57:15
247,3,7,15:57:23
232,3,7,15:57:24
196,3,7,15:57:27
95,3,7,15:57:28
410,3,7,15:57:33
291,3,7,15:57:36
140,3,7,15:57:41
307,3,7,15:57:41
454,3,7,15:57:53
160,3,7,15:57:59
270,3,7,15:57:59
177,3,7,15:58:03
97,3,7,15:58:04
161,3,7,15:58:07
224,3,7,15:58:08
445,3,7,15:58:45
338,3,7,15:59:00
397,3,7,15:59:02
20,3,7,15:59:06
16,3,7,15:59:16
120,3,7,15:59:16
327,3,7,15:59:31
376,3,7,15:59:45
164,3,7,15:59:49
19,3,7,15:59:59
417,3,7,16:00:14
26,3,7,16:00:19
251,3,7,16:00:22
268,3,7,16:00:29
133,3,7,16:00:37
465,3,7,16:00:56
28,3,7,16:01:02
361,3,7,16:01:04
43,3,7,16:01:08
437,3,7,16:01:09
64,3,7,16:01:12
335,3,7,16:01:16
341,3,7,16:01:22
284,3,7,16:01:33
171,3,7,16:01:44
361,3,7,16:01:51
54,3,7,16:02:00
63,3,7,16:02:02
178,3,7,16:02:02
262,3,7,16:02:04
349,3,7,16:02:07
253,3,7,16:02:16
34,3,7,16:02:18
273,3,7,16:02:21
302,3,7,16:02:32
80,3,7,16:02:34
235,3,7,16:02:38
14,3,7,16:02:41
419,3,7,16:02:43
24,3,7,16:02:46
114,3,7,16:02:58
419,3,7,16:03:00
315,3,7,16:03:07
256,3,7,16:03:34
1,3,7,16:03:51
282,3,7,16:03:54
388,3,7,16:04:14
407,3,7,16:04:24
389,3,7,16:04:29
151,3,7,16:04:36
292,3,7,16:04:37
256,3,7,16:04:57
150,3,7,16:04:58
308,3,7,16:05:10
408,3,7,16:05:15
379,3,7,16:05:29
79,3,7,16:05:34
45,3,7,16:05:42
210,3,7,16:05:55
399,3,7,16:05:58
237,3,7,16:06:08
343,3,7,16:06:11
53,3,7,16:06:13
8,3,7,16:06:35
465,3,7,16:06:43
441,3,7,16:06:44
163,3,7,16:06:49
111,3,7,16:07:12
427,3,7,16:08:08
106,3,7,16:08:15
94,3,7,16:08:17
309,3,7,16:08:18
248,3,7,16:08:38
334,3,7,16:09:07
220,3,7,16:09:14
304,3,7,16:09:35
192,3,7,16:09:46
100,3,7,16:09:57
39,3,7,16:10:04
166,3,7,16:10:37
169,3,7,16:10:46
330,3,7,16:11:11
294,3,7,16:11:48
373,3,7,16:11:51
392,3,7,16:11:52
289,3,7,16:12:12
393,3,7,16:12:15
313,3,7,16:12:23
76,3,7,16:12:30
70,3,7,16:12:34
18,3,7,16:12:34
10,3,7,16:12:38
344,3,7,16:12:41
388,3,7,16:12:57
351,3,7,16:12:58
249,3,7,16:13:05
402,3,7,16:13:06
71,3,7,16:13:18
36,3,7,16:13:20
414,3,7,16:13:23
226,3,7,16:13:41
281,3,7,16:14:25
155,3,7,16:14:36
355,3,7,16:14:43
236,3,7,16:14:55
314,3,7,16:15:07
337,3,7,16:15:30
331,3,7,16:15:30
242,3,7,16:15:32
422,3,7,16:15:35
30,3,7,16:15:44
357,3,7,16:16:02
420,3,7,16:16:02
30,3,7,16:16:05
124,3,7,16:16:13
413,3,7,16:16:27
274,3,7,16:16:29
180,3,7,16:16:31
119,3,7,16:16:43
350,3,7,16:16:48
160,3,7,16:16:50
467,3,7,16:17:50
188,3,7,16:18:09
240,3,7,16:18:12
102,3,7,16:18:15
275,3,7,16:18:48
380,3,7,16:19:04
375,3,7,16:19:25
159,3,7,16:19:58
245,3,7,16:20:32
190,3,7,16:20:42
369,3,7,16:20:42
90,3,7,16:20:43
286,3,7,16:21:23
4,3,7,16:21:39
453,3,7,16:21:47
405,3,7,16:21:53
25,3,7,16:22:06
158,3,7,16:22:08
371,3,7,16:22:10
268,3,7,16:22:23
143,3,7,16:22:24
201,3,7,16:22:34
231,3,7,16:22:47
98,3,7,16:22:56
405,3,7,16:22:57
254,3,7,16:22:57
135,3,7,16:23:13
142,3,7,16:23:14
435,3,7,16:23:19
457,3,7,16:23:33
194,3,7,16:23:42
436,3,7,16:23:49
269,3,7,16:24:07
100,3,7,16:24:13
65,3,7,16:24:54
148,3,7,16:25:46
451,3,7,16:26:17
261,3,7,16:26:38
102,3,7,16:26:45
176,3,7,16:27:14
364,3,7,16:27:16
115,3,7,16:27:21
391,3,7,16:27:44
5,3,7,16:28:35
276,3,7,16:28:40
112,3,7,16:28:41
119,3,7,16:28:49
96,3,7,16:28:54
81,3,7,16:29:34
207,3,7,16:29:42
251,3,7,16:29:50
32,3,7,16:30:04
378,3,7,16:30:04
413,3,7,16:30:12
94,3,7,16:30:21
131,3,7,16:31:03
463,3,7,16:31:05
411,3,7,16:31:05
182,3,7,16:31:13
91,3,7,16:31:23
125,3,7,16:31:55
78,3,7,16:31:56
78,3,7,16:32:31
432,3,7,16:33:55
247,3,7,16:34:00
154,3,7,16:34:20
63,3,7,16:34:52
110,3,7,16:35:03
146,3,7,16:35:11
319,3,7,16:35:51
318,3,7,16:36:04
238,3,7,16:36:10
295,3,7,16:38:02
289,3,7,16:38:07
377,3,7,16:38:54
412,3,7,16:39:01
187,3,7,16:39:04
187,3,7,16:39:05
381,3,7,16:39:35
265,3,7,16:39:37
173,3,7,16:40:23
183,3,7,16:40:40
400,3,7,16:42:45
113,3,7,16:43:04
307,3,7,16:43:12
203,3,7,16:43:31
196,3,7,16:43:34
73,3,7,16:43:51
202,3,7,16:44:15
324,3,7,16:44:27
299,3,7,16:45:35
166,3,7,16:45:41
425,3,7,16:45:57
15,3,7,16:46:10
351,3,7,16:46:11
296,3,7,16:46:13
179,3,7,16:46:14
66,3,7,16:46:24
231,3,7,16:47:11
297,3,7,16:47:57
383,3,7,16:48:19
92,3,7,16:49:01
123,3,7,16:49:26
311,3,7,16:49:55
305,3,7,16:50:19
89,3,7,16:50:21
322,3,7,16:50:46
160,3,7,16:51:30
42,3,7,16:52:10
204,3,7,16:54:23
288,3,7,16:54:23
204,3,7,16:54:23
461,3,7,16:55:06
86,3,7,16:55:44
301,3,7,16:55:58
214,3,7,16:56:53
327,3,7,16:56:56
191,3,7,16:58:51
222,3,7,17:01:03
37,3,7,17:01:51
447,3,7,17:03:23
466,3,7,17:03:54
384,3,7,17:04:13
299,3,7,17:04:59
168,3,7,17:06:29
115,3,7,17:07:02
342,3,7,17:07:12
229,3,7,17:07:28
32,3,7,17:07:34
161,3,7,17:07:48
84,3,7,17:07:57
277,3,7,17:08:31
60,3,7,17:10:26
49,3,7,17:10:37
398,3,7,17:11:27
248,3,7,17:11:27
374,3,7,17:11:40
399,3,7,17:13:17
260,3,7,17:13:33
22,3,7,17:13:48
208,3,7,17:14:11
363,3,7,17:14:15
386,3,7,17:14:16
46,3,7,17:14:34
145,3,7,17:17:40
401,3,7,17:18:19
358,3,7,17:18:48
434,3,7,17:19:03
19,3,7,17:19:53
100,3,7,17:20:06
387,3,7,17:22:39
198,3,7,17:22:46
218,3,7,17:23:31
312,3,7,17:24:43
421,3,7,17:24:51
9,3,7,17:25:21
255,3,7,17:25:59
360,3,7,17:26:15
264,3,7,17:26:34
130,3,7,17:27:42
189,3,7,17:28:09
48,3,7,17:29:28
159,3,7,17:30:15
52,3,7,17:31:38
404,3,7,17:32:06
97,3,7,17:33:17
346,3,7,17:34:23
11,3,7,17:34:30
105,3,7,17:35:22
127,3,7,17:36:07
324,3,7,17:37:33
110,3,7,17:38:50
359,3,7,17:40:33
415,3,7,17:42:28
426,3,7,17:43:04
180,3,7,17:43:23
195,3,7,17:44:01
162,3,7,17:44:07
279,3,7,17:44:15
358,3,7,17:45:00
34,3,7,17:45:06
247,3,7,17:46:06
366,3,7,17:47:13
79,3,7,17:48:06
171,3,7,17:48:20
229,3,7,17:48:44
298,3,7,17:48:47
187,3,7,17:49:09
187,3,7,17:49:09
317,3,7,17:49:16
385,3,7,17:51:54
208,3,7,17:52:06
353,3,7,17:52:51
300,3,7,17:56:15
28,3,7,17:56:35
106,3,7,17:57:48
33,3,7,17:59:36
172,3,7,18:00:27
350,3,7,18:01:18
263,3,7,18:02:21
359,3,7,18:02:42
307,3,7,18:02:52
141,3,7,18:03:37
411,3,7,18:03:55
18,3,7,18:04:18
205,3,7,18:05:02
376,3,7,18:05:19
397,3,7,18:05:32
349,3,7,18:06:00
103,3,7,18:07:25
277,3,7,18:07:56
244,3,7,18:08:21
59,3,7,18:08:23
372,3,7,18:08:41
446,3,7,18:09:21
459,3,7,18:10:40
384,3,7,18:10:51
45,3,7,18:11:51
339,3,7,18:12:08
169,3,7,18:12:44
59,3,7,18:14:08
276,3,7,18:15:54
139,3,7,18:16:45
220,3,7,18:18:03
280,3,7,18:18:38
382,3,7,18:21:56
170,3,7,18:22:18
380,3,7,18:22:34
213,3,7,18:22:46
135,3,7,18:23:40
431,3,7,18:23:59
157,3,7,18:24:02
54,3,7,18:26:12
123,3,7,18:26:17
204,3,7,18:28:36
38,3,7,18:30:47
83,3,7,18:30:53
285,3,7,18:30:56
419,3,7,18:31:20
268,3,7,18:31:22
134,3,7,18:31:39
359,3,7,18:35:53
154,3,7,18:35:55
465,3,7,18:36:23
150,3,7,18:36:58
452,3,7,18:37:02
194,3,7,18:37:14
168,3,7,18:39:06
306,3,7,18:39:47
85,3,7,18:39:56
108,3,7,18:40:14
184,3,7,18:40:27
238,3,7,18:41:08
50,3,7,18:41:25
309,3,7,18:41:53
349,3,7,18:42:25
393,3,7,18:43:21
203,3,7,18:45:37
160,3,7,18:45:50
275,3,7,18:45:57
305,3,7,18:46:07
217,3,7,18:46:23
126,3,7,18:47:41
187,3,7,18:48:24
36,3,7,18:48:29
188,3,7,18:49:26
267,3,7,18:50:02
460,3,7,18:50:04
284,3,7,18:50:33
72,3,7,18:50:56
55,3,7,18:51:33
447,3,7,18:51:51
222,3,7,18:53:34
76,3,7,18:54:18
76,3,7,18:54:18
76,3,7,18:54:19
119,3,7,18:54:59
156,3,7,18:55:27
124,3,7,18:55:46
396,3,7,18:55:48
68,3,7,18:56:07
159,3,7,18:56:08
198,3,7,18:56:24
293,3,7,18:56:48
375,3,7,18:56:58
54,3,7,18:57:00
321,3,7,18:57:07
26,3,7,18:57:51
8,3,7,18:59:18
56,3,7,19:02:06
211,3,7,19:02:10
113,3,7,19:04:11
99,3,7,19:09:42
174,3,7,19:11:56
98,3,7,19:12:14
282,3,7,19:13:44
44,3,7,19:13:51
447,3,7,19:14:38
202,3,7,19:15:20
128,3,7,19:16:38
15,3,7,19:17:03
370,3,7,19:17:11
441,3,7,19:19:47
354,3,7,19:20:04
164,3,7,19:20:12
440,3,7,19:21:04
14,3,7,19:22:20
122,3,7,19:23:10
122,3,7,19:23:10
236,3,7,19:23:19
62,3,7,19:23:25
92,3,7,19:23:27
463,3,7,19:23:30
3,3,7,19:23:32
89,3,7,19:23:42
133,3,7,19:25:36
146,3,7,19:26:19
70,3,7,19:27:21
338,3,7,19:27:34
50,3,7,19:28:02
23,3,7,19:28:23
286,3,7,19:28:28
357,3,7,19:29:20
436,3,7,19:29:23
62,3,7,19:29:50
257,3,7,19:30:05
132,3,7,19:30:24
144,3,7,19:32:02
466,3,7,19:32:09
250,3,7,19:32:23
402,3,7,19:32:54
313,3,7,19:33:11
246,3,7,19:33:14
34,3,7,19:35:36
204,3,7,19:35:44
421,3,7,19:37:29
307,3,7,19:38:29
327,3,7,19:39:01
455,3,7,19:40:53
198,3,7,19:41:14
415,3,7,19:44:27
382,3,7,19:47:24
248,3,7,19:48:05
143,3,7,19:48:33
295,3,7,19:48:42
268,3,7,19:48:43
57,3,7,19:49:03
289,3,7,19:49:53
153,3,7,19:50:07
265,3,7,19:50:49
21,3,7,19:51:00
115,3,7,19:51:29
66,3,7,19:51:51
212,3,7,19:52:25
281,3,7,19:53:38
142,3,7,19:53:41
104,3,7,19:53:43
235,3,7,19:53:54
425,3,7,19:57:56
255,3,7,19:57:57
110,3,7,19:58:31
108,3,7,20:01:39
434,3,7,20:03:44
260,3,7,20:03:56
229,3,7,20:04:07
163,3,7,20:04:17
461,3,7,20:05:09
308,3,7,20:06:01
413,3,7,20:06:35
354,3,7,20:07:20
32,3,7,20:07:43
328,3,7,20:08:47
117,3,7,20:10:06
157,3,7,20:11:28
412,3,7,20:11:35
458,3,7,20:11:46
9,3,7,20:12:26
317,3,7,20:13:23
293,3,7,20:14:33
457,3,7,20:14:52
118,3,7,20:16:16
56,3,7,20:17:19
320,3,7,20:17:31
367,3,7,20:17:52
385,3,7,20:19:32
229,3,7,20:19:41
451,3,7,20:21:20
184,3,7,20:22:10
145,3,7,20:22:14
444,3,7,20:25:42
344,3,7,20:26:20
192,3,7,20:26:51
191,3,7,20:27:58
350,3,7,20:29:26
298,3,7,20:30:10
330,3,7,20:30:31
460,3,7,20:30:42
323,3,7,20:32:30
157,3,7,20:33:58
424,3,7,20:34:21
304,3,7,20:36:05
81,3,7,20:37:07
121,3,7,20:38:03
314,3,7,20:38:47
368,3,7,20:39:01
43,3,7,20:41:08
100,3,7,20:41:47
311,3,7,20:42:19
382,3,7,20:42:34
423,3,7,20:45:24
97,3,7,20:45:34
346,3,7,20:48:01
299,3,7,20:48:28
419,3,7,20:48:50
11,3,7,20:50:31
169,3,7,20:51:27
39,3,7,20:52:12
251,3,7,20:53:07
381,3,7,20:54:00
137,3,7,20:54:28
215,3,7,20:54:50
389,3,7,20:55:28
171,3,7,20:55:37
377,3,7,20:57:10
387,3,7,20:57:20
261,3,7,20:57:30
362,3,7,20:58:31
205,3,7,20:58:36
183,3,7,20:58:47
403,3,7,20:59:25
230,3,7,21:01:09
107,3,7,21:01:32
287,3,7,21:01:44
184,3,7,21:02:01
309,3,7,21:02:02
110,3,7,21:02:54
52,3,7,21:03:05
310,3,7,21:03:15
316,3,7,21:03:18
308,3,7,21:04:57
435,3,7,21:05:43
27,3,7,21:07:20
456,3,7,21:08:07
163,3,7,21:10:12
168,3,7,21:10:13
322,3,7,21:10:29
411,3,7,21:10:35
383,3,7,21:13:38
209,3,7,21:14:12
331,3,7,21:17:33
419,3,7,21:18:37
140,3,7,21:21:27
318,3,7,21:22:29
329,3,7,21:22:32
422,3,7,21:22:34
84,3,7,21:22:36
373,3,7,21:22:37
62,3,7,21:22:37
336,3,7,21:22:38
245,3,7,21:22:41
222,3,7,21:22:43
87,3,7,21:22:51
418,3,7,21:22:55
365,3,7,21:23:02
120,3,7,21:23:07
432,3,7,21:23:07
262,3,7,21:23:07
263,3,7,21:23:10
426,3,7,21:23:12
306,3,7,21:23:12
70,3,7,21:23:15
312,3,7,21:23:16
114,3,7,21:23:17
453,3,7,21:23:18
123,3,7,21:23:19
267,3,7,21:23:24
399,3,7,21:23:27
49,3,7,21:23:27
185,3,7,21:23:30
207,3,7,21:23:31
250,3,7,21:23:33
54,3,7,21:23:42
458,3,7,21:23:42
240,3,7,21:23:46
165,3,7,21:23:47
237,3,7,21:23:51
28,3,7,21:23:51
307,3,7,21:23:52
379,3,7,21:23:57
361,3,7,21:23:58
380,3,7,21:24:18
24,3,7,21:24:19
155,3,7,21:24:24
404,3,7,21:24:29
119,3,7,21:24:33
232,3,7,21:24:35
106,3,7,21:24:38
278,3,7,21:24:48
359,3,7,21:24:52
123,3,7,21:25:04
123,3,7,21:25:25
255,3,7,21:25:25
171,3,7,21:25:30
123,3,7,21:25:40
317,3,7,21:25:40
123,3,7,21:25:53
198,3,7,21:25:55
71,3,7,21:25:56
224,3,7,21:25:59
280,3,7,21:26:00
249,3,7,21:26:11
277,3,7,21:26:13
108,3,7,21:26:14
50,3,7,21:26:17
343,3,7,21:26:32
319,3,7,21:26:35
63,3,7,21:26:38
459,3,7,21:26:41
175,3,7,21:26:41
113,3,7,21:26:43
239,3,7,21:26:43
200,3,7,21:26:54
12,3,7,21:26:56
264,3,7,21:26:58
231,3,7,21:27:01
179,3,7,21:27:04
190,3,7,21:27:10
127,3,7,21:27:17
111,3,7,21:27:18
352,3,7,21:27:28
174,3,7,21:27:30
223,3,7,21:27:32
117,3,7,21:27:42
283,3,7,21:27:50
214,3,7,21:27:55
273,3,7,21:28:00
226,3,7,21:28:01
17,3,7,21:28:15
158,3,7,21:28:35
216,3,7,21:28:41
247,3,7,21:28:41
268,3,7,21:28:49
305,3,7,21:28:56
429,3,7,21:28:56
61,3,7,21:29:10
78,3,7,21:29:12
248,3,7,21:29:14
13,3,7,21:29:28
400,3,7,21:29:30
241,3,7,21:29:55
218,3,7,21:30:13
170,3,7,21:30:15
360,3,7,21:30:17
272,3,7,21:30:23
351,3,7,21:30:33
269,3,7,21:30:41
19,3,7,21:30:45
448,3,7,21:30:45
310,3,7,21:30:56
296,3,7,21:30:58
281,3,7,21:31:11
92,3,7,21:31:36
396,3,7,21:31:40
166,3,7,21:31:44
289,3,7,21:32:09
266,3,7,21:32:11
86,3,7,21:32:23
44,3,7,21:32:40
398,3,7,21:32:48
333,3,7,21:33:01
376,3,7,21:33:29
285,3,7,21:33:31
397,3,7,21:33:36
349,3,7,21:33:44
341,3,7,21:33:53
395,3,7,21:34:28
301,3,7,21:34:32
143,3,7,21:34:56
10,3,7,21:35:08
116,3,7,21:35:15
47,3,7,21:35:54
53,3,7,21:35:54
390,3,7,21:36:03
64,3,7,21:36:07
347,3,7,21:36:33
388,3,7,21:36:34
258,3,7,21:36:45
173,3,7,21:37:06
431,3,7,21:37:20
378,3,7,21:37:20
267,3,7,21:37:27
175,3,7,21:37:29
59,3,7,21:37:39
109,3,7,21:37:55
450,3,7,21:38:04
101,3,7,21:38:23
35,3,7,21:38:37
99,3,7,21:38:52
341,3,7,21:39:10
428,3,7,21:39:36
335,3,7,21:39:44
223,3,7,21:39:46
4,3,7,21:39:46
166,3,7,21:39:48
434,3,7,21:40:09
95,3,7,21:40:14
42,3,7,21:40:14
180,3,7,21:40:26
135,3,7,21:40:31
467,3,7,21:40:40
289,3,7,21:40:42
203,3,7,21:41:03
132,3,7,21:41:06
202,3,7,21:41:19
292,3,7,21:41:26
20,3,7,21:41:50
252,3,7,21:43:03
294,3,7,21:43:11
432,3,7,21:43:50
74,3,7,21:44:31
173,3,7,21:44:36
274,3,7,21:44:49
103,3,7,21:45:15
65,3,7,21:45:19
303,3,7,21:45:29
139,3,7,21:46:01
314,3,7,21:46:14
433,3,7,21:46:25
149,3,7,21:46:48
292,3,7,21:46:57
91,3,7,21:47:29
348,3,7,21:47:52
18,3,7,21:47:59
273,3,7,21:47:59
54,3,7,21:48:04
337,3,7,21:48:05
218,3,7,21:48:19
59,3,7,21:48:23
441,3,7,21:48:25
72,3,7,21:48:31
159,3,7,21:48:31
41,3,7,21:48:31
273,3,7,21:48:42
225,3,7,21:48:49
464,3,7,21:49:09
273,3,7,21:49:15
70,3,7,21:50:03
428,3,7,21:50:04
127,3,7,21:50:21
434,3,7,21:50:40
79,3,7,21:50:41
229,3,7,21:50:41
254,3,7,21:50:52
138,3,7,21:51:36
271,3,7,21:51:59
246,3,7,21:52:05
306,3,7,21:52:05
177,3,7,21:52:14
242,3,7,21:52:23
445,3,7,21:52:24
131,3,7,21:52:34
124,3,7,21:52:36
341,3,7,21:52:43
148,3,7,21:53:40
201,3,7,21:53:51
303,3,7,21:53:51
259,3,7,21:53:57
56,3,7,21:54:03
164,3,7,21:54:57
326,3,7,21:55:14
277,3,7,21:55:18
373,3,7,21:55:35
182,3,7,21:55:37
198,3,7,21:55:37
228,3,7,21:55:50
120,3,7,21:56:01
310,3,7,21:56:07
408,3,7,21:56:17
21,3,7,21:56:34
421,3,7,21:57:10
14,3,7,21:57:21
110,3,7,21:57:48
298,3,7,21:58:29
322,3,7,21:58:38
42,3,7,21:58:38
129,3,7,21:58:51
308,3,7,21:58:55
302,3,7,21:59:14
282,3,7,22:00:16
59,3,7,22:00:28
38,3,7,22:00:33
63,3,7,22:01:19
94,3,7,22:01:21
442,3,7,22:01:23
50,3,7,22:01:30
239,3,7,22:01:41
324,3,7,22:02:11
85,3,7,22:02:29
439,3,7,22:03:36
8,3,7,22:04:23
104,3,7,22:05:21
317,3,7,22:05:25
229,3,7,22:06:37
463,3,7,22:07:01
187,3,7,22:07:16
187,3,7,22:07:16
156,3,7,22:07:51
401,3,7,22:08:27
211,3,7,22:11:40
142,3,7,22:12:17
9,3,7,22:12:25
366,3,7,22:14:51
87,3,7,22:15:38
19,3,7,22:16:37
206,3,7,22:17:05
289,3,7,22:17:15
25,3,7,22:17:18
291,3,7,22:17:27
443,3,7,22:17:51
320,3,7,22:18:20
25,3,7,22:18:28
206,3,7,22:18:41
265,3,7,22:18:54
118,3,7,22:18:56
120,3,7,22:19:04
273,3,7,22:19:29
67,3,7,22:19:32
421,3,7,22:19:35
273,3,7,22:19:43
196,3,7,22:19:50
184,3,7,22:19:59
413,3,7,22:20:14
268,3,7,22:20:14
206,3,7,22:20:22
68,3,7,22:20:36
73,3,7,22:21:05
210,3,7,22:21:34
323,3,7,22:21:57
153,3,7,22:22:08
130,3,7,22:22:10
243,3,7,22:22:16
382,3,7,22:22:45
147,3,7,22:23:35
446,3,7,22:23:53
315,3,7,22:23:56
115,3,7,22:24:03
22,3,7,22:24:17
35,3,7,22:24:22
47,3,7,22:24:26
211,3,7,22:24:28
313,3,7,22:24:31
12,3,7,22:24:31
264,3,7,22:24:42
447,3,7,22:24:43
398,3,7,22:24:46
359,3,7,22:25:00
226,3,7,22:25:04
138,3,7,22:25:08
1,3,7,22:25:31
154,3,7,22:25:31
79,3,7,22:26:18
276,3,7,22:26:26
161,3,7,22:26:32
68,3,7,22:26:45
96,3,7,22:26:55
175,3,7,22:27:09
315,3,7,22:27:30
111,3,7,22:27:41
453,3,7,22:28:00
40,3,7,22:28:01
33,3,7,22:28:03
220,3,7,22:28:07
120,3,7,22:28:35
314,3,7,22:29:24
211,3,7,22:30:15
99,3,7,22:30:41
407,3,7,22:31:06
424,3,7,22:31:12
169,3,7,22:32:22
204,3,7,22:32:25
45,3,7,22:32:35
2,3,7,22:32:35
369,3,7,22:33:59
369,3,7,22:34:10
7,3,7,22:34:34
392,3,7,22:34:44
412,3,7,22:34:52
357,3,7,22:34:57
90,3,7,22:35:00
365,3,7,22:35:50
341,3,7,22:35:56
339,3,7,22:36:16
427,3,7,22:36:25
208,3,7,22:36:27
146,3,7,22:36:53
109,3,7,22:37:07
192,3,7,22:37:14
168,3,7,22:37:16
314,3,7,22:37:23
31,3,7,22:37:30
172,3,7,22:38:07
102,3,7,22:38:07
243,3,7,22:38:23
428,3,7,22:38:44
46,3,7,22:38:50
324,3,7,22:39:39
338,3,7,22:40:03
334,3,7,22:40:34
380,3,7,22:40:50
81,3,7,22:42:18
3,3,7,22:42:29
279,3,7,22:42:30
78,3,7,22:42:33
197,3,7,22:43:56
34,3,7,22:44:15
34,3,7,22:44:21
34,3,7,22:44:30
34,3,7,22:44:38
319,3,7,22:44:49
438,3,7,22:45:16
126,3,7,22:45:53
260,3,7,22:45:56
209,3,7,22:46:38
460,3,7,22:47:26
377,3,7,22:47:59
178,3,7,22:48:34
167,3,7,22:48:37
271,3,7,22:49:07
308,3,7,22:49:21
386,3,7,22:49:51
16,3,7,22:49:54
16,3,7,22:49:55
444,3,7,22:50:46
429,3,7,22:51:01
348,3,7,22:51:41
307,3,7,22:51:42
11,3,7,22:51:57
411,3,7,22:52:13
325,3,7,22:52:49
57,3,7,22:53:06
171,3,7,22:53:56
293,3,7,22:55:34
151,3,7,22:55:54
217,3,7,22:56:13
160,3,7,22:56:57
353,3,7,22:57:44
449,3,7,22:57:56
272,3,7,22:58:46
298,3,7,22:59:33
387,3,7,23:00:32
183,3,7,23:00:33
444,3,7,23:01:48
308,3,7,23:03:19
419,3,7,23:03:37
375,3,7,23:03:43
206,3,7,23:04:35
65,3,7,23:04:41
388,3,7,23:05:25
375,3,7,23:05:45
441,3,7,23:06:42
460,3,7,23:07:06
273,3,7,23:08:17
377,3,7,23:08:31
382,3,7,23:08:43
117,3,7,23:10:42
308,3,7,23:11:58
456,3,7,23:12:23
11,3,7,23:12:43
230,3,7,23:13:00
53,3,7,23:13:07
349,3,7,23:13:36
422,3,7,23:13:41
132,3,7,23:14:01
358,3,7,23:14:59
330,3,7,23:17:02
226,3,7,23:17:18
226,3,7,23:17:20
169,3,7,23:18:05
169,3,7,23:18:33
113,3,7,23:19:21
422,3,7,23:20:53
155,3,7,23:22:11
245,3,7,23:23:20
359,3,7,23:24:09
327,3,7,23:24:17
248,3,7,23:25:24
332,3,7,23:25:36
63,3,7,23:25:51
88,3,7,23:25:57
455,3,7,23:26:10
40,3,7,23:26:29
426,3,7,23:26:47
421,3,7,23:27:04
442,3,7,23:28:20
404,3,7,23:29:14
107,3,7,23:29:21
228,3,7,23:29:29
9,3,7,23:29:31
87,3,7,23:29:41
247,3,7,23:29:44
465,3,7,23:29:45
50,3,7,23:30:06
158,3,7,23:30:06
195,3,7,23:30:19
143,3,7,23:30:41
359,3,7,23:30:43
359,3,7,23:30:44
336,3,7,23:30:50
242,3,7,23:30:52
363,3,7,23:30:56
121,3,7,23:31:00
226,3,7,23:31:14
335,3,7,23:31:21
133,3,7,23:31:22
300,3,7,23:31:24
67,3,7,23:31:25
406,3,7,23:31:27
84,3,7,23:31:44
399,3,7,23:32:06
17,3,7,23:32:13
79,3,7,23:32:27
118,3,7,23:32:27
273,3,7,23:32:28
78,3,7,23:32:29
450,3,7,23:32:38
312,3,7,23:32:46
5,3,7,23:33:04
274,3,7,23:33:08
93,3,7,23:33:10
76,3,7,23:33:15
425,3,7,23:33:37
60,3,7,23:33:40
98,3,7,23:33:43
246,3,7,23:34:11
314,3,7,23:34:30
117,3,7,23:35:00
162,3,7,23:35:04
236,3,7,23:35:47
449,3,7,23:35:54
409,3,7,23:35:59
217,3,7,23:35:59
194,3,7,23:36:12
405,3,7,23:36:37
410,3,7,23:37:22
36,3,7,23:37:25
299,3,7,23:37:26
429,3,7,23:37:38
122,3,7,23:37:43
122,3,7,23:37:43
284,3,7,23:38:56
112,3,7,23:39:11
272,3,7,23:39:21
409,3,7,23:39:41
240,3,7,23:39:53
378,3,7,23:40:23
448,3,7,23:40:59
53,3,7,23:41:09
324,3,7,23:41:50
25,3,7,23:43:20
303,3,7,23:43:34
289,3,7,23:43:41
109,3,7,23:44:20
65,3,7,23:45:22
453,3,7,23:45:27
343,3,7,23:47:07
65,3,7,23:47:11
65,3,7,23:47:11
65,3,7,23:47:12
343,3,7,23:47:41
423,3,7,23:49:19
360,3,7,23:50:11
264,3,7,23:50:29
120,3,7,23:52:02
266,3,7,23:52:35
14,3,7,23:53:10
138,3,7,23:53:16
353,3,7,23:53:18
307,3,7,23:53:56
322,3,7,23:54:21
202,3,7,23:54:23
15,3,7,23:55:18
291,3,7,23:55:49
220,3,7,23:56:32
374,3,7,23:56:37
326,3,7,23:56:53
224,3,7,23:57:15
381,3,7,23:57:19
324,3,7,23:58:00
177,3,7,23:58:05
161,3,7,23:58:25
173,3,7,23:59:16
413,4,1,00:00:57
409,4,1,00:01:02
335,4,1,00:01:05
234,4,1,00:01:05
433,4,1,00:03:44
167,4,1,00:04:09
85,4,1,00:04:09
162,4,1,00:04:27
3,4,1,00:04:32
355,4,1,00:04:54
463,4,1,00:05:00
324,4,1,00:05:10
1,4,1,00:05:34
1,4,1,00:05:51
408,4,1,00:06:12
127,4,1,00:06:15
278,4,1,00:06:19
457,4,1,00:06:19
177,4,1,00:06:23
367,4,1,00:06:24
209,4,1,00:06:24
117,4,1,00:06:27
121,4,1,00:06:27
359,4,1,00:06:35
56,4,1,00:06:36
41,4,1,00:06:45
170,4,1,00:06:52
369,4,1,00:06:58
275,4,1,00:07:04
195,4,1,00:07:05
13,4,1,00:07:05
116,4,1,00:07:06
373,4,1,00:07:08
115,4,1,00:07:09
317,4,1,00:07:13
379,4,1,00:07:15
110,4,1,00:07:16
87,4,1,00:07:19
168,4,1,00:07:22
76,4,1,00:07:28
135,4,1,00:07:31
273,4,1,00:07:32
120,4,1,00:07:33
144,4,1,00:07:39
436,4,1,00:07:42
394,4,1,00:07:42
225,4,1,00:07:49
255,4,1,00:07:51
263,4,1,00:07:54
371,4,1,00:07:55
291,4,1,00:08:04
264,4,1,00:08:11
122,4,1,00:08:19
122,4,1,00:08:20
348,4,1,00:08:20
50,4,1,00:08:23
458,4,1,00:08:23
112,4,1,00:08:30
61,4,1,00:08:30
63,4,1,00:08:35
360,4,1,00:08:43
64,4,1,00:08:52
75,4,1,00:09:04
204,4,1,00:09:12
185,4,1,00:09:14
157,4,1,00:09:17
182,4,1,00:09:23
307,4,1,00:09:28
239,4,1,00:09:39
301,4,1,00:09:39
201,4,1,00:09:41
49,4,1,00:09:51
47,4,1,00:09:56
48,4,1,00:10:00
95,4,1,00:10:44
86,4,1,00:11:12
303,4,1,00:11:34
27,4,1,00:11:49
406,4,1,00:11:52
344,4,1,00:11:54
296,4,1,00:11:57
424,4,1,00:12:05
71,4,1,00:12:38
434,4,1,00:12:50
314,4,1,00:12:52
147,4,1,00:12:53
178,4,1,00:12:54
369,4,1,00:13:15
388,4,1,00:13:16
247,4,1,00:13:24
218,4,1,00:13:29
231,4,1,00:13:44
300,4,1,00:14:00
99,4,1,00:14:02
236,4,1,00:14:05
106,4,1,00:14:06
132,4,1,00:14:17
334,4,1,00:14:33
109,4,1,00:14:36
358,4,1,00:14:40
15,4,1,00:14:46
428,4,1,00:14:48
365,4,1,00:14:48
196,4,1,00:15:02
111,4,1,00:15:21
26,4,1,00:15:25
179,4,1,00:15:29
163,4,1,00:15:32
91,4,1,00:15:33
81,4,1,00:16:21
104,4,1,00:16:24
202,4,1,00:16:29
248,4,1,00:16:54
385,4,1,00:17:10
20,4,1,00:17:19
70,4,1,00:17:27
359,4,1,00:17:35
385,4,1,00:18:10
10,4,1,00:18:16
219,4,1,00:18:19
94,4,1,00:18:35
396,4,1,00:18:42
347,4,1,00:18:42
19,4,1,00:18:46
261,4,1,00:18:53
24,4,1,00:18:54
306,4,1,00:18:55
267,4,1,00:19:08
152,4,1,00:19:17
199,4,1,00:19:25
67,4,1,00:19:28
51,4,1,00:19:51
31,4,1,00:19:53
79,4,1,00:19:54
453,4,1,00:20:02
375,4,1,00:20:04
387,4,1,00:20:19
82,4,1,00:20:43
184,4,1,00:20:49
58,4,1,00:21:07
337,4,1,00:21:21
420,4,1,00:21:33
44,4,1,00:21:40
435,4,1,00:22:06
416,4,1,00:22:08
296,4,1,00:22:12
14,4,1,00:22:14
419,4,1,00:22:21
339,4,1,00:23:08
366,4,1,00:23:20
101,4,1,00:24:29
410,4,1,00:24:42
150,4,1,00:25:23
327,4,1,00:25:26
269,4,1,00:26:07
120,4,1,00:26:20
83,4,1,00:26:24
241,4,1,00:26:24
398,4,1,00:27:44
282,4,1,00:28:09
164,4,1,00:28:20
237,4,1,00:28:32
456,4,1,00:28:44
174,4,1,00:29:07
404,4,1,00:29:15
298,4,1,00:29:16
302,4,1,00:29:51
399,4,1,00:30:25
189,4,1,00:31:09
123,4,1,00:31:12
90,4,1,00:31:32
196,4,1,00:31:35
203,4,1,00:33:15
452,4,1,00:33:25
440,4,1,00:34:45
145,4,1,00:35:22
190,4,1,00:36:26
411,4,1,00:36:45
192,4,1,00:36:53
1,4,1,00:37:41
439,4,1,00:39:41
460,4,1,00:40:13
151,4,1,00:41:47
341,4,1,00:42:52
77,4,1,00:43:01
287,4,1,00:44:56
322,4,1,00:45:30
315,4,1,00:45:58
222,4,1,00:46:38
97,4,1,00:46:50
136,4,1,00:48:17
320,4,1,00:48:40
14,4,1,00:48:55
313,4,1,00:49:24
107,4,1,00:49:30
451,4,1,00:49:55
347,4,1,00:50:32
113,4,1,00:52:03
319,4,1,00:53:16
272,4,1,00:57:25
191,4,1,00:57:40
386,4,1,00:58:02
146,4,1,00:58:30
380,4,1,00:59:03
175,4,1,01:02:50
352,4,1,01:04:31
265,4,1,01:04:33
350,4,1,01:05:09
44,4,1,01:05:49
465,4,1,01:06:07
180,4,1,01:07:41
74,4,1,01:07:49
285,4,1,01:08:44
314,4,1,01:09:00
289,4,1,01:11:44
462,4,1,01:12:34
351,4,1,01:13:22
298,4,1,01:13:28
96,4,1,01:13:36
96,4,1,01:13:37
188,4,1,01:13:53
165,4,1,01:14:54
349,4,1,01:15:39
427,4,1,01:15:41
245,4,1,01:19:57
464,4,1,01:20:54
238,4,1,01:21:27
33,4,1,01:23:54
414,4,1,01:24:23
181,4,1,01:26:52
169,4,1,01:28:47
40,4,1,01:30:14
131,4,1,01:32:34
93,4,1,01:34:40
39,4,1,01:34:50
39,4,1,01:34:50
7,4,1,01:37:08
390,4,1,01:37:10
89,4,1,01:37:46
137,4,1,01:38:36
143,4,1,01:46:32
197,4,1,01:54:12
211,4,1,01:58:02
207,4,1,01:58:29
47,4,1,01:59:55
207,4,1,02:04:38
384,4,1,02:06:15
53,4,1,02:08:45
56,4,1,02:10:48
368,4,1,02:18:50
314,4,1,02:19:04
364,4,1,02:19:10
238,4,1,02:25:51
126,4,1,02:27:34
127,4,1,02:28:36
223,4,1,02:28:56
379,4,1,02:29:45
170,4,1,02:30:27
69,4,1,02:32:47
459,4,1,02:37:05
88,4,1,02:37:20
278,4,1,02:46:59
36,4,1,02:55:39
351,4,1,02:58:54
256,4,1,03:17:08
201,4,1,03:23:17
355,4,1,03:28:58
220,4,1,03:43:15
152,4,1,04:25:20
398,4,1,04:40:34
206,4,1,05:32:55
418,4,1,06:03:48
186,4,1,06:07:08
131,4,1,06:07:45
156,4,1,06:11:17
332,4,1,06:15:31
305,4,1,06:20:40
119,4,1,06:21:09
359,4,1,06:31:10
125,4,1,06:34:55
310,4,1,06:36:17
257,4,1,06:36:32
135,4,1,06:38:06
115,4,1,06:38:21
108,4,1,06:40:25
358,4,1,06:42:16
424,4,1,06:45:40
401,4,1,06:46:51
396,4,1,06:47:52
392,4,1,06:54:04
331,4,1,06:56:02
254,4,1,06:56:25
30,4,1,06:58:09
150,4,1,06:58:34
350,4,1,07:00:29
73,4,1,07:00:35
79,4,1,07:01:04
82,4,1,07:02:13
356,4,1,07:04:09
289,4,1,07:05:33
285,4,1,07:06:05
394,4,1,07:07:10
420,4,1,07:07:58
337,4,1,07:08:13
417,4,1,07:09:13
226,4,1,07:11:37
70,4,1,07:12:32
381,4,1,07:13:14
229,4,1,07:13:18
274,4,1,07:14:13
315,4,1,07:14:34
198,4,1,07:16:07
183,4,1,07:16:13
222,4,1,07:16:28
86,4,1,07:16:29
17,4,1,07:16:50
252,4,1,07:16:51
405,4,1,07:16:52
362,4,1,07:17:41
174,4,1,07:20:05
218,4,1,07:20:22
102,4,1,07:20:31
374,4,1,07:20:47
127,4,1,07:21:41
146,4,1,07:22:09
457,4,1,07:22:58
228,4,1,07:23:31
57,4,1,07:24:25
461,4,1,07:24:59
32,4,1,07:25:03
197,4,1,07:25:17
395,4,1,07:25:26
326,4,1,07:26:04
223,4,1,07:26:07
455,4,1,07:26:34
13,4,1,07:28:25
247,4,1,07:28:31
58,4,1,07:28:34
258,4,1,07:29:45
161,4,1,07:30:35
233,4,1,07:31:11
44,4,1,07:31:43
453,4,1,07:32:33
60,4,1,07:32:37
336,4,1,07:33:11
104,4,1,07:34:28
277,4,1,07:34:39
338,4,1,07:35:15
361,4,1,07:35:21
433,4,1,07:37:05
261,4,1,07:37:32
268,4,1,07:38:53
388,4,1,07:39:04
284,4,1,07:39:07
167,4,1,07:39:12
127,4,1,07:39:13
272,4,1,07:41:27
5,4,1,07:41:29
158,4,1,07:41:54
106,4,1,07:42:56
234,4,1,07:43:00
434,4,1,07:43:36
188,4,1,07:44:27
451,4,1,07:44:28
213,4,1,07:44:44
163,4,1,07:44:54
46,4,1,07:45:35
38,4,1,07:45:46
307,4,1,07:46:28
1,4,1,07:47:26
88,4,1,07:47:41
428,4,1,07:47:53
465,4,1,07:49:03
328,4,1,07:49:48
426,4,1,07:49:53
265,4,1,07:50:19
299,4,1,07:50:23
47,4,1,07:50:47
8,4,1,07:50:55
133,4,1,07:51:47
389,4,1,07:52:17
374,4,1,07:53:45
203,4,1,07:54:20
132,4,1,07:54:42
286,4,1,07:55:55
344,4,1,07:56:13
291,4,1,07:58:26
292,4,1,07:58:50
334,4,1,07:58:53
145,4,1,08:00:12
354,4,1,08:00:41
140,4,1,08:01:02
459,4,1,08:01:59
301,4,1,08:03:07
460,4,1,08:03:28
206,4,1,08:04:42
20,4,1,08:06:36
298,4,1,08:06:36
184,4,1,08:07:33
205,4,1,08:07:39
295,4,1,08:07:41
26,4,1,08:07:42
373,4,1,08:07:46
74,4,1,08:08:02
105,4,1,08:08:07
312,4,1,08:08:23
90,4,1,08:08:31
75,4,1,08:08:46
317,4,1,08:08:47
456,4,1,08:08:56
378,4,1,08:09:32
314,4,1,08:09:58
76,4,1,08:10:20
71,4,1,08:10:23
323,4,1,08:10:29
9,4,1,08:11:13
10,4,1,08:11:35
160,4,1,08:11:37
244,4,1,08:11:47
164,4,1,08:12:18
253,4,1,08:12:30
458,4,1,08:12:31
157,4,1,08:13:08
397,4,1,08:13:08
466,4,1,08:13:19
308,4,1,08:13:24
92,4,1,08:13:25
381,4,1,08:13:44
371,4,1,08:13:46
144,4,1,08:14:01
311,4,1,08:14:14
158,4,1,08:14:33
387,4,1,08:14:49
367,4,1,08:14:55
29,4,1,08:15:27
266,4,1,08:15:37
139,4,1,08:16:39
461,4,1,08:16:51
293,4,1,08:16:57
423,4,1,08:17:14
124,4,1,08:17:38
23,4,1,08:17:59
403,4,1,08:18:45
95,4,1,08:19:16
256,4,1,08:19:27
263,4,1,08:19:45
399,4,1,08:19:55
148,4,1,08:20:15
429,4,1,08:20:24
45,4,1,08:20:53
12,4,1,08:20:58
225,4,1,08:21:56
385,4,1,08:22:02
372,4,1,08:22:09
356,4,1,08:22:10
198,4,1,08:22:14
343,4,1,08:23:21
69,4,1,08:24:01
21,4,1,08:24:12
141,4,1,08:24:17
303,4,1,08:24:27
360,4,1,08:24:30
431,4,1,08:24:42
304,4,1,08:25:14
165,4,1,08:25:33
445,4,1,08:25:34
68,4,1,08:26:01
320,4,1,08:26:02
209,4,1,08:26:08
111,4,1,08:26:29
281,4,1,08:26:30
81,4,1,08:26:36
181,4,1,08:26:39
454,4,1,08:26:44
363,4,1,08:27:02
19,4,1,08:27:06
447,4,1,08:27:46
151,4,1,08:28:26
341,4,1,08:28:38
108,4,1,08:28:55
336,4,1,08:29:10
467,4,1,08:29:39
452,4,1,08:29:41
168,4,1,08:29:48
408,4,1,08:30:11
297,4,1,08:30:19
448,4,1,08:30:29
411,4,1,08:30:31
84,4,1,08:30:35
396,4,1,08:30:36
142,4,1,08:30:46
39,4,1,08:30:53
107,4,1,08:31:02
99,4,1,08:31:03
455,4,1,08:31:14
440,4,1,08:31:25
25,4,1,08:31:31
50,4,1,08:32:28
224,4,1,08:32:31
192,4,1,08:32:56
290,4,1,08:32:58
270,4,1,08:33:18
155,4,1,08:33:26
48,4,1,08:33:37
427,4,1,08:34:22
310,4,1,08:34:33
228,4,1,08:34:35
48,4,1,08:34:42
304,4,1,08:34:57
393,4,1,08:35:15
282,4,1,08:35:35
155,4,1,08:35:36
322,4,1,08:35:43
450,4,1,08:36:32
187,4,1,08:37:42
187,4,1,08:37:42
273,4,1,08:38:19
353,4,1,08:38:43
452,4,1,08:38:47
380,4,1,08:39:23
121,4,1,08:39:39
61,4,1,08:40:05
467,4,1,08:40:38
28,4,1,08:40:45
310,4,1,08:41:11
449,4,1,08:41:30
22,4,1,08:41:51
33,4,1,08:42:07
4,4,1,08:42:22
3,4,1,08:42:26
354,4,1,08:42:45
302,4,1,08:43:01
243,4,1,08:43:42
110,4,1,08:43:44
427,4,1,08:43:51
420,4,1,08:45:01
294,4,1,08:45:05
56,4,1,08:45:15
394,4,1,08:45:35
418,4,1,08:45:42
366,4,1,08:45:57
422,4,1,08:45:57
425,4,1,08:46:03
108,4,1,08:46:12
424,4,1,08:46:23
342,4,1,08:46:58
149,4,1,08:47:58
100,4,1,08:48:08
351,4,1,08:48:15
98,4,1,08:48:22
163,4,1,08:48:54
293,4,1,08:49:14
175,4,1,08:49:30
209,4,1,08:49:40
67,4,1,08:49:47
147,4,1,08:49:52
80,4,1,08:50:05
285,4,1,08:50:07
271,4,1,08:50:13
189,4,1,08:50:34
51,4,1,08:51:09
86,4,1,08:52:28
305,4,1,08:52:39
37,4,1,08:52:52
118,4,1,08:53:22
390,4,1,08:53:25
318,4,1,08:53:26
391,4,1,08:53:27
383,4,1,08:54:05
242,4,1,08:54:58
252,4,1,08:55:04
264,4,1,08:55:19
267,4,1,08:55:35
109,4,1,08:56:16
182,4,1,08:57:36
375,4,1,08:57:57
376,4,1,08:58:08
321,4,1,08:58:22
44,4,1,08:58:41
327,4,1,08:59:25
321,4,1,08:59:32
231,4,1,08:59:43
159,4,1,08:59:52
27,4,1,09:00:32
269,4,1,09:01:20
137,4,1,09:01:21
358,4,1,09:01:22
101,4,1,09:01:28
289,4,1,09:02:15
123,4,1,09:02:16
402,4,1,09:02:44
255,4,1,09:03:38
85,4,1,09:03:44
370,4,1,09:04:10
442,4,1,09:04:32
412,4,1,09:04:33
160,4,1,09:04:49
74,4,1,09:05:02
143,4,1,09:06:03
335,4,1,09:06:05
196,4,1,09:06:38
462,4,1,09:06:57
309,4,1,09:07:26
27,4,1,09:07:50
354,4,1,09:08:05
186,4,1,09:08:31
188,4,1,09:08:52
296,4,1,09:09:17
262,4,1,09:09:25
314,4,1,09:09:26
240,4,1,09:09:53
173,4,1,09:10:17
457,4,1,09:10:19
411,4,1,09:10:31
432,4,1,09:10:59
345,4,1,09:11:07
195,4,1,09:11:17
114,4,1,09:11:28
420,4,1,09:11:30
443,4,1,09:11:35
436,4,1,09:11:41
415,4,1,09:11:45
82,4,1,09:11:45
233,4,1,09:11:46
306,4,1,09:11:51
439,4,1,09:11:52
112,4,1,09:11:56
246,4,1,09:12:01
406,4,1,09:12:28
351,4,1,09:12:43
132,4,1,09:12:53
259,4,1,09:13:06
200,4,1,09:13:08
18,4,1,09:13:08
64,4,1,09:13:30
67,4,1,09:13:35
213,4,1,09:13:37
400,4,1,09:13:43
72,4,1,09:14:04
183,4,1,09:14:22
107,4,1,09:15:18
201,4,1,09:15:27
210,4,1,09:15:34
310,4,1,09:16:10
283,4,1,09:16:13
377,4,1,09:16:55
110,4,1,09:17:20
410,4,1,09:17:31
416,4,1,09:17:31
313,4,1,09:17:35
411,4,1,09:17:35
16,4,1,09:18:47
6,4,1,09:19:24
228,4,1,09:19:42
70,4,1,09:19:42
67,4,1,09:19:48
409,4,1,09:20:03
341,4,1,09:20:09
385,4,1,09:20:17
217,4,1,09:21:03
177,4,1,09:21:04
53,4,1,09:21:26
109,4,1,09:22:04
85,4,1,09:22:10
375,4,1,09:22:14
52,4,1,09:22:16
275,4,1,09:22:30
119,4,1,09:22:43
38,4,1,09:22:55
176,4,1,09:23:21
314,4,1,09:23:22
405,4,1,09:23:23
191,4,1,09:23:38
329,4,1,09:23:55
241,4,1,09:23:56
232,4,1,09:24:46
81,4,1,09:25:49
128,4,1,09:26:01
404,4,1,09:26:18
219,4,1,09:26:51
245,4,1,09:27:15
166,4,1,09:27:33
426,4,1,09:28:00
67,4,1,09:28:02
83,4,1,09:28:09
212,4,1,09:28:54
333,4,1,09:29:08
211,4,1,09:29:54
23,4,1,09:29:57
204,4,1,09:30:06
414,4,1,09:30:56
136,4,1,09:31:07
368,4,1,09:31:30
40,4,1,09:31:49
314,4,1,09:32:23
35,4,1,09:33:16
444,4,1,09:33:41
349,4,1,09:34:00
181,4,1,09:34:22
153,4,1,09:35:26
407,4,1,09:35:37
438,4,1,09:36:07
105,4,1,09:36:33
24,4,1,09:37:17
333,4,1,09:38:21
13,4,1,09:39:07
156,4,1,09:39:45
127,4,1,09:39:50
60,4,1,09:40:05
463,4,1,09:40:09
58,4,1,09:40:16
32,4,1,09:40:27
115,4,1,09:40:37
41,4,1,09:41:12
355,4,1,09:41:13
460,4,1,09:41:14
263,4,1,09:41:34
332,4,1,09:41:35
339,4,1,09:41:38
146,4,1,09:41:43
467,4,1,09:42:09
9,4,1,09:43:08
185,4,1,09:43:15
185,4,1,09:43:15
19,4,1,09:44:20
108,4,1,09:44:24
34,4,1,09:44:46
138,4,1,09:44:48
34,4,1,09:44:53
129,4,1,09:44:58
315,4,1,09:45:00
34,4,1,09:45:01
66,4,1,09:45:06
234,4,1,09:45:17
131,4,1,09:45:37
113,4,1,09:46:16
394,4,1,09:46:24
152,4,1,09:46:29
421,4,1,09:46:35
208,4,1,09:46:43
65,4,1,09:47:08
102,4,1,09:47:26
347,4,1,09:47:49
2,4,1,09:48:16
103,4,1,09:48:19
453,4,1,09:48:29
1,4,1,09:48:33
338,4,1,09:48:35
30,4,1,09:49:02
87,4,1,09:49:28
277,4,1,09:50:25
279,4,1,09:50:45
392,4,1,09:51:03
168,4,1,09:51:17
135,4,1,09:53:22
214,4,1,09:54:15
109,4,1,09:54:41
281,4,1,09:54:44
221,4,1,09:54:49
359,4,1,09:55:00
34,4,1,09:55:17
437,4,1,09:55:42
54,4,1,09:55:47
276,4,1,09:55:54
264,4,1,09:55:59
286,4,1,09:56:01
380,4,1,09:57:33
8,4,1,09:57:37
222,4,1,09:57:42
132,4,1,09:57:46
93,4,1,09:57:51
23,4,1,09:58:29
327,4,1,10:00:28
386,4,1,10:03:24
160,4,1,10:03:33
260,4,1,10:03:51
46,4,1,10:04:30
295,4,1,10:04:53
194,4,1,10:04:57
435,4,1,10:05:04
384,4,1,10:06:08
169,4,1,10:06:38
354,4,1,10:06:47
306,4,1,10:08:11
91,4,1,10:08:21
140,4,1,10:08:56
346,4,1,10:09:15
350,4,1,10:09:19
466,4,1,10:10:34
198,4,1,10:11:19
133,4,1,10:11:36
251,4,1,10:11:48
352,4,1,10:12:05
160,4,1,10:14:27
169,4,1,10:15:13
433,4,1,10:19:29
252,4,1,10:19:43
457,4,1,10:19:49
307,4,1,10:20:08
268,4,1,10:21:27
225,4,1,10:22:46
203,4,1,10:23:15
97,4,1,10:23:56
183,4,1,10:24:02
267,4,1,10:24:18
316,4,1,10:25:19
269,4,1,10:26:42
14,4,1,10:27:19
447,4,1,10:28:02
345,4,1,10:28:35
361,4,1,10:29:58
331,4,1,10:31:03
314,4,1,10:32:48
413,4,1,10:32:51
99,4,1,10:33:59
300,4,1,10:35:08
7,4,1,10:36:09
236,4,1,10:37:43
271,4,1,10:38:17
223,4,1,10:39:08
81,4,1,10:39:12
319,4,1,10:39:26
63,4,1,10:39:36
369,4,1,10:39:50
249,4,1,10:39:59
451,4,1,10:40:24
71,4,1,10:40:49
301,4,1,10:41:24
389,4,1,10:42:15
350,4,1,10:42:46
68,4,1,10:44:10
274,4,1,10:44:12
239,4,1,10:44:31
157,4,1,10:46:13
434,4,1,10:46:26
243,4,1,10:46:38
202,4,1,10:47:34
250,4,1,10:48:55
320,4,1,10:49:08
180,4,1,10:50:33
363,4,1,10:50:34
238,4,1,10:50:42
14,4,1,10:51:26
15,4,1,10:51:46
400,4,1,10:52:09
14,4,1,10:52:21
161,4,1,10:53:17
167,4,1,10:53:47
130,4,1,10:54:07
62,4,1,10:55:28
283,4,1,10:55:49
271,4,1,10:57:04
91,4,1,10:57:28
51,4,1,10:57:44
56,4,1,10:58:23
8,4,1,11:00:54
172,4,1,11:03:14
47,4,1,11:04:00
244,4,1,11:05:07
337,4,1,11:05:40
420,4,1,11:05:47
29,4,1,11:05:51
79,4,1,11:06:45
184,4,1,11:07:35
137,4,1,11:07:43
152,4,1,11:07:48
292,4,1,11:08:06
147,4,1,11:08:22
378,4,1,11:09:29
150,4,1,11:12:19
74,4,1,11:12:21
174,4,1,11:12:59
195,4,1,11:14:31
126,4,1,11:15:06
59,4,1,11:15:23
295,4,1,11:15:25
162,4,1,11:15:32
448,4,1,11:16:24
345,4,1,11:16:27
42,4,1,11:17:05
199,4,1,11:17:28
287,4,1,11:17:37
229,4,1,11:19:10
382,4,1,11:19:15
31,4,1,11:19:24
374,4,1,11:24:35
169,4,1,11:26:46
67,4,1,11:30:14
100,4,1,11:31:09
128,4,1,11:32:29
309,4,1,11:32:40
379,4,1,11:32:54
303,4,1,11:33:15
156,4,1,11:34:09
186,4,1,11:34:41
308,4,1,11:35:04
171,4,1,11:35:54
76,4,1,11:37:41
102,4,1,11:37:43
20,4,1,11:38:32
340,4,1,11:40:09
344,4,1,11:40:16
265,4,1,11:40:19
54,4,1,11:40:29
324,4,1,11:40:44
348,4,1,11:40:47
200,4,1,11:40:54
401,4,1,11:41:08
189,4,1,11:41:20
253,4,1,11:41:24
206,4,1,11:41:25
425,4,1,11:41:33
289,4,1,11:41:43
75,4,1,11:41:43
141,4,1,11:43:09
11,4,1,11:43:25
384,4,1,11:44:18
39,4,1,11:45:27
277,4,1,11:46:49
178,4,1,11:47:00
285,4,1,11:47:12
257,4,1,11:47:19
243,4,1,11:47:46
261,4,1,11:48:19
110,4,1,11:48:53
317,4,1,11:51:09
398,4,1,11:51:24
215,4,1,11:51:51
423,4,1,11:51:55
284,4,1,11:52:29
291,4,1,11:53:22
433,4,1,11:53:58
27,4,1,11:54:18
175,4,1,11:54:58
25,4,1,11:55:03
84,4,1,11:55:09
116,4,1,11:55:46
310,4,1,11:57:23
186,4,1,11:57:25
207,4,1,11:57:53
179,4,1,11:58:10
387,4,1,11:58:15
408,4,1,11:58:41
412,4,1,11:58:57
402,4,1,11:59:07
52,4,1,11:59:31
37,4,1,12:00:09
101,4,1,12:00:16
132,4,1,12:00:19
124,4,1,12:00:26
226,4,1,12:00:32
333,4,1,12:00:38
153,4,1,12:01:12
190,4,1,12:01:30
217,4,1,12:01:44
385,4,1,12:01:46
196,4,1,12:02:50
115,4,1,12:03:58
150,4,1,12:04:58
254,4,1,12:06:00
44,4,1,12:06:12
318,4,1,12:07:26
413,4,1,12:07:32
371,4,1,12:08:35
381,4,1,12:08:48
267,4,1,12:08:50
435,4,1,12:08:54
266,4,1,12:10:08
462,4,1,12:10:11
119,4,1,12:10:40
357,4,1,12:10:44
141,4,1,12:11:21
149,4,1,12:11:28
405,4,1,12:12:34
120,4,1,12:12:37
17,4,1,12:13:41
66,4,1,12:14:08
354,4,1,12:14:11
465,4,1,12:14:26
251,4,1,12:14:57
218,4,1,12:15:56
218,4,1,12:15:56
138,4,1,12:16:04
18,4,1,12:16:21
272,4,1,12:17:27
103,4,1,12:18:11
89,4,1,12:18:27
368,4,1,12:18:53
426,4,1,12:19:12
25,4,1,12:19:41
212,4,1,12:20:06
337,4,1,12:20:14
95,4,1,12:20:16
383,4,1,12:21:04
274,4,1,12:23:24
69,4,1,12:25:38
99,4,1,12:25:54
192,4,1,12:26:09
188,4,1,12:26:32
362,4,1,12:27:05
328,4,1,12:27:20
225,4,1,12:27:23
278,4,1,12:27:35
464,4,1,12:28:53
60,4,1,12:28:54
352,4,1,12:28:54
105,4,1,12:29:29
122,4,1,12:29:57
122,4,1,12:29:58
246,4,1,12:30:02
109,4,1,12:30:07
446,4,1,12:30:08
436,4,1,12:30:26
298,4,1,12:31:30
429,4,1,12:32:54
137,4,1,12:33:40
26,4,1,12:33:42
140,4,1,12:34:37
102,4,1,12:34:55
460,4,1,12:34:56
406,4,1,12:35:16
107,4,1,12:35:18
299,4,1,12:35:22
434,4,1,12:35:25
336,4,1,12:35:47
458,4,1,12:36:01
118,4,1,12:37:10
296,4,1,12:37:33
221,4,1,12:37:46
404,4,1,12:38:03
5,4,1,12:38:38
235,4,1,12:40:59
151,4,1,12:41:38
297,4,1,12:41:56
419,4,1,12:42:32
50,4,1,12:42:46
213,4,1,12:43:29
205,4,1,12:43:51
287,4,1,12:43:55
57,4,1,12:45:08
320,4,1,12:45:35
103,4,1,12:46:36
103,4,1,12:47:16
12,4,1,12:49:38
237,4,1,12:49:59
280,4,1,12:50:24
55,4,1,12:50:28
363,4,1,12:50:29
241,4,1,12:50:31
220,4,1,12:51:02
197,4,1,12:51:51
169,4,1,12:52:45
372,4,1,12:55:27
247,4,1,12:55:58
262,4,1,12:56:54
325,4,1,12:57:56
100,4,1,13:01:26
359,4,1,13:01:45
194,4,1,13:02:15
183,4,1,13:02:15
407,4,1,13:04:03
87,4,1,13:04:40
421,4,1,13:04:58
155,4,1,13:06:44
342,4,1,13:08:19
31,4,1,13:09:11
159,4,1,13:09:44
375,4,1,13:11:00
156,4,1,13:11:01
329,4,1,13:11:15
160,4,1,13:11:43
433,4,1,13:12:28
449,4,1,13:12:45
69,4,1,13:13:53
141,4,1,13:14:37
236,4,1,13:16:45
218,4,1,13:17:01
264,4,1,13:17:16
11,4,1,13:19:04
160,4,1,13:19:26
415,4,1,13:20:06
146,4,1,13:21:36
415,4,1,13:22:07
14,4,1,13:23:42
181,4,1,13:24:58
180,4,1,13:29:51
448,4,1,13:30:33
78,4,1,13:30:34
464,4,1,13:32:12
271,4,1,13:32:30
445,4,1,13:32:34
198,4,1,13:33:03
58,4,1,13:34:19
30,4,1,13:34:23
30,4,1,13:34:25
85,4,1,13:35:31
314,4,1,13:35:49
252,4,1,13:37:24
12,4,1,13:37:46
25,4,1,13:38:08
25,4,1,13:38:15
133,4,1,13:38:55
172,4,1,13:41:30
234,4,1,13:41:40
47,4,1,13:42:27
63,4,1,13:43:55
335,4,1,13:43:57
239,4,1,13:44:03
73,4,1,13:45:53
63,4,1,13:47:08
205,4,1,13:48:49
351,4,1,13:50:17
286,4,1,13:51:31
201,4,1,13:53:10
336,4,1,13:53:40
71,4,1,13:54:00
41,4,1,13:54:01
338,4,1,13:54:22
346,4,1,13:59:19
225,4,1,14:00:36
249,4,1,14:02:22
126,4,1,14:03:04
421,4,1,14:03:18
8,4,1,14:03:47
274,4,1,14:03:55
279,4,1,14:04:14
57,4,1,14:04:41
46,4,1,14:06:41
358,4,1,14:08:11
392,4,1,14:08:16
389,4,1,14:08:23
461,4,1,14:08:24
257,4,1,14:10:37
265,4,1,14:12:15
83,4,1,14:12:24
370,4,1,14:12:31
34,4,1,14:13:09
34,4,1,14:13:18
34,4,1,14:13:26
34,4,1,14:13:37
59,4,1,14:13:47
373,4,1,14:13:49
204,4,1,14:13:51
4,4,1,14:13:56
219,4,1,14:13:58
300,4,1,14:14:03
34,4,1,14:14:06
115,4,1,14:14:09
386,4,1,14:14:12
34,4,1,14:14:16
272,4,1,14:14:17
452,4,1,14:14:19
186,4,1,14:14:22
413,4,1,14:14:27
305,4,1,14:14:35
251,4,1,14:14:39
384,4,1,14:14:41
10,4,1,14:14:45
431,4,1,14:14:49
253,4,1,14:14:50
250,4,1,14:14:54
402,4,1,14:14:59
327,4,1,14:15:01
237,4,1,14:15:01
415,4,1,14:15:07
306,4,1,14:15:17
313,4,1,14:15:22
363,4,1,14:15:25
240,4,1,14:15:26
80,4,1,14:15:27
35,4,1,14:15:30
396,4,1,14:15:32
34,4,1,14:15:39
94,4,1,14:15:43
109,4,1,14:15:43
377,4,1,14:15:44
84,4,1,14:15:44
188,4,1,14:15:49
228,4,1,14:15:58
37,4,1,14:16:08
135,4,1,14:16:12
444,4,1,14:16:19
19,4,1,14:16:29
434,4,1,14:16:30
64,4,1,14:16:36
289,4,1,14:16:37
34,4,1,14:16:43
130,4,1,14:16:47
427,4,1,14:16:50
100,4,1,14:16:50
330,4,1,14:16:56
432,4,1,14:16:59
54,4,1,14:17:02
243,4,1,14:17:04
34,4,1,14:17:06
302,4,1,14:17:08
176,4,1,14:17:08
168,4,1,14:17:11
1,4,1,14:17:21
268,4,1,14:17:21
284,4,1,14:17:25
399,4,1,14:17:31
242,4,1,14:17:32
417,4,1,14:17:33
34,4,1,14:17:37
34,4,1,14:17:47
34,4,1,14:18:10
416,4,1,14:18:16
462,4,1,14:18:16
224,4,1,14:18:18
394,4,1,14:18:27
367,4,1,14:18:29
154,4,1,14:18:43
425,4,1,14:18:54
385,4,1,14:19:03
344,4,1,14:19:07
453,4,1,14:19:20
137,4,1,14:19:20
112,4,1,14:19:39
455,4,1,14:19:44
277,4,1,14:19:52
33,4,1,14:20:02
121,4,1,14:20:10
390,4,1,14:20:14
141,4,1,14:20:15
38,4,1,14:20:21
71,4,1,14:20:27
278,4,1,14:20:38
241,4,1,14:20:53
211,4,1,14:21:04
306,4,1,14:21:08
270,4,1,14:21:18
56,4,1,14:21:26
454,4,1,14:21:31
326,4,1,14:21:37
24,4,1,14:21:43
466,4,1,14:21:55
233,4,1,14:22:03
401,4,1,14:22:07
422,4,1,14:22:10
150,4,1,14:22:23
77,4,1,14:22:44
345,4,1,14:22:53
161,4,1,14:22:59
437,4,1,14:23:03
70,4,1,14:23:23
61,4,1,14:23:35
147,4,1,14:24:00
86,4,1,14:24:03
52,4,1,14:24:14
428,4,1,14:24:55
209,4,1,14:25:06
116,4,1,14:25:21
94,4,1,14:25:26
438,4,1,14:25:55
169,4,1,14:25:58
368,4,1,14:25:59
62,4,1,14:26:12
435,4,1,14:26:20
310,4,1,14:26:28
456,4,1,14:26:31
393,4,1,14:26:41
49,4,1,14:26:51
98,4,1,14:27:05
467,4,1,14:27:11
143,4,1,14:27:11
148,4,1,14:27:17
323,4,1,14:27:23
276,4,1,14:27:24
261,4,1,14:27:25
460,4,1,14:27:29
129,4,1,14:27:31
435,4,1,14:27:32
167,4,1,14:27:37
256,4,1,14:27:54
459,4,1,14:28:05
418,4,1,14:28:09
171,4,1,14:28:10
378,4,1,14:28:13
65,4,1,14:28:21
96,4,1,14:28:29
25,4,1,14:28:34
382,4,1,14:28:39
430,4,1,14:28:44
426,4,1,14:28:46
348,4,1,14:29:08
281,4,1,14:29:09
40,4,1,14:29:33
412,4,1,14:30:06
215,4,1,14:30:54
222,4,1,14:31:11
29,4,1,14:31:22
108,4,1,14:31:22
275,4,1,14:31:24
280,4,1,14:31:29
113,4,1,14:31:36
231,4,1,14:31:50
272,4,1,14:32:04
42,4,1,14:32:23
304,4,1,14:32:32
247,4,1,14:32:54
255,4,1,14:33:05
52,4,1,14:33:05
287,4,1,14:34:10
410,4,1,14:34:37
443,4,1,14:34:43
184,4,1,14:35:19
441,4,1,14:35:34
188,4,1,14:36:08
238,4,1,14:36:14
337,4,1,14:36:16
7,4,1,14:37:09
162,4,1,14:37:17
111,4,1,14:37:21
28,4,1,14:37:47
90,4,1,14:37:49
23,4,1,14:37:57
347,4,1,14:38:14
451,4,1,14:38:21
248,4,1,14:38:28
306,4,1,14:38:55
168,4,1,14:40:10
170,4,1,14:40:20
139,4,1,14:40:32
318,4,1,14:41:06
129,4,1,14:41:18
397,4,1,14:41:27
395,4,1,14:41:47
32,4,1,14:42:03
118,4,1,14:42:19
125,4,1,14:42:20
336,4,1,14:42:31
87,4,1,14:42:47
44,4,1,14:42:50
221,4,1,14:42:50
118,4,1,14:43:02
354,4,1,14:43:25
206,4,1,14:43:37
86,4,1,14:43:47
118,4,1,14:44:01
266,4,1,14:44:08
243,4,1,14:44:12
269,4,1,14:44:23
104,4,1,14:45:11
369,4,1,14:45:18
163,4,1,14:45:54
258,4,1,14:45:59
433,4,1,14:46:16
43,4,1,14:46:21
312,4,1,14:46:34
308,4,1,14:47:34
45,4,1,14:47:38
168,4,1,14:48:01
411,4,1,14:48:42
429,4,1,14:50:22
252,4,1,14:51:02
165,4,1,14:51:20
12,4,1,14:51:56
198,4,1,14:52:00
49,4,1,14:52:59
295,4,1,14:53:37
278,4,1,14:54:15
465,4,1,14:54:20
123,4,1,14:54:29
192,4,1,14:54:40
277,4,1,14:54:42
57,4,1,14:54:54
202,4,1,14:55:26
320,4,1,14:55:38
332,4,1,14:56:14
105,4,1,14:56:33
334,4,1,14:56:33
290,4,1,14:56:33
101,4,1,14:57:25
201,4,1,14:57:40
460,4,1,14:57:59
9,4,1,14:58:01
335,4,1,14:58:36
254,4,1,14:58:50
17,4,1,14:59:05
439,4,1,15:00:38
15,4,1,15:01:10
173,4,1,15:01:40
366,4,1,15:01:57
432,4,1,15:02:48
36,4,1,15:03:41
297,4,1,15:04:33
114,4,1,15:05:19
182,4,1,15:05:25
280,4,1,15:05:25
93,4,1,15:05:31
247,4,1,15:05:40
18,4,1,15:06:35
320,4,1,15:07:23
316,4,1,15:07:57
362,4,1,15:08:09
214,4,1,15:09:50
419,4,1,15:10:30
239,4,1,15:10:33
273,4,1,15:12:57
307,4,1,15:13:46
430,4,1,15:14:52
353,4,1,15:15:25
392,4,1,15:16:55
357,4,1,15:17:36
356,4,1,15:18:05
453,4,1,15:18:09
179,4,1,15:18:22
79,4,1,15:20:43
285,4,1,15:20:48
308,4,1,15:21:02
331,4,1,15:21:09
120,4,1,15:22:23
138,4,1,15:23:21
259,4,1,15:23:42
438,4,1,15:25:13
244,4,1,15:25:19
404,4,1,15:26:02
127,4,1,15:26:09
218,4,1,15:26:39
160,4,1,15:26:47
308,4,1,15:26:55
142,4,1,15:28:25
48,4,1,15:28:35
61,4,1,15:28:57
364,4,1,15:30:26
152,4,1,15:31:14
294,4,1,15:31:21
156,4,1,15:31:27
263,4,1,15:31:36
403,4,1,15:31:39
308,4,1,15:31:50
97,4,1,15:33:07
308,4,1,15:34:49
456,4,1,15:35:24
248,4,1,15:35:26
91,4,1,15:35:36
379,4,1,15:35:55
107,4,1,15:36:23
108,4,1,15:36:27
341,4,1,15:38:25
305,4,1,15:38:26
175,4,1,15:39:05
328,4,1,15:39:06
408,4,1,15:39:25
447,4,1,15:40:15
210,4,1,15:40:37
361,4,1,15:42:27
440,4,1,15:42:47
340,4,1,15:43:02
423,4,1,15:43:10
430,4,1,15:43:23
17,4,1,15:43:46
308,4,1,15:44:35
308,4,1,15:45:14
189,4,1,15:45:15
308,4,1,15:45:44
222,4,1,15:46:07
319,4,1,15:46:53
344,4,1,15:47:04
63,4,1,15:49:48
236,4,1,15:50:33
340,4,1,15:50:35
216,4,1,15:51:22
424,4,1,15:51:52
25,4,1,15:52:41
293,4,1,15:52:42
309,4,1,15:52:42
177,4,1,15:52:46
106,4,1,15:52:49
255,4,1,15:52:52
148,4,1,15:53:07
349,4,1,15:53:13
366,4,1,15:53:16
243,4,1,15:53:16
11,4,1,15:53:28
53,4,1,15:53:40
45,4,1,15:53:43
78,4,1,15:53:48
185,4,1,15:53:51
68,4,1,15:54:11
246,4,1,15:54:20
329,4,1,15:54:23
351,4,1,15:55:09
304,4,1,15:55:10
455,4,1,15:55:36
411,4,1,15:56:11
340,4,1,15:56:57
435,4,1,15:57:06
462,4,1,15:57:47
260,4,1,15:59:21
323,4,1,15:59:28
67,4,1,15:59:52
158,4,1,16:00:36
80,4,1,16:01:07
196,4,1,16:01:24
171,4,1,16:02:06
422,4,1,16:02:45
268,4,1,16:02:54
191,4,1,16:02:57
346,4,1,16:03:17
2,4,1,16:03:18
7,4,1,16:03:18
99,4,1,16:03:22
308,4,1,16:03:35
79,4,1,16:03:36
144,4,1,16:04:04
207,4,1,16:05:20
275,4,1,16:05:41
72,4,1,16:05:55
201,4,1,16:06:01
128,4,1,16:06:29
170,4,1,16:08:10
31,4,1,16:08:48
240,4,1,16:09:05
20,4,1,16:09:26
291,4,1,16:09:30
22,4,1,16:09:47
96,4,1,16:09:53
55,4,1,16:10:48
123,4,1,16:11:02
248,4,1,16:11:29
335,4,1,16:12:00
99,4,1,16:12:31
46,4,1,16:12:38
229,4,1,16:12:47
254,4,1,16:13:20
383,4,1,16:15:14
326,4,1,16:15:34
40,4,1,16:16:11
213,4,1,16:17:44
237,4,1,16:18:31
133,4,1,16:19:35
87,4,1,16:19:42
103,4,1,16:20:07
376,4,1,16:20:26
149,4,1,16:20:43
307,4,1,16:21:31
156,4,1,16:22:12
357,4,1,16:22:28
12,4,1,16:22:33
270,4,1,16:22:55
167,4,1,16:23:03
36,4,1,16:23:07
264,4,1,16:23:18
8,4,1,16:23:27
292,4,1,16:24:16
89,4,1,16:24:23
146,4,1,16:24:31
392,4,1,16:25:02
466,4,1,16:25:06
74,4,1,16:25:39
130,4,1,16:26:17
460,4,1,16:28:24
283,4,1,16:28:25
182,4,1,16:28:52
151,4,1,16:28:56
354,4,1,16:29:06
451,4,1,16:29:42
251,4,1,16:30:09
362,4,1,16:31:43
412,4,1,16:32:02
245,4,1,16:32:17
444,4,1,16:34:21
286,4,1,16:34:50
369,4,1,16:35:18
76,4,1,16:35:35
409,4,1,16:35:40
324,4,1,16:36:00
448,4,1,16:36:30
266,4,1,16:37:10
292,4,1,16:37:33
141,4,1,16:38:52
195,4,1,16:39:01
399,4,1,16:41:09
445,4,1,16:41:56
290,4,1,16:42:19
220,4,1,16:42:35
360,4,1,16:43:28
38,4,1,16:44:40
355,4,1,16:46:08
42,4,1,16:46:59
22,4,1,16:49:43
165,4,1,16:50:10
75,4,1,16:51:07
331,4,1,16:51:32
3,4,1,16:51:38
9,4,1,16:53:07
16,4,1,16:53:27
257,4,1,16:53:57
376,4,1,16:53:59
74,4,1,16:54:03
402,4,1,16:54:14
109,4,1,16:55:28
322,4,1,16:55:54
252,4,1,16:56:12
72,4,1,16:56:20
155,4,1,16:56:21
232,4,1,16:56:22
180,4,1,16:56:29
299,4,1,16:57:28
125,4,1,16:58:39
37,4,1,17:00:12
385,4,1,17:00:18
34,4,1,17:02:43
395,4,1,17:03:00
71,4,1,17:03:17
68,4,1,17:04:07
249,4,1,17:04:10
47,4,1,17:06:14
325,4,1,17:06:46
268,4,1,17:07:41
10,4,1,17:08:18
48,4,1,17:08:26
345,4,1,17:08:33
126,4,1,17:08:35
332,4,1,17:09:35
202,4,1,17:09:45
194,4,1,17:09:51
235,4,1,17:10:05
434,4,1,17:10:42
364,4,1,17:10:42
13,4,1,17:11:02
17,4,1,17:12:37
209,4,1,17:12:55
114,4,1,17:13:18
222,4,1,17:13:48
330,4,1,17:15:30
368,4,1,17:17:05
285,4,1,17:18:55
124,4,1,17:18:55
458,4,1,17:19:09
351,4,1,17:19:38
430,4,1,17:20:06
219,4,1,17:20:07
59,4,1,17:20:16
190,4,1,17:20:28
335,4,1,17:20:39
466,4,1,17:20:39
1,4,1,17:21:13
433,4,1,17:21:34
161,4,1,17:21:38
288,4,1,17:22:26
217,4,1,17:22:53
397,4,1,17:23:16
145,4,1,17:23:27
462,4,1,17:24:06
344,4,1,17:24:06
288,4,1,17:24:43
98,4,1,17:24:59
192,4,1,17:26:41
84,4,1,17:28:54
201,4,1,17:29:26
323,4,1,17:30:05
203,4,1,17:32:59
380,4,1,17:35:07
309,4,1,17:35:17
184,4,1,17:35:41
194,4,1,17:35:58
374,4,1,17:36:06
354,4,1,17:38:08
140,4,1,17:38:30
373,4,1,17:39:56
85,4,1,17:40:39
30,4,1,17:42:21
27,4,1,17:42:56
337,4,1,17:43:30
237,4,1,17:43:47
454,4,1,17:43:50
402,4,1,17:46:25
133,4,1,17:46:43
280,4,1,17:46:59
15,4,1,17:47:21
50,4,1,17:48:02
450,4,1,17:48:11
100,4,1,17:49:07
62,4,1,17:50:37
359,4,1,17:52:14
140,4,1,17:53:51
442,4,1,17:56:01
248,4,1,17:56:29
60,4,1,17:56:34
166,4,1,17:57:44
239,4,1,17:57:52
387,4,1,17:58:47
423,4,1,17:59:38
353,4,1,18:00:45
388,4,1,18:01:00
53,4,1,18:01:09
214,4,1,18:01:33
167,4,1,18:04:34
342,4,1,18:05:11
100,4,1,18:05:19
66,4,1,18:05:53
18,4,1,18:05:56
372,4,1,18:05:59
307,4,1,18:06:31
44,4,1,18:08:54
437,4,1,18:13:14
161,4,1,18:13:30
411,4,1,18:13:52
55,4,1,18:16:18
272,4,1,18:16:45
409,4,1,18:18:16
43,4,1,18:19:17
92,4,1,18:19:41
83,4,1,18:21:12
321,4,1,18:21:31
320,4,1,18:23:51
130,4,1,18:24:01
102,4,1,18:24:28
199,4,1,18:25:10
80,4,1,18:25:56
172,4,1,18:27:11
6,4,1,18:28:18
311,4,1,18:28:20
391,4,1,18:29:49
312,4,1,18:29:55
36,4,1,18:30:51
316,4,1,18:30:56
29,4,1,18:32:59
265,4,1,18:33:54
176,4,1,18:34:22
53,4,1,18:34:24
246,4,1,18:36:36
127,4,1,18:36:44
129,4,1,18:36:45
197,4,1,18:36:46
440,4,1,18:36:47
33,4,1,18:36:47
385,4,1,18:36:47
255,4,1,18:36:48
381,4,1,18:36:50
136,4,1,18:36:57
45,4,1,18:36:57
336,4,1,18:36:58
116,4,1,18:37:01
304,4,1,18:37:04
467,4,1,18:37:06
109,4,1,18:37:13
363,4,1,18:37:18
115,4,1,18:37:21
64,4,1,18:37:23
153,4,1,18:37:24
216,4,1,18:37:26
323,4,1,18:37:30
47,4,1,18:37:30
81,4,1,18:37:31
120,4,1,18:37:36
326,4,1,18:37:45
264,4,1,18:37:48
110,4,1,18:37:52
240,4,1,18:37:58
236,4,1,18:37:59
111,4,1,18:38:02
8,4,1,18:38:03
314,4,1,18:38:07
26,4,1,18:38:14
159,4,1,18:38:16
159,4,1,18:38:17
159,4,1,18:38:19
159,4,1,18:38:22
159,4,1,18:38:22
207,4,1,18:38:26
59,4,1,18:38:27
159,4,1,18:38:27
159,4,1,18:38:28
241,4,1,18:38:45
403,4,1,18:39:02
441,4,1,18:39:03
350,4,1,18:39:03
163,4,1,18:39:21
418,4,1,18:39:22
360,4,1,18:39:30
114,4,1,18:39:36
300,4,1,18:39:59
274,4,1,18:39:59
132,4,1,18:40:05
224,4,1,18:40:05
339,4,1,18:40:06
54,4,1,18:40:09
343,4,1,18:40:13
242,4,1,18:40:24
247,4,1,18:40:28
438,4,1,18:40:39
389,4,1,18:41:20
263,4,1,18:41:23
73,4,1,18:41:24
122,4,1,18:41:25
122,4,1,18:41:25
377,4,1,18:41:33
392,4,1,18:42:12
303,4,1,18:42:30
428,4,1,18:42:31
238,4,1,18:42:44
112,4,1,18:42:46
237,4,1,18:43:20
293,4,1,18:43:22
338,4,1,18:44:11
95,4,1,18:44:27
86,4,1,18:44:39
49,4,1,18:44:43
52,4,1,18:44:46
306,4,1,18:44:50
431,4,1,18:45:00
421,4,1,18:45:11
289,4,1,18:45:42
298,4,1,18:45:42
119,4,1,18:46:34
354,4,1,18:46:51
99,4,1,18:47:07
70,4,1,18:47:32
169,4,1,18:47:41
452,4,1,18:48:01
315,4,1,18:48:48
459,4,1,18:48:54
426,4,1,18:49:04
279,4,1,18:49:12
341,4,1,18:49:29
39,4,1,18:50:16
345,4,1,18:50:35
400,4,1,18:50:55
399,4,1,18:50:56
168,4,1,18:51:04
455,4,1,18:52:04
266,4,1,18:52:25
19,4,1,18:52:41
304,4,1,18:53:54
219,4,1,18:54:23
379,4,1,18:55:07
184,4,1,18:55:17
386,4,1,18:55:26
106,4,1,18:56:19
211,4,1,18:56:39
430,4,1,18:57:04
250,4,1,18:57:32
422,4,1,18:57:34
72,4,1,18:57:40
318,4,1,18:58:10
276,4,1,18:58:30
78,4,1,18:58:40
269,4,1,18:59:02
465,4,1,18:59:03
88,4,1,18:59:50
380,4,1,19:00:10
156,4,1,19:00:31
178,4,1,19:00:39
218,4,1,19:01:19
108,4,1,19:01:22
262,4,1,19:01:29
23,4,1,19:01:43
217,4,1,19:02:43
244,4,1,19:03:27
398,4,1,19:03:43
201,4,1,19:04:11
398,4,1,19:04:25
208,4,1,19:05:00
327,4,1,19:05:35
381,4,1,19:05:37
358,4,1,19:06:30
328,4,1,19:06:40
160,4,1,19:07:43
4,4,1,19:07:52
96,4,1,19:08:21
215,4,1,19:09:35
307,4,1,19:10:43
230,4,1,19:10:48
204,4,1,19:10:59
356,4,1,19:11:30
273,4,1,19:11:45
260,4,1,19:11:54
141,4,1,19:12:14
408,4,1,19:13:02
226,4,1,19:13:07
42,4,1,19:13:08
408,4,1,19:13:29
277,4,1,19:13:30
156,4,1,19:13:48
147,4,1,19:14:35
236,4,1,19:14:58
383,4,1,19:17:26
205,4,1,19:17:26
20,4,1,19:17:36
139,4,1,19:18:30
245,4,1,19:18:37
90,4,1,19:18:39
103,4,1,19:19:04
292,4,1,19:19:32
164,4,1,19:20:12
172,4,1,19:20:49
134,4,1,19:21:47
396,4,1,19:22:14
261,4,1,19:22:48
340,4,1,19:22:53
231,4,1,19:23:53
290,4,1,19:24:24
129,4,1,19:25:07
382,4,1,19:25:50
415,4,1,19:25:51
158,4,1,19:26:06
128,4,1,19:26:18
49,4,1,19:26:22
463,4,1,19:26:36
34,4,1,19:27:35
91,4,1,19:27:58
417,4,1,19:28:49
286,4,1,19:29:48
395,4,1,19:30:50
187,4,1,19:31:10
187,4,1,19:31:10
112,4,1,19:32:34
351,4,1,19:33:12
54,4,1,19:34:27
2,4,1,19:35:02
120,4,1,19:35:14
299,4,1,19:36:28
411,4,1,19:37:04
217,4,1,19:37:19
125,4,1,19:38:01
346,4,1,19:38:02
210,4,1,19:38:10
25,4,1,19:38:24
121,4,1,19:38:34
97,4,1,19:38:37
371,4,1,19:39:09
324,4,1,19:39:16
349,4,1,19:39:18
170,4,1,19:39:27
168,4,1,19:39:39
365,4,1,19:39:39
86,4,1,19:40:10
433,4,1,19:40:14
333,4,1,19:40:36
367,4,1,19:40:47
137,4,1,19:40:57
100,4,1,19:41:37
456,4,1,19:41:39
319,4,1,19:42:21
215,4,1,19:43:05
50,4,1,19:43:17
432,4,1,19:43:50
422,4,1,19:43:55
455,4,1,19:44:24
18,4,1,19:44:34
450,4,1,19:44:35
409,4,1,19:44:39
436,4,1,19:44:59
151,4,1,19:45:11
434,4,1,19:45:15
76,4,1,19:45:16
427,4,1,19:45:22
24,4,1,19:46:07
335,4,1,19:46:32
177,4,1,19:46:55
337,4,1,19:47:06
352,4,1,19:47:26
163,4,1,19:47:29
253,4,1,19:49:14
168,4,1,19:49:22
180,4,1,19:49:59
167,4,1,19:50:13
340,4,1,19:51:14
256,4,1,19:51:24
9,4,1,19:52:20
378,4,1,19:52:29
108,4,1,19:52:39
175,4,1,19:52:48
105,4,1,19:53:09
11,4,1,19:53:27
404,4,1,19:53:36
144,4,1,19:53:41
449,4,1,19:54:08
340,4,1,19:54:42
21,4,1,19:54:46
123,4,1,19:55:15
268,4,1,19:55:23
46,4,1,19:55:56
285,4,1,19:55:58
221,4,1,19:56:04
340,4,1,19:56:24
370,4,1,19:56:27
161,4,1,19:56:33
340,4,1,19:57:10
391,4,1,19:59:00
393,4,1,20:00:07
69,4,1,20:00:57
380,4,1,20:02:13
107,4,1,20:02:15
65,4,1,20:04:15
450,4,1,20:05:15
171,4,1,20:08:30
405,4,1,20:08:32
79,4,1,20:09:29
310,4,1,20:09:33
190,4,1,20:09:59
435,4,1,20:12:27
461,4,1,20:12:54
467,4,1,20:14:15
278,4,1,20:15:55
142,4,1,20:17:47
63,4,1,20:21:24
166,4,1,20:21:27
18,4,1,20:21:51
216,4,1,20:22:20
255,4,1,20:23:08
328,4,1,20:24:58
156,4,1,20:25:01
222,4,1,20:26:07
173,4,1,20:28:12
155,4,1,20:28:31
411,4,1,20:30:08
413,4,1,20:30:15
141,4,1,20:30:23
295,4,1,20:30:29
93,4,1,20:30:49
92,4,1,20:31:23
259,4,1,20:32:11
259,4,1,20:32:11
354,4,1,20:32:46
192,4,1,20:36:07
462,4,1,20:37:58
52,4,1,20:41:20
52,4,1,20:41:20
386,4,1,20:41:38
204,4,1,20:43:07
458,4,1,20:43:13
212,4,1,20:43:16
235,4,1,20:43:28
351,4,1,20:44:23
3,4,1,20:44:25
318,4,1,20:44:31
130,4,1,20:44:53
291,4,1,20:45:00
339,4,1,20:47:51
293,4,1,20:48:45
28,4,1,20:51:21
430,4,1,20:53:02
140,4,1,20:54:26
174,4,1,20:55:06
64,4,1,20:56:29
229,4,1,20:57:25
321,4,1,21:00:22
247,4,1,21:00:23
443,4,1,21:05:51
288,4,1,21:05:56
443,4,1,21:06:00
200,4,1,21:06:09
423,4,1,21:09:32
423,4,1,21:09:32
311,4,1,21:11:14
435,4,1,21:16:25
182,4,1,21:17:21
5,4,1,21:18:45
126,4,1,21:20:18
342,4,1,21:22:38
446,4,1,21:25:58
63,4,1,21:26:07
375,4,1,21:27:23
179,4,1,21:30:34
86,4,1,21:31:43
96,4,1,21:31:57
99,4,1,21:32:09
351,4,1,21:36:39
196,4,1,21:36:50
202,4,1,21:37:03
317,4,1,21:38:20
9,4,1,21:39:10
26,4,1,21:40:15
169,4,1,21:40:21
281,4,1,21:41:18
6,4,1,21:41:50
466,4,1,21:42:50
264,4,1,21:44:13
63,4,1,21:46:30
232,4,1,21:46:37
15,4,1,21:47:20
163,4,1,21:51:01
442,4,1,21:51:40
307,4,1,21:52:02
191,4,1,21:54:07
205,4,1,21:55:21
245,4,1,21:56:20
124,4,1,21:56:34
388,4,1,21:57:24
299,4,1,21:59:38
376,4,1,22:00:31
306,4,1,22:00:33
387,4,1,22:02:06
98,4,1,22:03:10
414,4,1,22:05:22
157,4,1,22:08:06
92,4,1,22:10:20
89,4,1,22:10:25
311,4,1,22:10:29
445,4,1,22:10:51
384,4,1,22:11:32
43,4,1,22:13:24
447,4,1,22:18:25
330,4,1,22:18:53
331,4,1,22:20:54
463,4,1,22:20:59
467,4,1,22:21:09
14,4,1,22:22:03
340,4,1,22:22:29
363,4,1,22:26:46
44,4,1,22:27:35
391,4,1,22:27:44
225,4,1,22:28:56
324,4,1,22:29:57
74,4,1,22:30:06
1,4,1,22:31:27
455,4,1,22:34:55
287,4,1,22:36:10
272,4,1,22:38:23
394,4,1,22:39:35
352,4,1,22:40:38
194,4,1,22:44:31
140,4,1,22:45:40
299,4,1,22:49:23
208,4,1,22:50:47
289,4,1,22:53:42
108,4,1,22:56:57
247,4,1,22:57:28
25,4,1,22:59:24
415,4,1,22:59:26
252,4,1,23:01:58
382,4,1,23:02:52
460,4,1,23:03:47
226,4,1,23:04:18
283,4,1,23:05:11
333,4,1,23:05:14
304,4,1,23:05:18
209,4,1,23:05:19
232,4,1,23:05:19
50,4,1,23:05:20
91,4,1,23:05:25
112,4,1,23:05:27
132,4,1,23:05:27
336,4,1,23:05:28
184,4,1,23:05:29
368,4,1,23:05:30
35,4,1,23:05:31
263,4,1,23:05:32
403,4,1,23:05:34
12,4,1,23:05:35
307,4,1,23:05:35
411,4,1,23:05:38
406,4,1,23:05:41
340,4,1,23:05:49
99,4,1,23:05:51
95,4,1,23:05:54
45,4,1,23:05:55
434,4,1,23:05:56
356,4,1,23:05:57
254,4,1,23:05:58
453,4,1,23:06:01
323,4,1,23:06:03
404,4,1,23:06:04
409,4,1,23:06:05
397,4,1,23:06:06
136,4,1,23:06:07
101,4,1,23:06:12
72,4,1,23:06:13
172,4,1,23:06:14
294,4,1,23:06:21
300,4,1,23:06:22
94,4,1,23:06:27
230,4,1,23:06:28
444,4,1,23:06:40
359,4,1,23:06:43
326,4,1,23:06:46
148,4,1,23:06:49
430,4,1,23:06:54
6,4,1,23:06:55
452,4,1,23:07:04
23,4,1,23:07:20
246,4,1,23:07:28
343,4,1,23:07:29
335,4,1,23:07:42
312,4,1,23:07:43
118,4,1,23:07:49
303,4,1,23:07:52
329,4,1,23:07:53
410,4,1,23:07:59
258,4,1,23:08:09
431,4,1,23:08:10
103,4,1,23:08:11
322,4,1,23:08:29
353,4,1,23:08:46
60,4,1,23:09:03
217,4,1,23:09:04
337,4,1,23:09:05
327,4,1,23:09:21
265,4,1,23:09:34
185,4,1,23:09:48
115,4,1,23:10:05
420,4,1,23:10:06
216,4,1,23:10:08
136,4,1,23:10:15
399,4,1,23:10:40
237,4,1,23:10:53
120,4,1,23:10:54
255,4,1,23:11:16
168,4,1,23:12:09
170,4,1,23:12:26
21,4,1,23:12:30
293,4,1,23:12:40
149,4,1,23:12:50
242,4,1,23:13:04
392,4,1,23:13:04
110,4,1,23:13:16
249,4,1,23:13:19
173,4,1,23:13:30
228,4,1,23:13:41
138,4,1,23:13:43
154,4,1,23:14:55
395,4,1,23:14:59
330,4,1,23:15:10
185,4,1,23:15:40
385,4,1,23:16:04
315,4,1,23:16:10
288,4,1,23:16:30
64,4,1,23:16:45
323,4,1,23:17:03
139,4,1,23:17:03
432,4,1,23:17:33
423,4,1,23:19:02
121,4,1,23:19:22
9,4,1,23:20:14
377,4,1,23:20:58
49,4,1,23:21:20
74,4,1,23:22:19
156,4,1,23:23:25
234,4,1,23:23:51
164,4,1,23:24:04
32,4,1,23:24:24
109,4,1,23:24:42
332,4,1,23:25:14
415,4,1,23:25:28
3,4,1,23:25:50
331,4,1,23:26:03
457,4,1,23:26:17
379,4,1,23:26:30
332,4,1,23:27:03
117,4,1,23:28:49
407,4,1,23:29:55
276,4,1,23:29:55
177,4,1,23:30:04
171,4,1,23:30:46
461,4,1,23:31:49
155,4,1,23:31:49
449,4,1,23:31:57
149,4,1,23:31:57
123,4,1,23:32:11
367,4,1,23:32:21
47,4,1,23:32:29
386,4,1,23:32:48
404,4,1,23:32:56
365,4,1,23:33:08
290,4,1,23:33:13
245,4,1,23:33:15
170,4,1,23:33:20
144,4,1,23:34:38
57,4,1,23:35:08
277,4,1,23:35:11
345,4,1,23:35:17
366,4,1,23:35:43
222,4,1,23:35:52
441,4,1,23:35:59
165,4,1,23:35:59
441,4,1,23:36:53
99,4,1,23:36:54
90,4,1,23:37:41
159,4,1,23:38:06
213,4,1,23:38:32
350,4,1,23:39:09
143,4,1,23:39:13
306,4,1,23:39:34
122,4,1,23:40:33
122,4,1,23:40:33
31,4,1,23:40:55
239,4,1,23:43:00
116,4,1,23:45:12
309,4,1,23:45:22
384,4,1,23:45:54
80,4,1,23:46:34
262,4,1,23:46:38
320,4,1,23:47:16
282,4,1,23:47:37
344,4,1,23:48:35
398,4,1,23:48:44
320,4,1,23:48:55
161,4,1,23:48:57
351,4,1,23:49:24
396,4,1,23:50:44
169,4,1,23:50:45
147,4,1,23:51:33
380,4,1,23:51:39
15,4,1,23:51:48
114,4,1,23:52:32
189,4,1,23:53:25
446,4,1,23:53:40
160,4,1,23:54:52
113,4,1,23:55:03
370,4,1,23:55:30
166,4,1,23:56:05
312,4,1,23:56:26
133,4,1,23:56:42
117,4,1,23:56:43
306,4,1,23:56:45
183,4,1,23:56:51
168,4,1,23:58:16
71,4,1,23:58:33
180,4,1,23:58:55
427,4,1,23:59:05
40,4,1,23:59:16
51,5,2,00:00:06
300,5,2,00:00:20
301,5,2,00:00:23
240,5,2,00:00:28
314,5,2,00:00:35
425,5,2,00:00:48
115,5,2,00:01:01
434,5,2,00:01:01
337,5,2,00:01:04
295,5,2,00:01:04
47,5,2,00:01:09
76,5,2,00:01:12
49,5,2,00:01:21
181,5,2,00:01:34
378,5,2,00:01:37
61,5,2,00:01:43
144,5,2,00:01:44
451,5,2,00:01:54
296,5,2,00:01:57
450,5,2,00:02:22
303,5,2,00:02:27
277,5,2,00:02:28
399,5,2,00:02:37
79,5,2,00:02:44
93,5,2,00:02:54
184,5,2,00:02:54
404,5,2,00:02:57
150,5,2,00:03:10
82,5,2,00:03:13
10,5,2,00:03:14
112,5,2,00:03:22
63,5,2,00:03:24
317,5,2,00:03:32
435,5,2,00:03:33
457,5,2,00:03:44
19,5,2,00:03:45
460,5,2,00:03:46
45,5,2,00:04:03
251,5,2,00:04:11
153,5,2,00:04:17
160,5,2,00:04:23
75,5,2,00:04:24
341,5,2,00:04:27
330,5,2,00:04:27
209,5,2,00:04:27
371,5,2,00:04:28
335,5,2,00:04:35
320,5,2,00:04:37
355,5,2,00:04:48
95,5,2,00:04:54
31,5,2,00:04:57
77,5,2,00:04:59
143,5,2,00:05:00
24,5,2,00:05:01
366,5,2,00:05:05
155,5,2,00:05:09
188,5,2,00:05:38
132,5,2,00:05:38
456,5,2,00:05:40
109,5,2,00:05:50
394,5,2,00:05:53
195,5,2,00:05:59
332,5,2,00:06:20
283,5,2,00:06:22
129,5,2,00:06:24
17,5,2,00:06:25
422,5,2,00:06:34
426,5,2,00:06:52
52,5,2,00:06:58
316,5,2,00:07:01
177,5,2,00:07:06
385,5,2,00:07:16
13,5,2,00:07:20
429,5,2,00:07:22
408,5,2,00:07:24
118,5,2,00:07:49
446,5,2,00:07:53
267,5,2,00:08:12
180,5,2,00:08:24
168,5,2,00:08:25
406,5,2,00:08:31
137,5,2,00:08:33
373,5,2,00:08:57
207,5,2,00:09:00
289,5,2,00:09:08
374,5,2,00:09:54
242,5,2,00:10:07
26,5,2,00:10:32
268,5,2,00:10:55
162,5,2,00:11:02
248,5,2,00:11:03
44,5,2,00:11:10
102,5,2,00:11:40
64,5,2,00:12:16
169,5,2,00:12:23
76,5,2,00:12:32
367,5,2,00:12:37
403,5,2,00:12:38
7,5,2,00:12:43
419,5,2,00:12:44
238,5,2,00:12:47
56,5,2,00:12:53
439,5,2,00:12:53
211,5,2,00:12:54
306,5,2,00:13:01
312,5,2,00:13:27
245,5,2,00:13:44
420,5,2,00:14:19
68,5,2,00:14:33
350,5,2,00:14:53
321,5,2,00:14:59
357,5,2,00:15:01
192,5,2,00:15:38
184,5,2,00:15:39
390,5,2,00:16:15
307,5,2,00:16:23
40,5,2,00:16:43
332,5,2,00:16:59
369,5,2,00:17:06
332,5,2,00:17:21
236,5,2,00:17:38
351,5,2,00:18:01
187,5,2,00:18:02
266,5,2,00:18:12
171,5,2,00:18:13
202,5,2,00:18:21
428,5,2,00:18:25
33,5,2,00:18:29
247,5,2,00:18:38
365,5,2,00:18:41
415,5,2,00:19:04
50,5,2,00:19:09
278,5,2,00:19:18
360,5,2,00:19:45
42,5,2,00:19:49
157,5,2,00:19:49
327,5,2,00:20:01
65,5,2,00:20:04
182,5,2,00:20:14
168,5,2,00:20:16
70,5,2,00:20:45
187,5,2,00:20:51
187,5,2,00:21:18
187,5,2,00:21:19
199,5,2,00:21:48
9,5,2,00:21:55
114,5,2,00:22:05
3,5,2,00:22:22
107,5,2,00:22:32
344,5,2,00:22:36
28,5,2,00:22:50
220,5,2,00:22:55
46,5,2,00:23:03
131,5,2,00:23:06
87,5,2,00:23:20
11,5,2,00:23:26
146,5,2,00:23:31
458,5,2,00:24:13
240,5,2,00:24:15
25,5,2,00:24:20
319,5,2,00:24:58
225,5,2,00:25:03
84,5,2,00:25:14
264,5,2,00:25:33
101,5,2,00:25:35
421,5,2,00:25:40
174,5,2,00:26:00
465,5,2,00:26:36
14,5,2,00:27:12
416,5,2,00:27:19
308,5,2,00:27:19
438,5,2,00:27:26
188,5,2,00:27:52
467,5,2,00:27:55
39,5,2,00:28:03
396,5,2,00:28:05
164,5,2,00:28:41
244,5,2,00:30:14
204,5,2,00:30:36
53,5,2,00:30:39
364,5,2,00:31:03
330,5,2,00:31:20
203,5,2,00:31:34
203,5,2,00:32:45
380,5,2,00:32:47
324,5,2,00:33:12
36,5,2,00:33:54
333,5,2,00:34:03
375,5,2,00:34:04
454,5,2,00:35:00
354,5,2,00:36:16
339,5,2,00:36:50
340,5,2,00:37:13
127,5,2,00:37:38
428,5,2,00:38:00
298,5,2,00:38:33
122,5,2,00:39:04
122,5,2,00:39:04
85,5,2,00:39:12
69,5,2,00:41:29
3,5,2,00:41:55
90,5,2,00:42:01
89,5,2,00:42:30
226,5,2,00:42:42
378,5,2,00:42:57
5,5,2,00:43:18
74,5,2,00:44:12
387,5,2,00:45:04
201,5,2,00:45:58
353,5,2,00:47:11
66,5,2,00:48:14
223,5,2,00:48:24
280,5,2,00:48:25
163,5,2,00:48:26
97,5,2,00:48:39
368,5,2,00:48:46
410,5,2,00:48:50
58,5,2,00:49:05
465,5,2,00:49:14
145,5,2,00:49:37
18,5,2,00:49:47
152,5,2,00:51:56
347,5,2,00:52:54
297,5,2,00:53:15
224,5,2,00:53:42
62,5,2,00:54:05
283,5,2,00:54:06
263,5,2,00:54:24
113,5,2,00:55:30
106,5,2,00:56:37
291,5,2,00:56:38
412,5,2,00:56:49
335,5,2,00:57:13
298,5,2,00:57:39
140,5,2,00:57:51
241,5,2,00:58:09
74,5,2,00:58:58
192,5,2,00:59:26
67,5,2,00:59:28
81,5,2,00:59:44
259,5,2,00:59:50
254,5,2,01:00:18
217,5,2,01:00:50
352,5,2,01:01:44
256,5,2,01:04:46
398,5,2,01:06:59
444,5,2,01:07:44
42,5,2,01:09:47
243,5,2,01:12:46
450,5,2,01:16:06
352,5,2,01:18:41
213,5,2,01:27:11
455,5,2,01:33:43
138,5,2,01:37:44
258,5,2,01:40:43
105,5,2,01:44:50
81,5,2,01:48:50
179,5,2,01:49:03
334,5,2,01:49:43
413,5,2,01:51:24
220,5,2,02:00:43
10,5,2,02:05:34
164,5,2,02:06:55
306,5,2,02:09:00
91,5,2,02:09:36
13,5,2,02:09:41
13,5,2,02:09:51
314,5,2,02:23:52
116,5,2,02:26:41
42,5,2,02:34:05
281,5,2,02:39:16
66,5,2,02:52:40
301,5,2,02:54:49
295,5,2,03:00:09
364,5,2,03:07:28
148,5,2,03:10:40
164,5,2,03:22:44
19,5,2,03:42:07
278,5,2,03:47:04
218,5,2,04:15:51
159,5,2,05:14:59
205,5,2,06:03:05
305,5,2,06:13:05
418,5,2,06:15:41
425,5,2,06:19:26
168,5,2,06:22:24
12,5,2,06:22:46
121,5,2,06:26:37
252,5,2,06:29:06
206,5,2,06:29:59
119,5,2,06:32:58
156,5,2,06:33:48
244,5,2,06:35:04
442,5,2,06:38:35
361,5,2,06:39:00
262,5,2,06:39:46
363,5,2,06:43:49
135,5,2,06:46:21
424,5,2,06:46:29
73,5,2,06:46:43
108,5,2,06:49:27
149,5,2,06:51:12
45,5,2,06:53:02
150,5,2,06:53:15
30,5,2,06:54:16
87,5,2,06:59:47
212,5,2,07:00:40
401,5,2,07:02:06
269,5,2,07:02:17
358,5,2,07:02:17
21,5,2,07:02:39
33,5,2,07:03:09
86,5,2,07:04:21
260,5,2,07:04:35
265,5,2,07:05:17
161,5,2,07:06:11
185,5,2,07:07:21
14,5,2,07:07:53
362,5,2,07:09:58
229,5,2,07:11:24
420,5,2,07:12:17
409,5,2,07:13:16
225,5,2,07:13:31
139,5,2,07:13:36
301,5,2,07:13:50
284,5,2,07:14:01
137,5,2,07:14:21
137,5,2,07:14:22
68,5,2,07:14:59
186,5,2,07:15:11
385,5,2,07:15:44
183,5,2,07:15:59
431,5,2,07:16:00
250,5,2,07:16:06
125,5,2,07:17:57
331,5,2,07:18:10
337,5,2,07:18:13
6,5,2,07:18:51
258,5,2,07:19:03
234,5,2,07:19:25
289,5,2,07:20:28
263,5,2,07:20:33
169,5,2,07:20:53
114,5,2,07:21:10
141,5,2,07:22:30
228,5,2,07:23:55
392,5,2,07:24:03
371,5,2,07:24:26
160,5,2,07:24:33
223,5,2,07:24:34
8,5,2,07:24:58
274,5,2,07:25:14
350,5,2,07:25:22
460,5,2,07:25:27
370,5,2,07:25:47
303,5,2,07:26:56
290,5,2,07:27:00
247,5,2,07:27:51
332,5,2,07:27:55
58,5,2,07:28:49
315,5,2,07:29:11
158,5,2,07:30:18
226,5,2,07:30:30
13,5,2,07:30:43
381,5,2,07:31:05
320,5,2,07:31:05
272,5,2,07:31:27
132,5,2,07:31:40
345,5,2,07:33:31
387,5,2,07:34:15
190,5,2,07:35:19
414,5,2,07:35:28
437,5,2,07:35:34
188,5,2,07:35:43
99,5,2,07:36:08
317,5,2,07:37:08
133,5,2,07:38:19
440,5,2,07:38:27
457,5,2,07:38:34
326,5,2,07:38:59
131,5,2,07:39:07
100,5,2,07:39:22
206,5,2,07:40:45
324,5,2,07:41:51
178,5,2,07:42:57
242,5,2,07:43:32
230,5,2,07:43:58
32,5,2,07:44:49
267,5,2,07:45:17
277,5,2,07:45:23
144,5,2,07:46:06
367,5,2,07:47:35
293,5,2,07:48:32
307,5,2,07:48:34
259,5,2,07:49:23
109,5,2,07:49:37
60,5,2,07:49:44
456,5,2,07:49:57
213,5,2,07:51:30
205,5,2,07:51:54
65,5,2,07:51:55
351,5,2,07:52:29
83,5,2,07:52:35
435,5,2,07:52:44
322,5,2,07:53:13
221,5,2,07:54:01
240,5,2,07:54:13
264,5,2,07:54:40
112,5,2,07:54:49
428,5,2,07:55:39
276,5,2,07:55:52
426,5,2,07:56:58
56,5,2,07:57:16
211,5,2,07:57:19
447,5,2,07:58:10
104,5,2,07:58:40
84,5,2,07:58:43
84,5,2,07:58:43
145,5,2,08:00:16
344,5,2,08:00:29
317,5,2,08:01:07
257,5,2,08:01:07
341,5,2,08:01:22
82,5,2,08:01:25
336,5,2,08:01:35
184,5,2,08:02:00
299,5,2,08:02:20
433,5,2,08:02:29
343,5,2,08:02:33
372,5,2,08:02:35
252,5,2,08:03:00
439,5,2,08:03:17
158,5,2,08:04:08
173,5,2,08:04:14
1,5,2,08:04:15
310,5,2,08:04:43
399,5,2,08:04:45
163,5,2,08:04:59
231,5,2,08:05:34
15,5,2,08:05:36
202,5,2,08:06:17
385,5,2,08:07:01
275,5,2,08:07:32
268,5,2,08:08:29
46,5,2,08:08:45
253,5,2,08:09:18
20,5,2,08:11:02
445,5,2,08:11:22
76,5,2,08:11:30
90,5,2,08:12:09
9,5,2,08:13:55
321,5,2,08:14:30
325,5,2,08:14:32
124,5,2,08:17:21
298,5,2,08:17:54
174,5,2,08:19:44
102,5,2,08:19:59
235,5,2,08:20:03
218,5,2,08:20:20
295,5,2,08:20:59
305,5,2,08:21:23
67,5,2,08:22:31
338,5,2,08:22:54
452,5,2,08:23:20
167,5,2,08:24:51
249,5,2,08:26:13
348,5,2,08:27:28
38,5,2,08:27:31
217,5,2,08:27:35
237,5,2,08:28:34
363,5,2,08:28:41
297,5,2,08:29:00
304,5,2,08:29:32
205,5,2,08:30:00
239,5,2,08:30:24
323,5,2,08:30:59
285,5,2,08:31:24
29,5,2,08:31:38
379,5,2,08:31:55
37,5,2,08:32:16
3,5,2,08:33:28
200,5,2,08:33:29
407,5,2,08:33:57
312,5,2,08:34:06
405,5,2,08:34:39
138,5,2,08:35:37
97,5,2,08:36:33
406,5,2,08:36:58
394,5,2,08:37:03
408,5,2,08:37:09
74,5,2,08:37:18
403,5,2,08:38:47
342,5,2,08:38:52
106,5,2,08:39:20
204,5,2,08:39:27
244,5,2,08:39:28
360,5,2,08:39:30
95,5,2,08:39:35
309,5,2,08:39:37
107,5,2,08:39:41
55,5,2,08:39:42
216,5,2,08:39:45
81,5,2,08:39:56
293,5,2,08:40:11
354,5,2,08:40:34
103,5,2,08:40:39
99,5,2,08:40:57
36,5,2,08:40:58
184,5,2,08:41:17
351,5,2,08:41:21
210,5,2,08:41:30
430,5,2,08:41:33
395,5,2,08:41:40
432,5,2,08:41:49
128,5,2,08:42:18
269,5,2,08:42:26
86,5,2,08:42:49
319,5,2,08:43:17
100,5,2,08:43:24
411,5,2,08:43:28
87,5,2,08:43:47
318,5,2,08:43:48
313,5,2,08:43:48
388,5,2,08:44:19
254,5,2,08:44:22
451,5,2,08:44:33
375,5,2,08:44:58
377,5,2,08:45:00
77,5,2,08:45:13
271,5,2,08:45:33
54,5,2,08:45:44
197,5,2,08:46:25
263,5,2,08:47:10
63,5,2,08:47:28
260,5,2,08:47:39
181,5,2,08:47:54
188,5,2,08:48:03
442,5,2,08:48:07
354,5,2,08:48:11
449,5,2,08:48:36
404,5,2,08:48:36
75,5,2,08:49:54
150,5,2,08:50:24
357,5,2,08:50:27
400,5,2,08:50:52
392,5,2,08:51:26
43,5,2,08:51:39
243,5,2,08:51:48
393,5,2,08:52:01
418,5,2,08:52:12
273,5,2,08:52:20
35,5,2,08:52:33
245,5,2,08:52:38
176,5,2,08:52:53
337,5,2,08:52:58
85,5,2,08:53:13
374,5,2,08:53:13
425,5,2,08:53:14
72,5,2,08:53:23
111,5,2,08:53:29
390,5,2,08:53:32
409,5,2,08:53:32
356,5,2,08:54:14
296,5,2,08:54:22
44,5,2,08:54:35
286,5,2,08:54:44
256,5,2,08:55:00
45,5,2,08:55:08
186,5,2,08:55:23
146,5,2,08:55:52
410,5,2,08:56:01
248,5,2,08:56:13
340,5,2,08:56:31
306,5,2,08:56:47
19,5,2,08:56:48
448,5,2,08:56:56
27,5,2,08:57:20
17,5,2,08:57:23
23,5,2,08:58:39
11,5,2,08:58:47
291,5,2,08:58:49
246,5,2,08:58:57
414,5,2,08:59:25
443,5,2,08:59:27
122,5,2,09:00:22
122,5,2,09:00:22
140,5,2,09:00:46
463,5,2,09:00:52
328,5,2,09:00:55
171,5,2,09:01:02
373,5,2,09:01:06
332,5,2,09:01:32
123,5,2,09:02:04
7,5,2,09:02:09
188,5,2,09:02:15
177,5,2,09:02:28
115,5,2,09:02:42
52,5,2,09:03:31
454,5,2,09:03:44
94,5,2,09:04:33
203,5,2,09:04:34
376,5,2,09:04:56
308,5,2,09:05:17
461,5,2,09:05:27
428,5,2,09:05:46
51,5,2,09:05:58
302,5,2,09:06:45
156,5,2,09:07:06
333,5,2,09:07:26
398,5,2,09:07:49
369,5,2,09:08:26
359,5,2,09:08:27
10,5,2,09:08:36
414,5,2,09:09:27
165,5,2,09:10:05
48,5,2,09:10:28
386,5,2,09:10:53
453,5,2,09:11:21
228,5,2,09:11:53
368,5,2,09:12:02
189,5,2,09:12:20
28,5,2,09:12:46
118,5,2,09:13:17
91,5,2,09:13:22
97,5,2,09:13:42
163,5,2,09:14:19
55,5,2,09:14:47
105,5,2,09:14:52
127,5,2,09:15:19
416,5,2,09:15:29
110,5,2,09:15:39
214,5,2,09:15:57
339,5,2,09:15:59
112,5,2,09:16:04
160,5,2,09:16:16
108,5,2,09:16:58
8,5,2,09:17:01
363,5,2,09:17:02
30,5,2,09:17:37
34,5,2,09:17:37
311,5,2,09:17:39
34,5,2,09:17:46
329,5,2,09:17:50
34,5,2,09:17:55
74,5,2,09:18:03
34,5,2,09:18:03
34,5,2,09:18:12
34,5,2,09:18:21
369,5,2,09:18:39
420,5,2,09:19:10
456,5,2,09:19:18
87,5,2,09:19:22
223,5,2,09:20:16
247,5,2,09:20:18
36,5,2,09:20:22
422,5,2,09:20:30
148,5,2,09:20:48
135,5,2,09:21:43
467,5,2,09:21:50
287,5,2,09:21:54
43,5,2,09:22:04
282,5,2,09:22:08
428,5,2,09:22:13
361,5,2,09:22:14
446,5,2,09:22:16
65,5,2,09:22:17
92,5,2,09:22:42
241,5,2,09:22:54
292,5,2,09:22:59
186,5,2,09:23:35
358,5,2,09:24:23
412,5,2,09:24:49
207,5,2,09:24:53
258,5,2,09:25:04
354,5,2,09:25:30
232,5,2,09:25:31
278,5,2,09:25:42
219,5,2,09:26:14
151,5,2,09:26:18
225,5,2,09:26:31
397,5,2,09:26:32
289,5,2,09:26:59
86,5,2,09:27:12
220,5,2,09:27:49
119,5,2,09:28:00
117,5,2,09:28:08
432,5,2,09:28:12
457,5,2,09:28:31
14,5,2,09:29:14
168,5,2,09:29:20
62,5,2,09:29:24
438,5,2,09:29:30
271,5,2,09:29:37
415,5,2,09:30:31
429,5,2,09:30:56
24,5,2,09:31:03
273,5,2,09:31:41
290,5,2,09:32:13
121,5,2,09:32:26
41,5,2,09:32:34
217,5,2,09:32:44
402,5,2,09:33:24
221,5,2,09:33:43
223,5,2,09:33:49
336,5,2,09:34:12
368,5,2,09:34:42
121,5,2,09:34:50
13,5,2,09:35:22
370,5,2,09:35:53
144,5,2,09:36:04
383,5,2,09:36:08
70,5,2,09:36:19
452,5,2,09:36:20
366,5,2,09:36:44
44,5,2,09:36:52
242,5,2,09:37:18
137,5,2,09:37:23
175,5,2,09:38:07
327,5,2,09:38:35
160,5,2,09:38:48
436,5,2,09:38:57
346,5,2,09:39:04
33,5,2,09:39:17
265,5,2,09:40:25
226,5,2,09:40:33
251,5,2,09:41:15
178,5,2,09:41:21
217,5,2,09:41:41
434,5,2,09:41:45
288,5,2,09:42:06
185,5,2,09:42:40
25,5,2,09:42:56
238,5,2,09:42:59
155,5,2,09:44:54
63,5,2,09:44:57
379,5,2,09:44:57
77,5,2,09:45:07
89,5,2,09:45:17
234,5,2,09:45:32
168,5,2,09:45:35
334,5,2,09:45:43
109,5,2,09:45:47
169,5,2,09:45:47
131,5,2,09:46:28
79,5,2,09:46:45
423,5,2,09:47:07
419,5,2,09:47:08
294,5,2,09:47:13
425,5,2,09:47:47
459,5,2,09:47:56
228,5,2,09:48:02
255,5,2,09:48:10
222,5,2,09:48:11
310,5,2,09:48:11
409,5,2,09:48:17
284,5,2,09:48:24
250,5,2,09:48:43
413,5,2,09:48:43
349,5,2,09:48:47
161,5,2,09:48:49
218,5,2,09:49:07
347,5,2,09:49:07
215,5,2,09:49:12
158,5,2,09:49:29
178,5,2,09:49:48
279,5,2,09:49:50
252,5,2,09:50:30
120,5,2,09:50:51
113,5,2,09:51:26
384,5,2,09:51:29
150,5,2,09:51:39
115,5,2,09:51:48
195,5,2,09:51:52
284,5,2,09:52:05
128,5,2,09:52:07
422,5,2,09:52:11
324,5,2,09:52:20
130,5,2,09:52:31
434,5,2,09:52:45
428,5,2,09:52:56
198,5,2,09:52:56
214,5,2,09:53:15
47,5,2,09:53:37
139,5,2,09:53:46
355,5,2,09:53:55
319,5,2,09:53:56
55,5,2,09:53:58
30,5,2,09:54:15
87,5,2,09:54:20
99,5,2,09:54:29
12,5,2,09:54:41
229,5,2,09:54:46
389,5,2,09:54:50
147,5,2,09:55:01
350,5,2,09:55:08
392,5,2,09:55:22
331,5,2,09:55:37
103,5,2,09:55:49
277,5,2,09:56:13
237,5,2,09:56:22
206,5,2,09:56:47
126,5,2,09:56:52
330,5,2,09:56:54
430,5,2,09:57:04
68,5,2,09:57:06
15,5,2,09:57:18
8,5,2,09:57:31
192,5,2,09:57:43
84,5,2,09:58:01
354,5,2,09:58:22
127,5,2,10:00:05
176,5,2,10:00:32
232,5,2,10:01:05
240,5,2,10:01:39
159,5,2,10:02:00
464,5,2,10:02:10
179,5,2,10:02:45
53,5,2,10:02:55
38,5,2,10:03:06
64,5,2,10:03:31
180,5,2,10:03:40
132,5,2,10:03:45
266,5,2,10:03:46
194,5,2,10:03:58
239,5,2,10:04:08
439,5,2,10:04:46
300,5,2,10:05:18
269,5,2,10:05:54
153,5,2,10:06:15
248,5,2,10:06:26
269,5,2,10:07:12
343,5,2,10:07:17
375,5,2,10:07:38
450,5,2,10:07:43
262,5,2,10:08:36
35,5,2,10:08:57
83,5,2,10:09:26
435,5,2,10:09:33
52,5,2,10:09:41
205,5,2,10:10:01
142,5,2,10:11:03
221,5,2,10:11:26
146,5,2,10:11:48
289,5,2,10:11:55
446,5,2,10:12:05
4,5,2,10:12:17
303,5,2,10:12:19
314,5,2,10:13:33
52,5,2,10:14:13
322,5,2,10:14:28
136,5,2,10:14:35
224,5,2,10:15:48
238,5,2,10:16:21
191,5,2,10:17:11
267,5,2,10:17:44
52,5,2,10:18:05
109,5,2,10:18:07
52,5,2,10:18:55
380,5,2,10:19:15
260,5,2,10:19:51
465,5,2,10:20:49
187,5,2,10:21:43
187,5,2,10:21:43
272,5,2,10:21:50
286,5,2,10:22:18
310,5,2,10:23:23
261,5,2,10:24:07
235,5,2,10:25:11
276,5,2,10:25:29
158,5,2,10:27:43
388,5,2,10:27:46
345,5,2,10:28:26
295,5,2,10:29:27
40,5,2,10:30:02
43,5,2,10:30:23
273,5,2,10:30:51
458,5,2,10:31:05
205,5,2,10:31:20
101,5,2,10:32:08
240,5,2,10:32:35
430,5,2,10:33:27
94,5,2,10:33:53
87,5,2,10:35:24
411,5,2,10:35:49
143,5,2,10:37:03
145,5,2,10:38:30
354,5,2,10:38:46
270,5,2,10:40:30
55,5,2,10:40:32
275,5,2,10:40:55
308,5,2,10:41:11
162,5,2,10:41:29
163,5,2,10:41:46
171,5,2,10:41:48
140,5,2,10:41:56
68,5,2,10:42:21
338,5,2,10:42:29
399,5,2,10:42:36
257,5,2,10:42:55
217,5,2,10:43:12
347,5,2,10:44:26
150,5,2,10:44:43
438,5,2,10:45:09
102,5,2,10:45:11
129,5,2,10:45:27
129,5,2,10:45:28
447,5,2,10:45:49
10,5,2,10:45:50
188,5,2,10:46:03
330,5,2,10:46:07
426,5,2,10:47:30
327,5,2,10:47:53
52,5,2,10:48:53
288,5,2,10:49:01
38,5,2,10:49:01
66,5,2,10:49:15
67,5,2,10:49:22
281,5,2,10:49:38
280,5,2,10:49:43
31,5,2,10:50:14
365,5,2,10:50:15
411,5,2,10:50:34
316,5,2,10:50:39
218,5,2,10:50:42
139,5,2,10:50:46
396,5,2,10:51:02
139,5,2,10:51:04
20,5,2,10:51:20
336,5,2,10:52:35
123,5,2,10:53:01
392,5,2,10:53:06
24,5,2,10:53:45
231,5,2,10:55:08
1,5,2,10:56:32
65,5,2,10:57:54
65,5,2,10:57:54
179,5,2,10:58:47
402,5,2,10:59:23
426,5,2,10:59:46
448,5,2,11:02:02
256,5,2,11:03:07
5,5,2,11:03:32
359,5,2,11:03:42
466,5,2,11:04:08
328,5,2,11:04:40
63,5,2,11:05:32
433,5,2,11:05:47
34,5,2,11:05:57
34,5,2,11:06:06
140,5,2,11:06:18
60,5,2,11:06:19
25,5,2,11:07:54
382,5,2,11:08:15
93,5,2,11:09:22
79,5,2,11:09:34
56,5,2,11:11:19
358,5,2,11:12:50
361,5,2,11:13:00
4,5,2,11:13:05
8,5,2,11:13:18
182,5,2,11:14:27
297,5,2,11:14:36
35,5,2,11:15:05
359,5,2,11:16:17
71,5,2,11:16:44
166,5,2,11:16:45
199,5,2,11:18:33
211,5,2,11:19:22
178,5,2,11:19:27
249,5,2,11:20:34
54,5,2,11:22:18
148,5,2,11:22:36
116,5,2,11:22:52
129,5,2,11:22:55
268,5,2,11:23:01
405,5,2,11:23:05
63,5,2,11:24:01
212,5,2,11:24:45
58,5,2,11:24:57
257,5,2,11:25:22
371,5,2,11:26:12
440,5,2,11:26:18
107,5,2,11:26:21
183,5,2,11:27:22
77,5,2,11:27:55
307,5,2,11:29:03
100,5,2,11:29:12
351,5,2,11:29:15
248,5,2,11:29:16
125,5,2,11:29:26
253,5,2,11:29:48
104,5,2,11:30:07
160,5,2,11:30:08
36,5,2,11:30:12
236,5,2,11:30:48
447,5,2,11:30:50
444,5,2,11:31:22
152,5,2,11:31:30
375,5,2,11:31:39
98,5,2,11:31:53
377,5,2,11:32:11
234,5,2,11:32:49
302,5,2,11:33:28
274,5,2,11:33:39
52,5,2,11:34:11
246,5,2,11:34:21
137,5,2,11:34:34
149,5,2,11:34:54
308,5,2,11:35:05
374,5,2,11:35:43
454,5,2,11:35:54
285,5,2,11:36:05
196,5,2,11:36:55
335,5,2,11:37:08
406,5,2,11:37:28
350,5,2,11:37:50
408,5,2,11:37:54
327,5,2,11:38:04
413,5,2,11:38:06
219,5,2,11:38:09
186,5,2,11:38:09
151,5,2,11:38:16
108,5,2,11:38:19
378,5,2,11:38:21
21,5,2,11:38:28
457,5,2,11:38:40
243,5,2,11:38:46
41,5,2,11:38:55
293,5,2,11:39:04
94,5,2,11:39:05
237,5,2,11:39:06
18,5,2,11:39:07
409,5,2,11:39:07
81,5,2,11:39:08
192,5,2,11:39:14
390,5,2,11:39:15
348,5,2,11:39:51
34,5,2,11:39:53
34,5,2,11:40:05
327,5,2,11:40:07
451,5,2,11:40:08
323,5,2,11:40:09
401,5,2,11:40:12
34,5,2,11:40:13
167,5,2,11:40:18
34,5,2,11:40:23
264,5,2,11:40:25
242,5,2,11:40:28
209,5,2,11:40:34
117,5,2,11:40:45
85,5,2,11:41:04
161,5,2,11:41:13
305,5,2,11:41:13
467,5,2,11:41:22
360,5,2,11:41:32
97,5,2,11:41:45
279,5,2,11:42:02
124,5,2,11:42:08
320,5,2,11:42:16
333,5,2,11:42:20
429,5,2,11:42:20
115,5,2,11:42:26
130,5,2,11:42:30
331,5,2,11:42:30
80,5,2,11:42:37
14,5,2,11:42:54
62,5,2,11:43:06
128,5,2,11:43:14
116,5,2,11:43:18
99,5,2,11:43:25
324,5,2,11:43:30
436,5,2,11:43:42
142,5,2,11:43:42
386,5,2,11:43:44
106,5,2,11:43:54
357,5,2,11:44:10
19,5,2,11:44:15
45,5,2,11:44:22
29,5,2,11:44:27
226,5,2,11:44:32
428,5,2,11:44:45
54,5,2,11:44:53
273,5,2,11:45:00
157,5,2,11:45:21
367,5,2,11:45:48
291,5,2,11:45:55
207,5,2,11:45:57
322,5,2,11:45:59
238,5,2,11:46:42
33,5,2,11:46:52
53,5,2,11:47:42
233,5,2,11:47:43
135,5,2,11:48:27
184,5,2,11:49:13
185,5,2,11:49:15
344,5,2,11:49:22
20,5,2,11:49:31
462,5,2,11:49:35
61,5,2,11:49:40
195,5,2,11:49:42
385,5,2,11:49:51
314,5,2,11:49:53
434,5,2,11:50:03
445,5,2,11:50:06
200,5,2,11:50:29
14,5,2,11:50:34
112,5,2,11:50:35
310,5,2,11:50:35
204,5,2,11:51:03
70,5,2,11:51:05
123,5,2,11:51:06
49,5,2,11:51:07
26,5,2,11:51:08
451,5,2,11:51:11
11,5,2,11:51:19
178,5,2,11:51:29
197,5,2,11:51:36
166,5,2,11:51:37
315,5,2,11:51:45
278,5,2,11:51:49
441,5,2,11:51:49
90,5,2,11:51:51
10,5,2,11:51:53
413,5,2,11:51:58
366,5,2,11:52:07
171,5,2,11:52:10
412,5,2,11:52:12
355,5,2,11:52:12
87,5,2,11:52:20
32,5,2,11:52:29
144,5,2,11:52:37
255,5,2,11:52:39
271,5,2,11:52:39
441,5,2,11:52:39
287,5,2,11:52:41
6,5,2,11:52:42
62,5,2,11:52:55
326,5,2,11:52:55
47,5,2,11:53:07
335,5,2,11:53:09
307,5,2,11:53:31
182,5,2,11:53:37
64,5,2,11:53:44
309,5,2,11:53:52
93,5,2,11:53:56
244,5,2,11:54:00
452,5,2,11:54:29
336,5,2,11:54:40
193,5,2,11:55:12
56,5,2,11:55:18
174,5,2,11:55:21
318,5,2,11:55:35
131,5,2,11:55:49
407,5,2,11:56:13
332,5,2,11:56:28
189,5,2,11:56:45
306,5,2,11:56:51
44,5,2,11:57:03
133,5,2,11:57:03
423,5,2,11:57:05
393,5,2,11:57:06
111,5,2,11:57:07
198,5,2,11:57:09
259,5,2,11:57:15
122,5,2,11:57:26
122,5,2,11:57:26
303,5,2,11:57:30
415,5,2,11:57:39
409,5,2,11:57:50
122,5,2,11:58:02
417,5,2,11:58:13
252,5,2,11:58:25
416,5,2,11:58:29
292,5,2,11:58:32
237,5,2,11:58:38
294,5,2,11:58:47
170,5,2,11:58:52
260,5,2,11:58:55
427,5,2,11:59:23
412,5,2,11:59:45
255,5,2,11:59:52
127,5,2,12:00:06
395,5,2,12:00:07
428,5,2,12:00:13
101,5,2,12:00:14
37,5,2,12:00:23
202,5,2,12:00:24
43,5,2,12:00:39
42,5,2,12:00:46
400,5,2,12:01:15
267,5,2,12:01:17
15,5,2,12:01:22
95,5,2,12:01:36
7,5,2,12:01:37
40,5,2,12:01:42
421,5,2,12:01:54
457,5,2,12:02:24
296,5,2,12:02:57
185,5,2,12:03:14
411,5,2,12:03:18
319,5,2,12:03:34
193,5,2,12:03:47
46,5,2,12:03:53
467,5,2,12:04:00
52,5,2,12:04:14
105,5,2,12:04:17
9,5,2,12:04:22
152,5,2,12:04:58
239,5,2,12:05:02
63,5,2,12:05:17
418,5,2,12:05:35
299,5,2,12:05:38
362,5,2,12:06:13
177,5,2,12:06:53
216,5,2,12:07:05
364,5,2,12:07:18
86,5,2,12:07:48
393,5,2,12:07:56
263,5,2,12:08:30
149,5,2,12:08:49
394,5,2,12:10:09
208,5,2,12:10:39
460,5,2,12:10:41
190,5,2,12:11:15
370,5,2,12:11:41
24,5,2,12:11:58
463,5,2,12:12:12
137,5,2,12:12:13
403,5,2,12:12:14
201,5,2,12:12:33
331,5,2,12:12:43
342,5,2,12:13:26
451,5,2,12:14:05
192,5,2,12:14:11
170,5,2,12:15:15
230,5,2,12:15:17
360,5,2,12:15:18
450,5,2,12:15:26
217,5,2,12:15:26
432,5,2,12:15:30
345,5,2,12:15:35
73,5,2,12:15:39
254,5,2,12:15:40
8,5,2,12:15:43
173,5,2,12:15:46
193,5,2,12:15:47
363,5,2,12:15:49
351,5,2,12:16:04
109,5,2,12:16:07
355,5,2,12:16:08
292,5,2,12:16:16
38,5,2,12:16:22
286,5,2,12:16:29
172,5,2,12:16:41
119,5,2,12:16:49
438,5,2,12:17:21
51,5,2,12:17:42
210,5,2,12:17:46
141,5,2,12:17:52
381,5,2,12:17:59
82,5,2,12:18:01
337,5,2,12:18:27
42,5,2,12:18:58
17,5,2,12:18:58
89,5,2,12:18:59
354,5,2,12:19:01
39,5,2,12:19:11
74,5,2,12:19:21
140,5,2,12:19:23
282,5,2,12:19:35
278,5,2,12:19:54
368,5,2,12:19:57
247,5,2,12:20:05
158,5,2,12:20:23
356,5,2,12:20:27
92,5,2,12:20:36
179,5,2,12:20:58
312,5,2,12:21:10
402,5,2,12:21:12
156,5,2,12:21:23
213,5,2,12:22:26
164,5,2,12:22:35
91,5,2,12:22:36
76,5,2,12:22:47
214,5,2,12:23:15
22,5,2,12:23:40
258,5,2,12:24:15
16,5,2,12:24:21
388,5,2,12:24:27
313,5,2,12:24:28
186,5,2,12:24:51
87,5,2,12:25:06
311,5,2,12:25:28
245,5,2,12:26:23
261,5,2,12:26:43
410,5,2,12:31:17
316,5,2,12:31:50
276,5,2,12:32:04
28,5,2,12:32:05
449,5,2,12:32:26
274,5,2,12:32:37
191,5,2,12:32:51
391,5,2,12:34:13
161,5,2,12:35:06
129,5,2,12:38:05
437,5,2,12:40:22
17,5,2,12:40:29
338,5,2,12:41:45
227,5,2,12:42:07
75,5,2,12:42:28
175,5,2,12:45:59
234,5,2,12:46:08
430,5,2,12:46:17
101,5,2,12:46:19
344,5,2,12:47:21
262,5,2,12:48:03
414,5,2,12:48:20
49,5,2,12:48:25
350,5,2,12:49:51
100,5,2,12:49:53
324,5,2,12:51:13
130,5,2,12:52:52
253,5,2,12:53:36
74,5,2,12:54:17
424,5,2,12:55:26
319,5,2,12:56:54
400,5,2,12:56:59
266,5,2,12:57:14
314,5,2,12:57:28
404,5,2,12:57:31
303,5,2,12:57:45
171,5,2,12:57:46
372,5,2,12:57:55
163,5,2,12:57:59
35,5,2,12:58:00
214,5,2,12:58:02
260,5,2,12:58:02
352,5,2,12:58:08
405,5,2,12:58:21
90,5,2,12:58:25
232,5,2,12:58:31
323,5,2,12:58:33
203,5,2,12:58:36
369,5,2,12:58:48
399,5,2,12:59:04
335,5,2,12:59:22
277,5,2,12:59:27
288,5,2,12:59:45
411,5,2,13:00:13
69,5,2,13:00:16
265,5,2,13:00:19
392,5,2,13:00:27
186,5,2,13:00:50
150,5,2,13:00:51
279,5,2,13:00:56
119,5,2,13:01:00
96,5,2,13:01:01
195,5,2,13:01:07
460,5,2,13:01:26
222,5,2,13:01:38
129,5,2,13:02:03
48,5,2,13:02:05
113,5,2,13:02:10
241,5,2,13:02:24
221,5,2,13:03:39
234,5,2,13:03:51
15,5,2,13:04:01
181,5,2,13:04:19
216,5,2,13:04:56
154,5,2,13:05:02
455,5,2,13:05:04
65,5,2,13:05:21
458,5,2,13:06:15
63,5,2,13:06:20
168,5,2,13:07:10
394,5,2,13:07:29
386,5,2,13:07:35
310,5,2,13:08:10
298,5,2,13:08:45
298,5,2,13:08:45
325,5,2,13:09:23
300,5,2,13:09:35
419,5,2,13:09:38
273,5,2,13:09:53
229,5,2,13:10:08
237,5,2,13:10:54
236,5,2,13:11:23
383,5,2,13:11:55
445,5,2,13:12:09
27,5,2,13:13:25
40,5,2,13:14:22
288,5,2,13:14:44
342,5,2,13:14:46
30,5,2,13:15:00
245,5,2,13:16:26
110,5,2,13:16:49
309,5,2,13:17:01
313,5,2,13:17:08
130,5,2,13:17:20
459,5,2,13:17:28
25,5,2,13:17:29
402,5,2,13:17:36
198,5,2,13:18:40
351,5,2,13:19:32
308,5,2,13:20:09
38,5,2,13:20:19
106,5,2,13:20:25
457,5,2,13:20:34
307,5,2,13:21:00
184,5,2,13:21:22
393,5,2,13:21:41
308,5,2,13:21:43
2,5,2,13:22:04
136,5,2,13:22:14
275,5,2,13:22:26
380,5,2,13:23:25
78,5,2,13:23:27
392,5,2,13:23:33
123,5,2,13:24:08
137,5,2,13:25:07
347,5,2,13:25:51
126,5,2,13:26:04
205,5,2,13:26:16
115,5,2,13:26:39
443,5,2,13:27:03
443,5,2,13:27:06
206,5,2,13:27:29
44,5,2,13:27:33
465,5,2,13:28:37
305,5,2,13:28:39
396,5,2,13:29:04
56,5,2,13:29:15
20,5,2,13:29:43
307,5,2,13:29:49
128,5,2,13:29:59
304,5,2,13:30:02
411,5,2,13:30:21
327,5,2,13:31:10
396,5,2,13:31:39
5,5,2,13:31:43
142,5,2,13:31:47
83,5,2,13:31:55
427,5,2,13:32:42
212,5,2,13:32:57
158,5,2,13:34:01
228,5,2,13:34:54
250,5,2,13:36:19
334,5,2,13:36:24
384,5,2,13:39:40
251,5,2,13:39:58
18,5,2,13:41:39
338,5,2,13:41:51
335,5,2,13:41:59
146,5,2,13:42:14
52,5,2,13:42:56
208,5,2,13:45:43
350,5,2,13:46:53
357,5,2,13:48:31
12,5,2,13:49:08
435,5,2,13:50:21
201,5,2,13:50:43
198,5,2,13:53:39
8,5,2,13:53:55
288,5,2,13:55:21
155,5,2,13:57:24
155,5,2,13:57:25
382,5,2,13:58:33
361,5,2,13:59:20
16,5,2,14:00:54
15,5,2,14:01:03
132,5,2,14:01:12
456,5,2,14:02:23
159,5,2,14:03:49
107,5,2,14:04:20
207,5,2,14:07:19
208,5,2,14:08:30
363,5,2,14:08:49
98,5,2,14:09:52
270,5,2,14:10:14
335,5,2,14:10:15
446,5,2,14:10:28
454,5,2,14:10:30
466,5,2,14:10:33
337,5,2,14:12:16
400,5,2,14:13:07
47,5,2,14:13:36
433,5,2,14:13:54
64,5,2,14:13:58
169,5,2,14:14:26
115,5,2,14:15:44
123,5,2,14:16:12
88,5,2,14:16:50
25,5,2,14:17:43
149,5,2,14:19:00
125,5,2,14:19:25
186,5,2,14:20:02
79,5,2,14:21:52
344,5,2,14:22:51
138,5,2,14:23:11
171,5,2,14:24:03
233,5,2,14:29:11
44,5,2,14:29:41
421,5,2,14:29:43
29,5,2,14:30:40
218,5,2,14:34:11
110,5,2,14:34:39
161,5,2,14:36:12
322,5,2,14:37:10
234,5,2,14:38:26
250,5,2,14:38:49
391,5,2,14:39:00
406,5,2,14:39:01
257,5,2,14:41:09
193,5,2,14:41:18
412,5,2,14:41:40
161,5,2,14:42:03
284,5,2,14:46:43
201,5,2,14:47:08
330,5,2,14:48:56
382,5,2,14:49:32
376,5,2,14:49:52
282,5,2,14:50:17
68,5,2,14:51:39
32,5,2,14:52:03
180,5,2,14:53:05
25,5,2,14:54:25
31,5,2,14:55:08
25,5,2,14:55:12
341,5,2,14:57:30
365,5,2,14:57:40
160,5,2,14:58:50
315,5,2,14:59:27
239,5,2,15:00:01
251,5,2,15:01:39
219,5,2,15:02:44
77,5,2,15:03:08
202,5,2,15:03:10
124,5,2,15:03:20
231,5,2,15:03:56
338,5,2,15:04:38
423,5,2,15:05:10
137,5,2,15:05:54
263,5,2,15:06:35
295,5,2,15:06:52
432,5,2,15:06:56
307,5,2,15:09:13
279,5,2,15:11:14
46,5,2,15:12:07
349,5,2,15:12:20
447,5,2,15:12:27
342,5,2,15:12:45
441,5,2,15:13:26
277,5,2,15:15:07
190,5,2,15:15:20
374,5,2,15:15:33
345,5,2,15:16:36
426,5,2,15:17:02
253,5,2,15:17:02
59,5,2,15:19:31
93,5,2,15:19:49
123,5,2,15:19:57
389,5,2,15:20:01
208,5,2,15:20:11
316,5,2,15:20:26
430,5,2,15:21:58
252,5,2,15:22:26
280,5,2,15:23:11
237,5,2,15:23:15
243,5,2,15:23:17
111,5,2,15:23:18
80,5,2,15:23:23
422,5,2,15:23:24
283,5,2,15:23:27
276,5,2,15:23:31
63,5,2,15:23:32
358,5,2,15:23:32
171,5,2,15:23:36
225,5,2,15:23:38
25,5,2,15:23:40
324,5,2,15:23:40
184,5,2,15:23:40
166,5,2,15:23:43
18,5,2,15:23:46
363,5,2,15:23:46
189,5,2,15:23:48
60,5,2,15:23:58
25,5,2,15:24:01
299,5,2,15:24:07
392,5,2,15:24:14
97,5,2,15:24:14
399,5,2,15:24:15
186,5,2,15:24:16
458,5,2,15:24:24
278,5,2,15:24:24
293,5,2,15:24:26
329,5,2,15:24:26
360,5,2,15:24:27
85,5,2,15:24:28
217,5,2,15:24:34
121,5,2,15:24:42
373,5,2,15:24:42
306,5,2,15:24:50
198,5,2,15:24:54
439,5,2,15:25:03
17,5,2,15:25:06
77,5,2,15:25:09
195,5,2,15:25:10
240,5,2,15:25:12
62,5,2,15:25:13
427,5,2,15:25:14
158,5,2,15:25:16
126,5,2,15:25:17
1,5,2,15:25:21
323,5,2,15:25:22
174,5,2,15:25:30
210,5,2,15:25:33
395,5,2,15:25:37
271,5,2,15:25:40
440,5,2,15:25:56
302,5,2,15:26:03
445,5,2,15:26:04
416,5,2,15:26:07
411,5,2,15:26:14
52,5,2,15:26:23
357,5,2,15:26:25
173,5,2,15:26:29
120,5,2,15:26:57
38,5,2,15:27:23
207,5,2,15:27:24
72,5,2,15:27:36
375,5,2,15:27:37
153,5,2,15:27:45
75,5,2,15:28:22
114,5,2,15:28:38
20,5,2,15:28:49
428,5,2,15:29:00
201,5,2,15:29:46
459,5,2,15:29:47
420,5,2,15:29:55
335,5,2,15:30:00
337,5,2,15:30:18
242,5,2,15:30:18
312,5,2,15:31:04
281,5,2,15:31:08
50,5,2,15:31:11
442,5,2,15:31:48
204,5,2,15:31:53
343,5,2,15:31:56
381,5,2,15:32:01
177,5,2,15:32:24
410,5,2,15:32:54
238,5,2,15:33:06
164,5,2,15:33:10
434,5,2,15:33:24
30,5,2,15:33:31
78,5,2,15:33:32
400,5,2,15:33:39
310,5,2,15:33:52
336,5,2,15:34:08
162,5,2,15:34:14
51,5,2,15:34:17
205,5,2,15:34:37
168,5,2,15:34:40
104,5,2,15:35:01
215,5,2,15:35:11
127,5,2,15:35:16
362,5,2,15:35:39
418,5,2,15:35:45
186,5,2,15:35:48
224,5,2,15:36:01
314,5,2,15:36:05
157,5,2,15:36:05
95,5,2,15:36:35
327,5,2,15:37:03
148,5,2,15:37:17
272,5,2,15:37:42
176,5,2,15:37:57
391,5,2,15:37:59
351,5,2,15:38:02
17,5,2,15:38:15
143,5,2,15:38:20
274,5,2,15:38:52
21,5,2,15:39:03
38,5,2,15:39:05
105,5,2,15:39:17
11,5,2,15:39:18
268,5,2,15:39:54
34,5,2,15:40:59
59,5,2,15:41:01
94,5,2,15:41:01
66,5,2,15:41:05
119,5,2,15:41:07
34,5,2,15:41:20
313,5,2,15:41:25
100,5,2,15:41:30
460,5,2,15:41:55
356,5,2,15:42:00
287,5,2,15:42:07
369,5,2,15:42:08
81,5,2,15:42:08
70,5,2,15:42:09
307,5,2,15:42:20
413,5,2,15:42:29
10,5,2,15:42:38
96,5,2,15:43:15
168,5,2,15:43:34
423,5,2,15:43:42
310,5,2,15:46:08
452,5,2,15:46:21
318,5,2,15:46:28
216,5,2,15:46:31
165,5,2,15:46:59
24,5,2,15:47:10
214,5,2,15:47:27
409,5,2,15:47:48
139,5,2,15:48:03
63,5,2,15:48:23
155,5,2,15:48:38
42,5,2,15:49:05
265,5,2,15:49:42
348,5,2,15:49:56
68,5,2,15:50:29
150,5,2,15:52:06
30,5,2,15:52:27
455,5,2,15:52:35
58,5,2,15:52:49
289,5,2,15:53:11
133,5,2,15:53:25
226,5,2,15:53:46
394,5,2,15:53:52
55,5,2,15:54:01
142,5,2,15:54:34
378,5,2,15:54:59
49,5,2,15:55:28
404,5,2,15:55:42
229,5,2,15:56:22
387,5,2,15:56:50
13,5,2,15:57:16
54,5,2,15:57:48
448,5,2,15:59:25
28,5,2,15:59:31
414,5,2,16:00:26
316,5,2,16:01:58
236,5,2,16:02:05
380,5,2,16:02:19
134,5,2,16:03:53
456,5,2,16:04:08
167,5,2,16:04:24
383,5,2,16:04:53
398,5,2,16:06:37
199,5,2,16:06:40
156,5,2,16:07:49
116,5,2,16:09:10
451,5,2,16:09:14
16,5,2,16:09:14
120,5,2,16:09:37
300,5,2,16:09:43
355,5,2,16:10:22
169,5,2,16:10:29
255,5,2,16:10:37
23,5,2,16:10:46
286,5,2,16:11:08
319,5,2,16:11:10
327,5,2,16:11:15
130,5,2,16:11:24
381,5,2,16:11:47
123,5,2,16:11:55
435,5,2,16:12:46
102,5,2,16:12:53
188,5,2,16:13:06
61,5,2,16:13:18
110,5,2,16:13:23
312,5,2,16:13:25
47,5,2,16:13:27
259,5,2,16:13:34
438,5,2,16:13:36
238,5,2,16:13:41
246,5,2,16:13:49
45,5,2,16:14:21
43,5,2,16:14:26
461,5,2,16:15:00
296,5,2,16:15:08
184,5,2,16:15:11
323,5,2,16:15:30
322,5,2,16:15:30
115,5,2,16:15:32
190,5,2,16:15:33
41,5,2,16:15:41
86,5,2,16:15:46
44,5,2,16:15:51
40,5,2,16:15:53
307,5,2,16:15:59
251,5,2,16:16:10
265,5,2,16:16:14
47,5,2,16:16:17
267,5,2,16:16:23
302,5,2,16:16:25
121,5,2,16:16:25
201,5,2,16:16:29
292,5,2,16:16:29
196,5,2,16:16:29
324,5,2,16:16:49
78,5,2,16:16:53
113,5,2,16:16:56
406,5,2,16:17:27
297,5,2,16:17:29
383,5,2,16:17:32
60,5,2,16:17:32
190,5,2,16:17:34
255,5,2,16:17:44
408,5,2,16:17:46
84,5,2,16:17:50
237,5,2,16:17:51
454,5,2,16:18:01
327,5,2,16:18:06
278,5,2,16:18:06
273,5,2,16:18:08
221,5,2,16:18:13
225,5,2,16:18:16
33,5,2,16:18:19
42,5,2,16:18:30
164,5,2,16:18:40
444,5,2,16:18:44
205,5,2,16:19:03
110,5,2,16:19:08
121,5,2,16:19:09
21,5,2,16:19:14
436,5,2,16:19:28
63,5,2,16:19:42
242,5,2,16:19:57
319,5,2,16:20:08
360,5,2,16:20:08
184,5,2,16:20:16
25,5,2,16:21:00
458,5,2,16:21:01
280,5,2,16:21:17
411,5,2,16:21:21
81,5,2,16:21:24
147,5,2,16:21:28
118,5,2,16:21:42
76,5,2,16:22:05
203,5,2,16:22:20
382,5,2,16:22:32
451,5,2,16:22:43
74,5,2,16:22:48
344,5,2,16:22:56
70,5,2,16:23:03
380,5,2,16:23:09
16,5,2,16:23:12
247,5,2,16:23:13
380,5,2,16:23:22
135,5,2,16:23:49
112,5,2,16:24:09
341,5,2,16:24:12
120,5,2,16:24:18
59,5,2,16:24:18
219,5,2,16:24:18
36,5,2,16:25:00
380,5,2,16:25:18
67,5,2,16:25:26
179,5,2,16:25:52
101,5,2,16:26:03
308,5,2,16:26:05
155,5,2,16:26:18
303,5,2,16:26:32
228,5,2,16:26:32
239,5,2,16:26:49
72,5,2,16:27:00
21,5,2,16:27:39
219,5,2,16:27:56
300,5,2,16:28:00
406,5,2,16:28:19
6,5,2,16:28:22
391,5,2,16:28:40
363,5,2,16:28:43
42,5,2,16:28:45
412,5,2,16:29:05
214,5,2,16:29:26
464,5,2,16:29:35
385,5,2,16:29:36
163,5,2,16:30:11
251,5,2,16:30:14
202,5,2,16:30:24
375,5,2,16:30:33
265,5,2,16:30:58
379,5,2,16:31:11
205,5,2,16:31:32
269,5,2,16:31:39
45,5,2,16:31:45
273,5,2,16:31:49
384,5,2,16:31:50
219,5,2,16:31:57
25,5,2,16:32:31
238,5,2,16:32:43
91,5,2,16:32:52
408,5,2,16:32:59
188,5,2,16:33:12
4,5,2,16:33:13
451,5,2,16:33:31
101,5,2,16:33:35
39,5,2,16:33:36
106,5,2,16:33:44
8,5,2,16:33:51
373,5,2,16:33:57
455,5,2,16:34:38
121,5,2,16:34:45
105,5,2,16:35:01
352,5,2,16:35:05
382,5,2,16:35:09
444,5,2,16:35:10
59,5,2,16:35:30
103,5,2,16:35:42
120,5,2,16:35:53
241,5,2,16:35:56
42,5,2,16:36:42
434,5,2,16:36:51
456,5,2,16:36:57
306,5,2,16:37:00
251,5,2,16:37:14
303,5,2,16:37:18
173,5,2,16:37:52
198,5,2,16:37:56
99,5,2,16:38:09
320,5,2,16:38:15
123,5,2,16:38:33
122,5,2,16:38:40
122,5,2,16:38:40
113,5,2,16:38:41
267,5,2,16:38:57
392,5,2,16:39:20
112,5,2,16:39:24
344,5,2,16:39:31
287,5,2,16:39:32
268,5,2,16:40:16
216,5,2,16:41:19
290,5,2,16:41:22
260,5,2,16:41:22
350,5,2,16:41:23
376,5,2,16:41:27
366,5,2,16:41:28
357,5,2,16:42:04
411,5,2,16:42:23
412,5,2,16:42:37
338,5,2,16:43:37
437,5,2,16:43:44
92,5,2,16:43:44
280,5,2,16:44:00
354,5,2,16:44:29
237,5,2,16:44:30
30,5,2,16:45:22
358,5,2,16:45:57
63,5,2,16:46:08
244,5,2,16:46:10
1,5,2,16:46:53
183,5,2,16:47:38
187,5,2,16:48:11
187,5,2,16:48:11
44,5,2,16:48:12
465,5,2,16:48:24
467,5,2,16:48:28
303,5,2,16:49:58
331,5,2,16:49:59
194,5,2,16:51:14
160,5,2,16:51:22
108,5,2,16:51:25
185,5,2,16:51:43
405,5,2,16:51:43
7,5,2,16:51:59
222,5,2,16:52:03
201,5,2,16:52:11
214,5,2,16:52:47
435,5,2,16:52:48
12,5,2,16:52:49
115,5,2,16:52:50
226,5,2,16:52:55
78,5,2,16:53:15
14,5,2,16:53:21
320,5,2,16:53:24
369,5,2,16:53:36
432,5,2,16:53:47
36,5,2,16:53:48
216,5,2,16:54:12
209,5,2,16:54:14
285,5,2,16:54:14
247,5,2,16:54:26
410,5,2,16:54:27
377,5,2,16:54:42
5,5,2,16:54:51
83,5,2,16:55:38
118,5,2,16:55:53
63,5,2,16:55:53
190,5,2,16:56:01
409,5,2,16:56:01
110,5,2,16:56:39
273,5,2,16:56:58
202,5,2,16:57:01
81,5,2,16:58:14
63,5,2,16:59:04
37,5,2,16:59:08
124,5,2,16:59:14
336,5,2,16:59:25
333,5,2,16:59:28
168,5,2,16:59:39
175,5,2,16:59:42
385,5,2,17:00:12
465,5,2,17:00:36
183,5,2,17:00:51
271,5,2,17:01:50
186,5,2,17:02:24
403,5,2,17:02:31
56,5,2,17:03:11
63,5,2,17:03:27
259,5,2,17:03:27
32,5,2,17:04:35
179,5,2,17:04:48
219,5,2,17:04:50
254,5,2,17:04:55
304,5,2,17:05:13
342,5,2,17:06:18
332,5,2,17:06:33
164,5,2,17:08:30
174,5,2,17:09:23
402,5,2,17:09:25
161,5,2,17:09:28
89,5,2,17:09:33
133,5,2,17:10:34
191,5,2,17:11:25
25,5,2,17:12:36
52,5,2,17:12:59
265,5,2,17:13:18
160,5,2,17:13:30
372,5,2,17:13:41
190,5,2,17:14:11
328,5,2,17:14:33
198,5,2,17:14:40
350,5,2,17:15:05
47,5,2,17:16:21
206,5,2,17:16:31
266,5,2,17:17:05
423,5,2,17:17:44
217,5,2,17:18:54
88,5,2,17:19:57
219,5,2,17:20:17
430,5,2,17:20:26
398,5,2,17:20:56
278,5,2,17:20:58
318,5,2,17:21:10
151,5,2,17:21:12
63,5,2,17:21:12
380,5,2,17:21:13
177,5,2,17:21:15
338,5,2,17:21:23
220,5,2,17:21:25
50,5,2,17:21:36
64,5,2,17:21:40
255,5,2,17:21:47
166,5,2,17:21:48
293,5,2,17:21:48
36,5,2,17:21:49
179,5,2,17:21:58
115,5,2,17:22:07
310,5,2,17:22:26
85,5,2,17:22:39
170,5,2,17:22:51
193,5,2,17:22:57
172,5,2,17:22:58
362,5,2,17:23:02
263,5,2,17:23:08
268,5,2,17:23:43
86,5,2,17:24:27
340,5,2,17:24:48
439,5,2,17:24:58
208,5,2,17:25:23
83,5,2,17:25:31
309,5,2,17:26:03
368,5,2,17:26:13
34,5,2,17:26:31
374,5,2,17:26:33
388,5,2,17:26:41
433,5,2,17:26:58
201,5,2,17:27:10
410,5,2,17:27:19
35,5,2,17:27:41
27,5,2,17:27:51
466,5,2,17:28:08
48,5,2,17:29:30
205,5,2,17:29:33
48,5,2,17:29:47
261,5,2,17:30:46
73,5,2,17:33:50
383,5,2,17:34:09
91,5,2,17:35:54
50,5,2,17:36:28
249,5,2,17:36:35
389,5,2,17:36:55
154,5,2,17:37:20
229,5,2,17:37:35
306,5,2,17:37:36
298,5,2,17:38:19
363,5,2,17:38:54
427,5,2,17:39:41
417,5,2,17:40:44
340,5,2,17:41:18
176,5,2,17:41:31
132,5,2,17:41:44
237,5,2,17:42:02
167,5,2,17:42:58
126,5,2,17:43:02
50,5,2,17:43:25
12,5,2,17:43:55
410,5,2,17:44:20
143,5,2,17:45:10
77,5,2,17:45:21
392,5,2,17:45:34
59,5,2,17:47:15
334,5,2,17:47:52
215,5,2,17:48:01
123,5,2,17:48:10
207,5,2,17:48:14
182,5,2,17:48:19
180,5,2,17:49:14
245,5,2,17:49:57
9,5,2,17:50:05
175,5,2,17:50:11
411,5,2,17:50:19
100,5,2,17:50:26
315,5,2,17:50:30
165,5,2,17:51:09
323,5,2,17:51:11
80,5,2,17:51:44
19,5,2,17:52:26
275,5,2,17:52:56
69,5,2,17:53:26
142,5,2,17:53:44
345,5,2,17:53:58
424,5,2,17:54:42
227,5,2,17:54:45
425,5,2,17:55:34
23,5,2,17:55:41
316,5,2,17:55:58
449,5,2,17:57:09
357,5,2,17:57:42
220,5,2,17:59:27
262,5,2,18:00:07
293,5,2,18:01:14
335,5,2,18:01:17
108,5,2,18:01:20
166,5,2,18:01:48
401,5,2,18:02:26
16,5,2,18:02:35
344,5,2,18:02:50
236,5,2,18:03:25
251,5,2,18:06:04
134,5,2,18:06:21
359,5,2,18:07:37
1,5,2,18:08:11
410,5,2,18:08:30
375,5,2,18:09:00
312,5,2,18:09:32
96,5,2,18:12:46
458,5,2,18:13:40
326,5,2,18:13:41
255,5,2,18:16:12
98,5,2,18:16:42
74,5,2,18:18:15
18,5,2,18:18:29
174,5,2,18:18:41
229,5,2,18:21:38
183,5,2,18:25:40
63,5,2,18:26:38
330,5,2,18:28:15
52,5,2,18:29:56
65,5,2,18:37:08
196,5,2,18:37:24
393,5,2,18:37:37
268,5,2,18:38:16
280,5,2,18:38:51
285,5,2,18:40:18
192,5,2,18:41:45
299,5,2,18:42:47
229,5,2,18:42:48
17,5,2,18:42:48
457,5,2,18:44:14
72,5,2,18:45:12
462,5,2,18:49:37
235,5,2,18:49:57
459,5,2,18:52:35
147,5,2,18:54:36
419,5,2,18:54:45
220,5,2,18:54:54
220,5,2,18:55:23
103,5,2,18:58:20
220,5,2,18:59:40
220,5,2,19:00:05
220,5,2,19:00:52
24,5,2,19:01:05
220,5,2,19:01:22
361,5,2,19:03:52
189,5,2,19:03:59
278,5,2,19:05:10
220,5,2,19:05:23
220,5,2,19:05:43
220,5,2,19:06:17
317,5,2,19:06:34
284,5,2,19:06:54
68,5,2,19:07:42
220,5,2,19:07:42
229,5,2,19:09:16
264,5,2,19:10:26
373,5,2,19:10:28
63,5,2,19:10:48
328,5,2,19:11:26
220,5,2,19:11:47
220,5,2,19:12:02
157,5,2,19:12:08
171,5,2,19:12:16
220,5,2,19:12:35
105,5,2,19:17:32
110,5,2,19:18:33
316,5,2,19:19:54
107,5,2,19:20:28
35,5,2,19:21:52
150,5,2,19:22:09
375,5,2,19:22:29
383,5,2,19:22:35
200,5,2,19:22:56
441,5,2,19:23:02
446,5,2,19:23:09
454,5,2,19:23:21
358,5,2,19:23:36
192,5,2,19:23:41
406,5,2,19:24:40
294,5,2,19:25:38
233,5,2,19:26:16
415,5,2,19:28:20
160,5,2,19:28:24
283,5,2,19:28:35
270,5,2,19:31:54
238,5,2,19:32:59
426,5,2,19:33:30
388,5,2,19:33:36
227,5,2,19:35:38
407,5,2,19:36:01
122,5,2,19:37:27
122,5,2,19:37:27
421,5,2,19:38:37
314,5,2,19:39:25
217,5,2,19:40:32
52,5,2,19:40:50
59,5,2,19:40:53
52,5,2,19:41:08
463,5,2,19:42:30
100,5,2,19:44:43
386,5,2,19:47:44
27,5,2,19:49:40
364,5,2,19:49:43
447,5,2,19:51:27
460,5,2,19:51:36
154,5,2,19:55:22
187,5,2,19:55:29
187,5,2,19:55:29
450,5,2,19:55:29
93,5,2,19:57:27
397,5,2,19:57:28
35,5,2,19:58:33
143,5,2,20:01:04
382,5,2,20:01:14
104,5,2,20:03:07
316,5,2,20:03:16
58,5,2,20:03:23
220,5,2,20:03:58
25,5,2,20:04:47
118,5,2,20:05:39
134,5,2,20:07:28
279,5,2,20:09:51
355,5,2,20:09:55
255,5,2,20:11:29
127,5,2,20:11:43
391,5,2,20:12:10
353,5,2,20:14:02
228,5,2,20:15:15
337,5,2,20:15:41
195,5,2,20:16:19
170,5,2,20:16:20
303,5,2,20:19:25
108,5,2,20:19:27
286,5,2,20:19:34
163,5,2,20:21:44
461,5,2,20:23:42
103,5,2,20:24:50
90,5,2,20:27:13
175,5,2,20:27:33
423,5,2,20:27:41
198,5,2,20:30:17
160,5,2,20:30:28
376,5,2,20:30:36
159,5,2,20:33:38
209,5,2,20:34:02
344,5,2,20:35:04
115,5,2,20:36:41
220,5,2,20:40:51
395,5,2,20:40:55
434,5,2,20:41:16
288,5,2,20:46:24
215,5,2,20:48:10
292,5,2,20:49:09
71,5,2,20:50:25
345,5,2,20:51:21
45,5,2,20:52:34
455,5,2,20:58:55
249,5,2,21:00:40
417,5,2,21:00:40
217,5,2,21:00:40
50,5,2,21:02:46
430,5,2,21:03:22
31,5,2,21:04:48
317,5,2,21:05:40
78,5,2,21:06:29
182,5,2,21:06:40
57,5,2,21:08:37
46,5,2,21:11:21
47,5,2,21:11:24
88,5,2,21:11:24
263,5,2,21:14:10
23,5,2,21:14:53
110,5,2,21:15:33
292,5,2,21:17:03
379,5,2,21:22:51
236,5,2,21:23:44
410,5,2,21:26:56
339,5,2,21:27:22
351,5,2,21:30:32
114,5,2,21:30:46
444,5,2,21:31:03
4,5,2,21:31:20
270,5,2,21:33:50
44,5,2,21:33:58
32,5,2,21:36:25
77,5,2,21:37:16
446,5,2,21:37:41
208,5,2,21:39:15
220,5,2,21:40:23
59,5,2,21:40:37
344,5,2,21:40:45
167,5,2,21:40:48
280,5,2,21:40:51
446,5,2,21:45:22
320,5,2,21:47:03
227,5,2,21:47:13
127,5,2,21:47:47
113,5,2,21:48:31
203,5,2,21:48:38
440,5,2,21:48:45
92,5,2,21:49:15
280,5,2,21:50:44
406,5,2,21:52:56
229,5,2,21:53:48
206,5,2,21:56:15
206,5,2,21:56:18
392,5,2,21:57:01
172,5,2,21:58:15
111,5,2,21:59:08
282,5,2,22:00:18
112,5,2,22:00:45
335,5,2,22:01:09
193,5,2,22:01:35
452,5,2,22:03:25
218,5,2,22:05:55
332,5,2,22:09:33
341,5,2,22:11:35
449,5,2,22:15:49
309,5,2,22:15:51
238,5,2,22:16:45
7,5,2,22:18:22
91,5,2,22:19:46
379,5,2,22:20:14
330,5,2,22:22:47
156,5,2,22:24:03
55,5,2,22:24:28
397,5,2,22:25:35
376,5,2,22:27:07
263,5,2,22:27:11
345,5,2,22:28:18
462,5,2,22:29:44
138,5,2,22:30:23
227,5,2,22:31:40
51,5,2,22:37:29
441,5,2,22:39:17
289,5,2,22:40:05
354,5,2,22:40:45
14,5,2,22:40:52
252,5,2,22:41:06
362,5,2,22:41:18
39,5,2,22:42:46
359,5,2,22:44:12
268,5,2,22:44:43
115,5,2,22:44:57
18,5,2,22:45:10
189,5,2,22:47:34
222,5,2,22:48:32
345,5,2,22:52:44
124,5,2,22:55:00
53,5,2,22:56:15
116,5,2,22:56:20
336,5,2,22:57:24
89,5,2,22:58:07
36,5,2,22:58:27
407,5,2,22:59:53
278,5,2,22:59:55
181,5,2,23:00:40
142,5,2,23:00:57
322,5,2,23:01:47
411,5,2,23:01:54
326,5,2,23:01:56
261,5,2,23:02:12
50,5,2,23:03:08
238,5,2,23:03:24
318,5,2,23:03:55
150,5,2,23:05:50
184,5,2,23:07:51
349,5,2,23:10:16
21,5,2,23:16:05
213,5,2,23:16:35
49,5,2,23:16:37
46,5,2,23:16:37
71,5,2,23:17:17
389,5,2,23:17:38
103,5,2,23:17:43
191,5,2,23:18:58
201,5,2,23:19:05
325,5,2,23:20:02
329,5,2,23:20:32
323,5,2,23:20:58
465,5,2,23:22:48
161,5,2,23:22:59
141,5,2,23:23:12
166,5,2,23:24:24
146,5,2,23:26:22
84,5,2,23:26:43
266,5,2,23:27:32
404,5,2,23:29:10
99,5,2,23:29:42
194,5,2,23:29:54
120,5,2,23:31:01
255,5,2,23:31:37
185,5,2,23:32:18
10,5,2,23:33:31
288,5,2,23:34:50
152,5,2,23:35:13
467,5,2,23:35:31
227,5,2,23:35:51
9,5,2,23:36:42
107,5,2,23:37:16
301,5,2,23:37:17
357,5,2,23:37:41
408,5,2,23:38:15
44,5,2,23:38:26
57,5,2,23:39:11
461,5,2,23:39:16
423,5,2,23:39:40
293,5,2,23:40:03
385,5,2,23:40:36
220,5,2,23:40:50
61,5,2,23:41:22
175,5,2,23:43:11
168,5,2,23:43:30
321,5,2,23:43:52
220,5,2,23:45:35
371,5,2,23:46:32
240,5,2,23:48:00
220,5,2,23:48:08
220,5,2,23:49:19
220,5,2,23:50:23
1,5,2,23:50:34
220,5,2,23:50:37
348,5,2,23:51:01
220,5,2,23:52:48
406,5,2,23:53:50
351,5,2,23:54:03
245,5,2,23:55:09
220,5,2,23:55:42
220,5,2,23:55:49
428,5,2,23:56:07
112,5,2,23:57:15
164,5,2,23:57:43
263,5,2,23:57:43
15,5,2,23:58:25
115,5,2,23:58:54
418,5,2,23:59:03
171,5,2,23:59:14
220,5,2,23:59:48
220,6,3,00:00:17
28,6,3,00:00:38
360,6,3,00:00:48
371,6,3,00:00:49
243,6,3,00:01:04
294,6,3,00:01:09
174,6,3,00:01:17
174,6,3,00:01:17
220,6,3,00:01:23
290,6,3,00:01:30
436,6,3,00:01:35
406,6,3,00:02:00
4,6,3,00:02:04
459,6,3,00:02:14
394,6,3,00:02:17
287,6,3,00:02:28
230,6,3,00:02:34
399,6,3,00:02:51
440,6,3,00:02:58
300,6,3,00:02:58
1,6,3,00:03:16
220,6,3,00:03:20
101,6,3,00:03:20
8,6,3,00:03:21
96,6,3,00:03:50
220,6,3,00:03:55
241,6,3,00:04:08
299,6,3,00:04:11
10,6,3,00:04:17
211,6,3,00:04:47
56,6,3,00:04:56
47,6,3,00:04:56
220,6,3,00:05:12
108,6,3,00:05:12
306,6,3,00:05:24
184,6,3,00:05:24
181,6,3,00:05:31
321,6,3,00:05:35
220,6,3,00:05:42
306,6,3,00:05:56
181,6,3,00:06:03
266,6,3,00:06:18
67,6,3,00:06:19
52,6,3,00:06:20
314,6,3,00:06:20
368,6,3,00:06:21
209,6,3,00:06:22
264,6,3,00:06:22
18,6,3,00:06:24
375,6,3,00:06:26
14,6,3,00:06:26
220,6,3,00:06:28
175,6,3,00:06:30
248,6,3,00:06:34
204,6,3,00:06:38
312,6,3,00:06:40
308,6,3,00:06:40
137,6,3,00:06:40
132,6,3,00:06:51
318,6,3,00:06:53
129,6,3,00:06:58
66,6,3,00:07:00
68,6,3,00:07:01
456,6,3,00:07:08
15,6,3,00:07:13
90,6,3,00:07:13
379,6,3,00:07:14
222,6,3,00:07:19
116,6,3,00:07:30
52,6,3,00:07:35
188,6,3,00:07:37
118,6,3,00:07:39
321,6,3,00:07:40
77,6,3,00:07:41
157,6,3,00:07:41
21,6,3,00:07:43
108,6,3,00:07:49
44,6,3,00:07:53
398,6,3,00:07:56
171,6,3,00:07:58
184,6,3,00:08:00
185,6,3,00:08:04
26,6,3,00:08:05
273,6,3,00:08:07
409,6,3,00:08:09
33,6,3,00:08:12
147,6,3,00:08:15
220,6,3,00:08:28
123,6,3,00:08:28
50,6,3,00:08:47
427,6,3,00:08:50
415,6,3,00:08:52
176,6,3,00:09:21
49,6,3,00:09:23
232,6,3,00:09:32
154,6,3,00:09:52
201,6,3,00:09:56
3,6,3,00:09:59
250,6,3,00:10:10
47,6,3,00:10:10
122,6,3,00:10:19
303,6,3,00:10:21
429,6,3,00:10:22
308,6,3,00:10:33
182,6,3,00:10:39
346,6,3,00:10:52
245,6,3,00:10:53
271,6,3,00:10:59
243,6,3,00:11:09
395,6,3,00:11:12
143,6,3,00:11:22
427,6,3,00:11:24
127,6,3,00:11:54
98,6,3,00:11:55
413,6,3,00:12:09
451,6,3,00:12:31
238,6,3,00:12:34
59,6,3,00:12:37
7,6,3,00:12:42
75,6,3,00:12:44
225,6,3,00:12:45
254,6,3,00:12:47
237,6,3,00:12:59
163,6,3,00:13:12
81,6,3,00:13:13
263,6,3,00:13:15
412,6,3,00:13:23
289,6,3,00:13:46
326,6,3,00:13:52
277,6,3,00:13:57
168,6,3,00:13:57
45,6,3,00:13:58
404,6,3,00:14:02
396,6,3,00:14:13
265,6,3,00:14:19
387,6,3,00:14:29
289,6,3,00:14:30
145,6,3,00:14:36
244,6,3,00:14:44
459,6,3,00:14:46
247,6,3,00:14:50
279,6,3,00:15:57
352,6,3,00:16:05
160,6,3,00:16:06
445,6,3,00:16:31
302,6,3,00:16:34
109,6,3,00:16:44
434,6,3,00:16:48
99,6,3,00:16:55
72,6,3,00:16:58
391,6,3,00:17:04
390,6,3,00:17:05
334,6,3,00:17:14
347,6,3,00:17:17
260,6,3,00:17:18
458,6,3,00:17:21
114,6,3,00:17:34
226,6,3,00:17:59
317,6,3,00:18:22
120,6,3,00:18:28
327,6,3,00:18:44
349,6,3,00:19:47
249,6,3,00:20:45
9,6,3,00:21:22
421,6,3,00:21:23
242,6,3,00:21:25
354,6,3,00:22:06
3,6,3,00:22:39
202,6,3,00:22:43
319,6,3,00:23:04
51,6,3,00:23:09
378,6,3,00:23:16
267,6,3,00:23:54
128,6,3,00:24:13
304,6,3,00:24:39
311,6,3,00:25:30
335,6,3,00:26:52
180,6,3,00:27:17
170,6,3,00:27:17
291,6,3,00:27:36
438,6,3,00:27:42
62,6,3,00:27:52
216,6,3,00:28:07
408,6,3,00:28:07
34,6,3,00:28:32
251,6,3,00:28:36
34,6,3,00:29:03
34,6,3,00:29:13
34,6,3,00:29:21
34,6,3,00:29:29
282,6,3,00:29:32
34,6,3,00:29:37
34,6,3,00:30:11
34,6,3,00:30:21
457,6,3,00:30:26
34,6,3,00:30:45
149,6,3,00:30:46
410,6,3,00:30:48
42,6,3,00:30:54
430,6,3,00:31:40
296,6,3,00:32:13
432,6,3,00:33:07
80,6,3,00:33:16
464,6,3,00:33:25
208,6,3,00:35:07
207,6,3,00:36:35
344,6,3,00:37:13
202,6,3,00:37:25
13,6,3,00:39:08
97,6,3,00:39:34
187,6,3,00:39:41
187,6,3,00:39:41
380,6,3,00:40:27
361,6,3,00:40:30
281,6,3,00:41:52
414,6,3,00:42:45
148,6,3,00:43:42
102,6,3,00:44:07
224,6,3,00:44:46
417,6,3,00:45:09
203,6,3,00:45:18
373,6,3,00:46:27
268,6,3,00:46:51
335,6,3,00:47:17
450,6,3,00:47:28
36,6,3,00:48:10
390,6,3,00:50:10
366,6,3,00:50:59
397,6,3,00:52:32
93,6,3,00:53:18
82,6,3,00:53:49
115,6,3,00:54:04
357,6,3,00:54:57
323,6,3,00:55:34
40,6,3,00:55:58
150,6,3,00:55:59
345,6,3,00:57:03
177,6,3,00:57:49
112,6,3,00:58:42
340,6,3,00:58:54
192,6,3,00:59:38
220,6,3,01:00:43
64,6,3,01:01:11
165,6,3,01:01:36
131,6,3,01:01:42
455,6,3,01:02:17
70,6,3,01:02:49
256,6,3,01:03:26
352,6,3,01:03:29
271,6,3,01:05:18
271,6,3,01:05:18
179,6,3,01:05:34
351,6,3,01:06:44
58,6,3,01:07:15
364,6,3,01:12:34
91,6,3,01:13:31
69,6,3,01:16:45
369,6,3,01:19:34
278,6,3,01:20:01
11,6,3,01:21:54
217,6,3,01:23:30
113,6,3,01:23:33
197,6,3,01:25:27
340,6,3,01:26:32
162,6,3,01:30:55
195,6,3,01:31:09
388,6,3,01:34:33
31,6,3,01:36:31
144,6,3,01:38:19
195,6,3,02:03:02
320,6,3,02:18:29
13,6,3,02:31:07
47,6,3,02:56:49
238,6,3,03:00:23
263,6,3,03:15:37
218,6,3,03:35:27
220,6,3,03:42:30
417,6,3,03:56:06
315,6,3,04:20:40
278,6,3,04:27:58
95,6,3,04:45:13
196,6,3,05:12:05
234,6,3,05:38:16
418,6,3,06:05:32
435,6,3,06:16:34
125,6,3,06:21:19
305,6,3,06:21:35
119,6,3,06:22:39
150,6,3,06:23:48
139,6,3,06:25:05
82,6,3,06:26:11
392,6,3,06:31:03
359,6,3,06:31:13
425,6,3,06:32:41
299,6,3,06:33:53
399,6,3,06:36:39
185,6,3,06:37:17
401,6,3,06:37:58
135,6,3,06:39:22
424,6,3,06:39:24
100,6,3,06:40:17
358,6,3,06:41:10
285,6,3,06:41:51
110,6,3,06:43:46
186,6,3,06:44:05
12,6,3,06:44:33
14,6,3,06:48:08
133,6,3,06:48:17
126,6,3,06:48:30
331,6,3,06:49:55
73,6,3,06:51:02
359,6,3,06:51:55
30,6,3,06:52:25
361,6,3,06:52:29
332,6,3,06:52:40
442,6,3,06:52:58
237,6,3,06:52:59
222,6,3,06:53:30
167,6,3,06:53:42
14,6,3,06:54:37
322,6,3,06:56:18
175,6,3,06:57:07
217,6,3,06:57:22
286,6,3,06:57:46
394,6,3,06:57:54
136,6,3,06:58:31
274,6,3,06:58:32
337,6,3,07:00:06
350,6,3,07:00:27
150,6,3,07:03:09
221,6,3,07:03:25
86,6,3,07:03:26
416,6,3,07:03:34
115,6,3,07:03:55
244,6,3,07:06:30
438,6,3,07:07:02
420,6,3,07:08:49
229,6,3,07:10:43
247,6,3,07:11:20
362,6,3,07:12:39
363,6,3,07:12:50
351,6,3,07:12:51
289,6,3,07:14:25
207,6,3,07:14:38
326,6,3,07:14:50
269,6,3,07:14:55
260,6,3,07:15:33
145,6,3,07:15:47
225,6,3,07:16:47
307,6,3,07:17:39
203,6,3,07:17:45
183,6,3,07:18:28
277,6,3,07:18:59
132,6,3,07:19:03
228,6,3,07:19:09
256,6,3,07:19:35
345,6,3,07:19:39
457,6,3,07:20:02
65,6,3,07:20:04
174,6,3,07:20:35
434,6,3,07:20:58
295,6,3,07:21:07
1,6,3,07:21:30
46,6,3,07:21:48
336,6,3,07:22:00
301,6,3,07:22:26
44,6,3,07:22:46
141,6,3,07:23:27
425,6,3,07:23:28
13,6,3,07:23:35
106,6,3,07:24:11
368,6,3,07:25:04
351,6,3,07:25:25
443,6,3,07:26:10
461,6,3,07:26:56
146,6,3,07:27:13
252,6,3,07:27:53
334,6,3,07:28:17
350,6,3,07:28:20
119,6,3,07:28:32
56,6,3,07:29:42
20,6,3,07:30:07
181,6,3,07:30:23
344,6,3,07:30:28
108,6,3,07:30:45
428,6,3,07:30:45
388,6,3,07:31:01
275,6,3,07:31:33
328,6,3,07:32:33
322,6,3,07:32:47
124,6,3,07:33:44
58,6,3,07:34:09
161,6,3,07:34:45
130,6,3,07:35:19
27,6,3,07:36:05
426,6,3,07:36:06
318,6,3,07:36:10
385,6,3,07:36:52
3,6,3,07:37:02
315,6,3,07:37:13
415,6,3,07:37:19
206,6,3,07:41:05
239,6,3,07:41:10
355,6,3,07:41:22
32,6,3,07:41:43
262,6,3,07:42:07
156,6,3,07:42:42
268,6,3,07:44:25
348,6,3,07:44:34
367,6,3,07:44:49
119,6,3,07:45:15
70,6,3,07:47:01
200,6,3,07:47:07
290,6,3,07:47:23
188,6,3,07:47:24
60,6,3,07:47:49
228,6,3,07:48:58
218,6,3,07:49:20
257,6,3,07:49:40
35,6,3,07:49:58
387,6,3,07:50:23
231,6,3,07:50:54
96,6,3,07:50:55
30,6,3,07:52:05
155,6,3,07:52:10
356,6,3,07:53:29
396,6,3,07:53:55
1,6,3,07:54:04
272,6,3,07:54:48
229,6,3,07:54:49
253,6,3,07:55:47
117,6,3,07:56:14
388,6,3,07:56:20
317,6,3,07:56:56
451,6,3,07:56:56
57,6,3,07:57:00
85,6,3,07:57:01
99,6,3,07:57:15
338,6,3,07:57:26
83,6,3,07:57:27
118,6,3,08:00:23
90,6,3,08:00:44
157,6,3,08:00:47
100,6,3,08:01:07
261,6,3,08:01:21
389,6,3,08:02:20
138,6,3,08:02:37
160,6,3,08:02:57
463,6,3,08:03:04
37,6,3,08:04:53
111,6,3,08:06:19
6,6,3,08:06:23
321,6,3,08:07:34
320,6,3,08:08:14
43,6,3,08:08:22
29,6,3,08:08:43
287,6,3,08:08:54
198,6,3,08:09:37
128,6,3,08:11:11
165,6,3,08:11:24
466,6,3,08:11:40
202,6,3,08:11:56
454,6,3,08:12:09
15,6,3,08:12:15
9,6,3,08:12:32
354,6,3,08:12:58
204,6,3,08:14:04
190,6,3,08:14:29
433,6,3,08:14:31
263,6,3,08:16:28
70,6,3,08:17:18
151,6,3,08:17:19
98,6,3,08:17:41
101,6,3,08:17:53
134,6,3,08:18:31
105,6,3,08:18:49
419,6,3,08:19:06
372,6,3,08:20:15
313,6,3,08:21:29
240,6,3,08:22:03
92,6,3,08:22:10
447,6,3,08:22:20
311,6,3,08:23:21
10,6,3,08:24:03
374,6,3,08:25:04
270,6,3,08:25:32
467,6,3,08:28:27
258,6,3,08:29:46
63,6,3,08:29:50
189,6,3,08:30:06
405,6,3,08:30:57
25,6,3,08:31:09
458,6,3,08:31:48
3,6,3,08:32:12
397,6,3,08:32:19
358,6,3,08:34:26
121,6,3,08:34:41
292,6,3,08:35:01
66,6,3,08:35:33
325,6,3,08:35:42
97,6,3,08:35:49
114,6,3,08:35:57
205,6,3,08:37:00
67,6,3,08:37:42
140,6,3,08:37:47
107,6,3,08:39:06
158,6,3,08:40:23
408,6,3,08:40:30
233,6,3,08:40:48
131,6,3,08:41:28
406,6,3,08:42:12
391,6,3,08:42:37
314,6,3,08:42:40
276,6,3,08:42:43
146,6,3,08:43:22
234,6,3,08:43:25
393,6,3,08:43:43
282,6,3,08:43:47
370,6,3,08:44:03
338,6,3,08:46:43
452,6,3,08:47:02
119,6,3,08:47:19
342,6,3,08:47:27
76,6,3,08:48:43
254,6,3,08:48:52
54,6,3,08:49:04
456,6,3,08:49:06
440,6,3,08:49:07
235,6,3,08:51:58
377,6,3,08:52:18
26,6,3,08:52:25
358,6,3,08:52:35
423,6,3,08:53:32
219,6,3,08:53:36
247,6,3,08:53:36
387,6,3,08:53:50
448,6,3,08:55:10
409,6,3,08:56:10
293,6,3,08:56:18
39,6,3,08:56:59
357,6,3,08:57:00
436,6,3,08:58:09
23,6,3,08:59:00
403,6,3,08:59:05
159,6,3,09:00:32
159,6,3,09:00:32
159,6,3,09:00:34
173,6,3,09:01:06
155,6,3,09:01:37
427,6,3,09:01:45
467,6,3,09:01:48
404,6,3,09:01:49
61,6,3,09:01:50
297,6,3,09:01:51
411,6,3,09:01:52
213,6,3,09:02:01
302,6,3,09:02:01
120,6,3,09:02:08
379,6,3,09:02:08
169,6,3,09:02:16
17,6,3,09:02:18
415,6,3,09:02:22
284,6,3,09:02:28
246,6,3,09:02:38
137,6,3,09:02:39
303,6,3,09:02:45
354,6,3,09:02:47
246,6,3,09:02:52
178,6,3,09:03:03
446,6,3,09:03:04
299,6,3,09:03:12
268,6,3,09:03:41
40,6,3,09:03:44
314,6,3,09:03:44
205,6,3,09:03:50
187,6,3,09:03:57
187,6,3,09:03:58
330,6,3,09:03:58
168,6,3,09:04:03
184,6,3,09:04:16
430,6,3,09:04:25
72,6,3,09:04:33
228,6,3,09:04:35
7,6,3,09:04:38
255,6,3,09:04:50
21,6,3,09:04:52
284,6,3,09:04:53
145,6,3,09:05:02
12,6,3,09:05:08
104,6,3,09:05:35
380,6,3,09:05:38
439,6,3,09:05:48
413,6,3,09:06:03
163,6,3,09:06:06
45,6,3,09:06:14
260,6,3,09:06:14
172,6,3,09:06:17
103,6,3,09:06:29
100,6,3,09:06:33
108,6,3,09:06:44
425,6,3,09:06:45
429,6,3,09:07:12
345,6,3,09:07:12
62,6,3,09:07:26
329,6,3,09:07:27
152,6,3,09:07:28
307,6,3,09:08:00
242,6,3,09:08:03
38,6,3,09:08:04
55,6,3,09:08:07
243,6,3,09:08:08
208,6,3,09:08:26
245,6,3,09:08:34
241,6,3,09:08:35
404,6,3,09:08:48
432,6,3,09:09:30
223,6,3,09:09:36
418,6,3,09:09:39
148,6,3,09:09:41
139,6,3,09:10:06
410,6,3,09:10:11
258,6,3,09:10:11
210,6,3,09:10:11
306,6,3,09:10:12
244,6,3,09:10:30
308,6,3,09:10:30
290,6,3,09:10:47
312,6,3,09:10:48
81,6,3,09:10:54
327,6,3,09:11:16
93,6,3,09:11:27
323,6,3,09:11:44
8,6,3,09:12:24
63,6,3,09:12:42
378,6,3,09:13:23
33,6,3,09:13:23
153,6,3,09:13:45
195,6,3,09:14:02
460,6,3,09:14:56
399,6,3,09:15:39
377,6,3,09:15:50
298,6,3,09:15:51
186,6,3,09:16:00
68,6,3,09:16:47
225,6,3,09:17:02
99,6,3,09:17:11
35,6,3,09:17:52
27,6,3,09:18:17
252,6,3,09:18:18
335,6,3,09:18:25
18,6,3,09:19:08
122,6,3,09:19:20
289,6,3,09:19:40
421,6,3,09:19:56
167,6,3,09:20:03
305,6,3,09:20:04
143,6,3,09:20:15
360,6,3,09:21:04
194,6,3,09:21:42
435,6,3,09:22:40
5,6,3,09:23:41
145,6,3,09:23:56
416,6,3,09:24:01
129,6,3,09:24:17
271,6,3,09:24:48
212,6,3,09:25:09
193,6,3,09:25:13
127,6,3,09:25:36
30,6,3,09:26:41
449,6,3,09:27:27
211,6,3,09:27:35
395,6,3,09:27:46
367,6,3,09:28:10
112,6,3,09:28:14
381,6,3,09:28:32
175,6,3,09:28:50
390,6,3,09:28:51
248,6,3,09:28:57
106,6,3,09:29:20
407,6,3,09:29:31
214,6,3,09:29:35
250,6,3,09:29:43
14,6,3,09:30:10
59,6,3,09:30:23
217,6,3,09:31:02
359,6,3,09:31:21
406,6,3,09:31:27
361,6,3,09:31:28
60,6,3,09:31:31
388,6,3,09:32:03
459,6,3,09:32:24
273,6,3,09:32:30
256,6,3,09:32:36
322,6,3,09:32:48
174,6,3,09:33:06
385,6,3,09:33:31
199,6,3,09:33:49
82,6,3,09:33:58
79,6,3,09:33:58
414,6,3,09:34:03
275,6,3,09:34:53
441,6,3,09:34:55
398,6,3,09:35:00
182,6,3,09:35:01
3,6,3,09:35:03
273,6,3,09:35:19
437,6,3,09:35:34
260,6,3,09:36:10
288,6,3,09:36:19
291,6,3,09:36:34
251,6,3,09:37:26
68,6,3,09:37:42
177,6,3,09:38:13
294,6,3,09:38:24
84,6,3,09:38:55
363,6,3,09:38:56
265,6,3,09:39:04
371,6,3,09:39:08
226,6,3,09:39:53
286,6,3,09:40:05
434,6,3,09:40:44
331,6,3,09:40:51
142,6,3,09:40:57
27,6,3,09:41:08
304,6,3,09:41:25
426,6,3,09:41:45
70,6,3,09:41:46
184,6,3,09:41:50
89,6,3,09:41:57
52,6,3,09:42:04
445,6,3,09:42:40
444,6,3,09:42:48
386,6,3,09:42:51
153,6,3,09:43:13
65,6,3,09:43:37
124,6,3,09:45:19
375,6,3,09:45:33
102,6,3,09:45:53
32,6,3,09:46:21
180,6,3,09:46:21
418,6,3,09:46:49
229,6,3,09:46:59
109,6,3,09:47:04
113,6,3,09:47:10
366,6,3,09:47:24
169,6,3,09:47:54
422,6,3,09:48:17
337,6,3,09:48:36
300,6,3,09:49:16
221,6,3,09:49:42
310,6,3,09:49:53
186,6,3,09:50:05
185,6,3,09:50:52
146,6,3,09:51:05
383,6,3,09:51:10
122,6,3,09:51:12
115,6,3,09:51:17
182,6,3,09:51:25
7,6,3,09:51:40
63,6,3,09:52:38
161,6,3,09:52:40
402,6,3,09:52:41
126,6,3,09:52:45
166,6,3,09:52:57
352,6,3,09:53:01
327,6,3,09:53:48
168,6,3,09:53:50
125,6,3,09:53:53
332,6,3,09:54:17
86,6,3,09:54:39
375,6,3,09:54:46
223,6,3,09:54:51
267,6,3,09:54:51
389,6,3,09:54:51
296,6,3,09:55:02
453,6,3,09:55:15
53,6,3,09:55:17
315,6,3,09:55:36
392,6,3,09:56:20
215,6,3,09:56:44
206,6,3,09:56:55
223,6,3,09:57:22
223,6,3,09:57:24
412,6,3,09:57:26
51,6,3,09:58:01
13,6,3,09:58:46
3,6,3,09:58:53
58,6,3,09:59:10
136,6,3,10:00:28
362,6,3,10:01:51
218,6,3,10:02:56
422,6,3,10:03:24
69,6,3,10:03:36
301,6,3,10:05:36
262,6,3,10:05:43
346,6,3,10:05:46
75,6,3,10:06:00
345,6,3,10:06:12
160,6,3,10:06:28
341,6,3,10:07:02
344,6,3,10:07:06
1,6,3,10:07:13
48,6,3,10:07:20
447,6,3,10:08:00
350,6,3,10:08:02
391,6,3,10:08:53
309,6,3,10:10:03
16,6,3,10:10:04
264,6,3,10:10:19
46,6,3,10:10:43
197,6,3,10:10:56
28,6,3,10:11:12
280,6,3,10:11:22
177,6,3,10:11:23
329,6,3,10:11:31
230,6,3,10:11:41
265,6,3,10:11:44
71,6,3,10:11:48
80,6,3,10:12:37
448,6,3,10:13:06
338,6,3,10:13:09
356,6,3,10:13:19
164,6,3,10:13:37
19,6,3,10:14:12
252,6,3,10:14:30
100,6,3,10:14:36
272,6,3,10:14:36
319,6,3,10:14:47
152,6,3,10:15:15
238,6,3,10:15:28
336,6,3,10:16:43
143,6,3,10:17:08
354,6,3,10:17:22
170,6,3,10:17:24
438,6,3,10:17:30
245,6,3,10:17:37
60,6,3,10:17:48
313,6,3,10:18:06
289,6,3,10:18:37
137,6,3,10:18:58
56,6,3,10:19:10
295,6,3,10:19:13
201,6,3,10:19:15
140,6,3,10:19:57
364,6,3,10:20:13
433,6,3,10:20:17
240,6,3,10:20:29
133,6,3,10:21:13
442,6,3,10:21:33
224,6,3,10:21:44
182,6,3,10:22:17
121,6,3,10:22:28
123,6,3,10:22:33
333,6,3,10:22:37
268,6,3,10:22:58
37,6,3,10:22:59
343,6,3,10:23:26
328,6,3,10:23:31
314,6,3,10:23:51
213,6,3,10:24:22
458,6,3,10:24:36
156,6,3,10:25:05
306,6,3,10:25:09
393,6,3,10:25:37
274,6,3,10:26:02
444,6,3,10:26:42
135,6,3,10:26:43
105,6,3,10:26:44
308,6,3,10:27:13
368,6,3,10:27:38
35,6,3,10:28:30
191,6,3,10:29:55
67,6,3,10:29:57
45,6,3,10:30:31
198,6,3,10:30:52
49,6,3,10:32:11
406,6,3,10:32:35
52,6,3,10:33:30
116,6,3,10:34:48
273,6,3,10:34:50
25,6,3,10:35:18
25,6,3,10:35:39
207,6,3,10:35:51
455,6,3,10:35:56
419,6,3,10:36:13
348,6,3,10:36:26
281,6,3,10:36:39
4,6,3,10:36:58
340,6,3,10:37:17
388,6,3,10:37:22
428,6,3,10:38:03
303,6,3,10:38:16
367,6,3,10:40:29
63,6,3,10:40:40
226,6,3,10:40:46
400,6,3,10:40:50
97,6,3,10:41:46
389,6,3,10:42:06
196,6,3,10:42:31
87,6,3,10:42:32
314,6,3,10:43:19
457,6,3,10:43:33
458,6,3,10:43:51
10,6,3,10:44:15
276,6,3,10:44:31
261,6,3,10:44:38
66,6,3,10:44:43
118,6,3,10:44:48
257,6,3,10:44:48
62,6,3,10:44:50
209,6,3,10:44:59
310,6,3,10:45:09
344,6,3,10:45:09
430,6,3,10:45:12
171,6,3,10:45:19
378,6,3,10:45:21
406,6,3,10:45:38
150,6,3,10:45:42
240,6,3,10:45:42
418,6,3,10:45:55
320,6,3,10:46:02
207,6,3,10:46:07
381,6,3,10:46:24
81,6,3,10:46:30
323,6,3,10:46:39
237,6,3,10:47:03
343,6,3,10:47:13
44,6,3,10:47:19
99,6,3,10:47:35
7,6,3,10:47:46
392,6,3,10:47:47
424,6,3,10:47:53
24,6,3,10:48:12
148,6,3,10:48:16
115,6,3,10:48:47
370,6,3,10:49:00
357,6,3,10:49:10
391,6,3,10:49:12
150,6,3,10:49:40
250,6,3,10:49:42
448,6,3,10:49:43
306,6,3,10:49:44
147,6,3,10:50:01
462,6,3,10:50:09
168,6,3,10:50:18
409,6,3,10:50:46
408,6,3,10:50:52
303,6,3,10:50:56
27,6,3,10:50:56
51,6,3,10:51:05
317,6,3,10:51:25
411,6,3,10:51:52
64,6,3,10:52:01
70,6,3,10:52:08
427,6,3,10:52:16
297,6,3,10:53:01
191,6,3,10:53:14
207,6,3,10:53:22
38,6,3,10:53:28
316,6,3,10:53:31
119,6,3,10:54:09
67,6,3,10:54:12
113,6,3,10:54:36
63,6,3,10:54:59
315,6,3,10:55:21
291,6,3,10:55:57
313,6,3,10:56:05
267,6,3,10:56:46
241,6,3,10:56:48
430,6,3,10:57:13
202,6,3,10:57:15
234,6,3,10:57:31
112,6,3,10:57:54
55,6,3,10:58:10
335,6,3,10:58:20
403,6,3,10:59:04
273,6,3,11:00:03
5,6,3,11:00:20
29,6,3,11:00:21
165,6,3,11:00:29
235,6,3,11:00:31
137,6,3,11:00:43
323,6,3,11:01:35
455,6,3,11:01:51
104,6,3,11:02:15
296,6,3,11:02:22
25,6,3,11:02:36
467,6,3,11:02:57
411,6,3,11:02:58
451,6,3,11:03:24
417,6,3,11:03:46
369,6,3,11:04:10
131,6,3,11:04:20
123,6,3,11:04:33
363,6,3,11:05:00
219,6,3,11:06:00
117,6,3,11:06:03
305,6,3,11:06:08
90,6,3,11:06:09
163,6,3,11:06:11
148,6,3,11:06:16
358,6,3,11:06:40
385,6,3,11:06:52
184,6,3,11:07:00
409,6,3,11:07:26
36,6,3,11:07:35
303,6,3,11:08:00
204,6,3,11:08:17
208,6,3,11:08:30
450,6,3,11:08:40
195,6,3,11:09:23
39,6,3,11:09:32
265,6,3,11:09:40
237,6,3,11:10:00
54,6,3,11:10:10
397,6,3,11:10:11
126,6,3,11:11:08
190,6,3,11:11:09
153,6,3,11:11:16
190,6,3,11:11:26
109,6,3,11:11:49
248,6,3,11:11:51
190,6,3,11:11:53
183,6,3,11:11:59
212,6,3,11:12:43
293,6,3,11:12:55
205,6,3,11:13:51
379,6,3,11:14:15
430,6,3,11:14:17
27,6,3,11:14:18
149,6,3,11:14:39
242,6,3,11:15:03
95,6,3,11:15:06
32,6,3,11:15:23
91,6,3,11:15:29
273,6,3,11:15:40
203,6,3,11:16:15
163,6,3,11:16:28
230,6,3,11:16:28
170,6,3,11:17:13
9,6,3,11:17:47
399,6,3,11:19:17
415,6,3,11:19:21
423,6,3,11:19:25
251,6,3,11:19:26
85,6,3,11:19:57
214,6,3,11:20:18
152,6,3,11:20:26
42,6,3,11:20:27
280,6,3,11:20:27
225,6,3,11:20:59
193,6,3,11:21:18
446,6,3,11:21:27
382,6,3,11:21:46
158,6,3,11:22:30
92,6,3,11:22:41
93,6,3,11:22:54
258,6,3,11:22:59
343,6,3,11:23:14
270,6,3,11:23:25
419,6,3,11:23:26
31,6,3,11:23:29
454,6,3,11:23:32
431,6,3,11:23:38
108,6,3,11:23:38
466,6,3,11:23:39
391,6,3,11:23:54
350,6,3,11:23:54
146,6,3,11:24:13
62,6,3,11:24:28
168,6,3,11:24:31
42,6,3,11:24:44
282,6,3,11:25:10
81,6,3,11:25:14
413,6,3,11:25:24
373,6,3,11:25:39
122,6,3,11:26:00
122,6,3,11:26:00
349,6,3,11:26:01
263,6,3,11:26:02
96,6,3,11:26:13
98,6,3,11:26:23
248,6,3,11:26:46
464,6,3,11:27:00
378,6,3,11:27:10
182,6,3,11:27:35
18,6,3,11:27:41
381,6,3,11:27:51
365,6,3,11:27:53
89,6,3,11:27:58
326,6,3,11:28:00
238,6,3,11:28:15
30,6,3,11:28:17
435,6,3,11:28:17
78,6,3,11:28:25
149,6,3,11:28:41
371,6,3,11:29:03
104,6,3,11:29:09
170,6,3,11:29:31
290,6,3,11:29:40
173,6,3,11:29:56
408,6,3,11:30:04
207,6,3,11:30:20
306,6,3,11:30:24
3,6,3,11:30:39
143,6,3,11:30:53
425,6,3,11:30:59
312,6,3,11:31:13
345,6,3,11:31:23
5,6,3,11:31:33
68,6,3,11:31:33
155,6,3,11:31:35
458,6,3,11:31:48
132,6,3,11:31:49
23,6,3,11:31:49
232,6,3,11:31:50
53,6,3,11:31:52
323,6,3,11:31:59
189,6,3,11:32:09
123,6,3,11:32:19
253,6,3,11:32:23
85,6,3,11:32:34
155,6,3,11:32:35
456,6,3,11:33:20
455,6,3,11:33:51
121,6,3,11:33:58
214,6,3,11:34:08
418,6,3,11:34:21
101,6,3,11:34:25
249,6,3,11:34:42
155,6,3,11:34:43
128,6,3,11:35:36
333,6,3,11:35:38
460,6,3,11:35:40
139,6,3,11:35:50
429,6,3,11:35:53
247,6,3,11:36:06
130,6,3,11:36:17
148,6,3,11:36:30
186,6,3,11:36:37
275,6,3,11:36:51
465,6,3,11:36:54
405,6,3,11:37:07
360,6,3,11:37:16
101,6,3,11:37:23
100,6,3,11:37:47
208,6,3,11:39:07
241,6,3,11:39:09
231,6,3,11:39:42
266,6,3,11:39:45
411,6,3,11:39:53
399,6,3,11:39:59
310,6,3,11:40:06
14,6,3,11:40:13
443,6,3,11:40:35
352,6,3,11:40:44
50,6,3,11:40:51
443,6,3,11:41:00
169,6,3,11:41:04
13,6,3,11:41:23
427,6,3,11:41:34
302,6,3,11:42:15
113,6,3,11:42:16
406,6,3,11:42:29
222,6,3,11:43:23
437,6,3,11:43:36
113,6,3,11:43:41
65,6,3,11:43:44
396,6,3,11:43:46
195,6,3,11:43:53
389,6,3,11:43:53
120,6,3,11:44:42
196,6,3,11:45:14
215,6,3,11:45:29
253,6,3,11:46:00
86,6,3,11:46:03
287,6,3,11:46:03
223,6,3,11:46:05
337,6,3,11:46:08
296,6,3,11:46:11
353,6,3,11:46:12
335,6,3,11:46:28
285,6,3,11:46:42
64,6,3,11:46:44
154,6,3,11:47:02
14,6,3,11:47:06
175,6,3,11:47:06
106,6,3,11:47:12
83,6,3,11:47:13
194,6,3,11:47:20
334,6,3,11:47:28
23,6,3,11:47:58
217,6,3,11:48:10
298,6,3,11:48:13
133,6,3,11:48:17
177,6,3,11:48:23
260,6,3,11:48:47
449,6,3,11:48:51
88,6,3,11:48:57
131,6,3,11:49:10
422,6,3,11:49:17
374,6,3,11:49:37
329,6,3,11:49:48
45,6,3,11:50:21
306,6,3,11:50:49
21,6,3,11:51:04
305,6,3,11:51:08
171,6,3,11:51:11
11,6,3,11:51:13
292,6,3,11:51:16
462,6,3,11:51:54
158,6,3,11:52:08
367,6,3,11:52:10
236,6,3,11:52:12
181,6,3,11:52:15
188,6,3,11:52:16
37,6,3,11:52:20
43,6,3,11:52:33
129,6,3,11:52:38
144,6,3,11:52:58
24,6,3,11:53:03
146,6,3,11:53:08
159,6,3,11:53:22
159,6,3,11:53:23
316,6,3,11:53:26
6,6,3,11:53:28
386,6,3,11:53:49
16,6,3,11:54:17
168,6,3,11:54:20
216,6,3,11:54:45
91,6,3,11:54:48
309,6,3,11:55:25
76,6,3,11:55:40
411,6,3,11:55:41
36,6,3,11:55:44
179,6,3,11:55:48
309,6,3,11:56:02
8,6,3,11:56:09
65,6,3,11:56:22
25,6,3,11:56:25
277,6,3,11:56:35
234,6,3,11:56:45
25,6,3,11:56:53
362,6,3,11:57:32
448,6,3,11:57:53
304,6,3,11:58:38
322,6,3,11:58:44
103,6,3,11:59:04
61,6,3,11:59:26
452,6,3,11:59:28
338,6,3,11:59:32
38,6,3,11:59:47
213,6,3,11:59:53
41,6,3,12:00:32
207,6,3,12:00:53
40,6,3,12:01:30
324,6,3,12:01:33
198,6,3,12:01:33
192,6,3,12:02:32
88,6,3,12:02:34
109,6,3,12:03:18
456,6,3,12:03:45
261,6,3,12:03:47
243,6,3,12:04:01
228,6,3,12:04:29
342,6,3,12:05:01
180,6,3,12:05:04
102,6,3,12:05:31
366,6,3,12:05:39
156,6,3,12:06:24
73,6,3,12:07:50
73,6,3,12:07:50
73,6,3,12:07:50
73,6,3,12:07:51
176,6,3,12:07:53
183,6,3,12:08:25
438,6,3,12:09:22
187,6,3,12:09:38
187,6,3,12:09:38
157,6,3,12:09:41
394,6,3,12:10:25
123,6,3,12:10:28
107,6,3,12:11:36
255,6,3,12:12:13
125,6,3,12:13:12
368,6,3,12:14:12
451,6,3,12:14:33
414,6,3,12:14:36
94,6,3,12:14:41
347,6,3,12:15:34
459,6,3,12:16:17
201,6,3,12:16:30
87,6,3,12:16:41
103,6,3,12:16:52
357,6,3,12:16:55
219,6,3,12:16:58
453,6,3,12:17:23
403,6,3,12:17:45
434,6,3,12:18:12
400,6,3,12:18:14
318,6,3,12:18:31
49,6,3,12:18:45
303,6,3,12:19:02
118,6,3,12:19:17
393,6,3,12:19:20
419,6,3,12:19:49
200,6,3,12:19:51
111,6,3,12:19:53
87,6,3,12:20:01
272,6,3,12:20:13
97,6,3,12:20:14
86,6,3,12:20:27
63,6,3,12:20:35
247,6,3,12:20:43
239,6,3,12:20:43
42,6,3,12:20:45
454,6,3,12:20:53
355,6,3,12:20:56
198,6,3,12:21:06
345,6,3,12:21:16
15,6,3,12:21:19
395,6,3,12:22:00
380,6,3,12:22:07
406,6,3,12:22:15
178,6,3,12:22:18
442,6,3,12:22:31
440,6,3,12:23:19
332,6,3,12:23:20
391,6,3,12:23:34
273,6,3,12:23:37
130,6,3,12:23:38
348,6,3,12:23:50
167,6,3,12:23:53
55,6,3,12:23:55
307,6,3,12:24:01
185,6,3,12:24:13
36,6,3,12:24:14
34,6,3,12:24:25
445,6,3,12:24:48
84,6,3,12:25:21
392,6,3,12:25:46
344,6,3,12:25:55
19,6,3,12:25:55
47,6,3,12:25:55
296,6,3,12:26:35
255,6,3,12:27:08
126,6,3,12:28:03
430,6,3,12:28:15
194,6,3,12:28:55
64,6,3,12:29:10
233,6,3,12:29:13
33,6,3,12:29:37
135,6,3,12:29:38
383,6,3,12:29:42
279,6,3,12:29:46
402,6,3,12:30:29
407,6,3,12:30:33
381,6,3,12:33:37
311,6,3,12:33:42
201,6,3,12:33:49
320,6,3,12:34:38
463,6,3,12:35:32
436,6,3,12:35:35
352,6,3,12:37:15
28,6,3,12:38:49
395,6,3,12:39:45
320,6,3,12:39:55
269,6,3,12:40:36
156,6,3,12:42:17
151,6,3,12:42:42
87,6,3,12:42:56
172,6,3,12:43:47
131,6,3,12:45:25
406,6,3,12:46:04
115,6,3,12:47:20
417,6,3,12:50:13
46,6,3,12:51:32
350,6,3,12:53:21
276,6,3,12:54:38
278,6,3,12:55:01
319,6,3,12:56:25
259,6,3,12:56:26
211,6,3,12:56:46
359,6,3,12:58:02
127,6,3,12:58:13
119,6,3,12:59:23
12,6,3,12:59:36
283,6,3,12:59:39
137,6,3,13:00:11
5,6,3,13:00:17
81,6,3,13:01:30
422,6,3,13:01:42
52,6,3,13:03:22
248,6,3,13:04:00
162,6,3,13:04:19
79,6,3,13:04:23
195,6,3,13:04:23
335,6,3,13:05:08
441,6,3,13:05:30
393,6,3,13:09:11
75,6,3,13:10:17
325,6,3,13:11:20
56,6,3,13:12:56
462,6,3,13:14:16
460,6,3,13:14:39
352,6,3,13:15:23
268,6,3,13:15:55
240,6,3,13:17:07
346,6,3,13:18:24
369,6,3,13:19:29
23,6,3,13:20:45
3,6,3,13:20:56
174,6,3,13:21:04
372,6,3,13:21:28
387,6,3,13:23:23
2,6,3,13:25:28
51,6,3,13:26:48
293,6,3,13:27:12
422,6,3,13:27:42
63,6,3,13:29:21
312,6,3,13:29:47
254,6,3,13:30:58
17,6,3,13:31:31
316,6,3,13:31:52
98,6,3,13:33:06
171,6,3,13:33:06
83,6,3,13:34:32
390,6,3,13:35:13
392,6,3,13:37:39
373,6,3,13:37:47
245,6,3,13:39:08
306,6,3,13:39:47
391,6,3,13:39:58
335,6,3,13:40:14
302,6,3,13:40:27
27,6,3,13:40:32
158,6,3,13:42:10
8,6,3,13:43:49
86,6,3,13:44:04
444,6,3,13:45:16
296,6,3,13:47:13
212,6,3,13:47:19
257,6,3,13:47:42
59,6,3,13:49:48
206,6,3,13:50:02
304,6,3,13:51:31
299,6,3,13:51:49
268,6,3,13:52:12
86,6,3,13:52:32
324,6,3,13:53:37
11,6,3,13:53:51
91,6,3,13:53:58
315,6,3,13:55:52
412,6,3,13:56:29
60,6,3,13:56:50
375,6,3,13:57:43
443,6,3,13:58:35
103,6,3,13:59:04
138,6,3,14:03:03
391,6,3,14:05:10
251,6,3,14:06:23
120,6,3,14:07:25
379,6,3,14:08:21
354,6,3,14:09:11
425,6,3,14:09:27
409,6,3,14:10:06
128,6,3,14:10:09
140,6,3,14:10:57
166,6,3,14:11:28
410,6,3,14:11:51
63,6,3,14:12:40
405,6,3,14:14:47
333,6,3,14:15:12
58,6,3,14:15:46
137,6,3,14:16:02
223,6,3,14:16:11
444,6,3,14:16:32
316,6,3,14:18:21
455,6,3,14:18:40
88,6,3,14:19:24
277,6,3,14:19:35
382,6,3,14:19:37
332,6,3,14:20:19
285,6,3,14:21:11
350,6,3,14:21:32
371,6,3,14:22:07
461,6,3,14:26:02
125,6,3,14:27:08
38,6,3,14:27:13
156,6,3,14:29:04
453,6,3,14:29:41
271,6,3,14:32:36
55,6,3,14:32:54
108,6,3,14:35:32
246,6,3,14:36:16
176,6,3,14:37:11
385,6,3,14:37:17
317,6,3,14:37:18
54,6,3,14:37:20
104,6,3,14:42:19
393,6,3,14:43:56
154,6,3,14:45:24
435,6,3,14:46:16
179,6,3,14:46:31
415,6,3,14:46:48
141,6,3,14:47:16
8,6,3,14:47:23
186,6,3,14:47:50
262,6,3,14:47:55
74,6,3,14:48:16
265,6,3,14:49:55
20,6,3,14:51:13
400,6,3,14:51:57
86,6,3,14:54:48
31,6,3,14:55:17
25,6,3,14:55:39
25,6,3,14:56:09
269,6,3,14:56:32
297,6,3,14:57:11
79,6,3,14:57:40
93,6,3,14:58:02
161,6,3,14:58:18
220,6,3,14:58:26
437,6,3,14:59:00
370,6,3,15:00:16
32,6,3,15:01:04
46,6,3,15:01:43
124,6,3,15:01:48
453,6,3,15:04:07
4,6,3,15:06:15
112,6,3,15:09:50
123,6,3,15:09:57
198,6,3,15:10:48
413,6,3,15:11:07
229,6,3,15:11:12
53,6,3,15:12:24
45,6,3,15:13:00
189,6,3,15:13:14
218,6,3,15:13:34
115,6,3,15:15:32
115,6,3,15:15:32
115,6,3,15:15:33
115,6,3,15:15:33
115,6,3,15:15:33
218,6,3,15:15:36
96,6,3,15:16:05
359,6,3,15:16:13
156,6,3,15:22:48
147,6,3,15:24:39
447,6,3,15:25:13
307,6,3,15:28:13
440,6,3,15:29:22
29,6,3,15:30:34
160,6,3,15:31:07
269,6,3,15:32:14
327,6,3,15:32:52
109,6,3,15:33:15
406,6,3,15:33:26
350,6,3,15:33:41
360,6,3,15:34:09
57,6,3,15:35:34
261,6,3,15:35:43
402,6,3,15:38:41
426,6,3,15:40:01
191,6,3,15:40:25
140,6,3,15:42:40
348,6,3,15:42:41
127,6,3,15:43:27
233,6,3,15:45:36
424,6,3,15:46:04
424,6,3,15:46:20
301,6,3,15:47:09
148,6,3,15:50:16
343,6,3,15:50:41
148,6,3,15:50:47
13,6,3,15:52:22
7,6,3,15:52:34
238,6,3,15:53:01
91,6,3,15:53:14
140,6,3,15:54:43
30,6,3,15:54:52
36,6,3,15:57:26
175,6,3,15:57:51
344,6,3,15:58:32
237,6,3,15:58:33
62,6,3,15:59:25
289,6,3,16:00:07
29,6,3,16:02:22
395,6,3,16:02:33
349,6,3,16:02:54
274,6,3,16:03:12
379,6,3,16:03:37
66,6,3,16:05:13
446,6,3,16:06:18
50,6,3,16:06:56
208,6,3,16:06:59
23,6,3,16:07:06
286,6,3,16:07:38
249,6,3,16:09:30
295,6,3,16:10:08
190,6,3,16:11:17
127,6,3,16:13:00
195,6,3,16:13:16
237,6,3,16:14:22
81,6,3,16:15:57
197,6,3,16:16:50
7,6,3,16:16:50
454,6,3,16:17:14
347,6,3,16:17:38
466,6,3,16:17:40
392,6,3,16:19:45
180,6,3,16:20:36
248,6,3,16:20:58
345,6,3,16:23:17
247,6,3,16:23:18
243,6,3,16:24:11
6,6,3,16:24:37
18,6,3,16:26:08
419,6,3,16:27:13
74,6,3,16:27:15
244,6,3,16:27:23
374,6,3,16:27:59
167,6,3,16:28:45
92,6,3,16:29:34
328,6,3,16:29:43
397,6,3,16:30:04
293,6,3,16:30:11
235,6,3,16:30:22
47,6,3,16:30:33
272,6,3,16:32:15
1,6,3,16:33:03
376,6,3,16:36:27
317,6,3,16:36:29
52,6,3,16:42:57
463,6,3,16:43:05
214,6,3,16:43:30
338,6,3,16:45:16
354,6,3,16:47:25
278,6,3,16:48:07
311,6,3,16:49:08
267,6,3,16:50:04
187,6,3,16:50:36
187,6,3,16:50:36
346,6,3,16:53:36
398,6,3,16:53:40
388,6,3,16:54:05
287,6,3,16:54:50
292,6,3,16:55:10
9,6,3,16:56:11
89,6,3,16:57:17
462,6,3,16:58:09
408,6,3,16:58:12
37,6,3,17:00:15
72,6,3,17:00:25
355,6,3,17:02:39
357,6,3,17:02:41
213,6,3,17:03:21
316,6,3,17:04:18
354,6,3,17:05:40
255,6,3,17:05:43
126,6,3,17:05:58
140,6,3,17:06:12
43,6,3,17:06:22
47,6,3,17:08:46
402,6,3,17:09:59
372,6,3,17:10:31
385,6,3,17:10:59
172,6,3,17:11:45
38,6,3,17:11:55
422,6,3,17:12:25
209,6,3,17:12:53
220,6,3,17:14:02
39,6,3,17:14:28
220,6,3,17:15:42
79,6,3,17:17:04
393,6,3,17:17:32
220,6,3,17:17:40
335,6,3,17:18:08
41,6,3,17:18:35
220,6,3,17:18:55
253,6,3,17:19:14
309,6,3,17:19:36
184,6,3,17:19:39
134,6,3,17:20:44
220,6,3,17:21:23
350,6,3,17:21:24
59,6,3,17:21:41
430,6,3,17:21:55
454,6,3,17:21:56
386,6,3,17:21:57
17,6,3,17:22:00
219,6,3,17:22:01
341,6,3,17:22:08
204,6,3,17:22:09
68,6,3,17:22:11
49,6,3,17:22:12
307,6,3,17:22:15
83,6,3,17:22:19
434,6,3,17:22:20
263,6,3,17:22:24
94,6,3,17:22:30
412,6,3,17:22:30
412,6,3,17:22:31
121,6,3,17:22:36
120,6,3,17:22:38
343,6,3,17:22:41
86,6,3,17:22:46
332,6,3,17:22:46
136,6,3,17:22:48
400,6,3,17:22:52
321,6,3,17:23:07
273,6,3,17:23:12
84,6,3,17:23:16
10,6,3,17:23:20
179,6,3,17:23:25
285,6,3,17:23:27
383,6,3,17:23:27
252,6,3,17:23:27
406,6,3,17:23:29
294,6,3,17:23:29
169,6,3,17:23:32
331,6,3,17:23:35
429,6,3,17:23:36
312,6,3,17:23:38
384,6,3,17:23:40
188,6,3,17:23:43
414,6,3,17:23:45
289,6,3,17:23:53
139,6,3,17:23:54
174,6,3,17:24:05
139,6,3,17:24:09
12,6,3,17:24:21
99,6,3,17:24:28
308,6,3,17:24:37
108,6,3,17:24:39
63,6,3,17:24:42
216,6,3,17:24:43
220,6,3,17:24:59
215,6,3,17:25:02
399,6,3,17:25:05
239,6,3,17:25:05
69,6,3,17:25:10
448,6,3,17:25:41
130,6,3,17:25:44
25,6,3,17:25:46
395,6,3,17:25:47
254,6,3,17:25:51
220,6,3,17:26:02
28,6,3,17:26:12
143,6,3,17:26:26
19,6,3,17:26:46
110,6,3,17:26:46
103,6,3,17:26:54
11,6,3,17:27:04
451,6,3,17:27:15
87,6,3,17:27:29
286,6,3,17:27:29
456,6,3,17:27:33
231,6,3,17:27:35
370,6,3,17:27:52
452,6,3,17:27:52
87,6,3,17:27:56
113,6,3,17:27:57
270,6,3,17:28:00
103,6,3,17:28:00
363,6,3,17:28:20
463,6,3,17:28:21
124,6,3,17:28:23
159,6,3,17:28:30
173,6,3,17:29:04
419,6,3,17:29:24
250,6,3,17:29:32
411,6,3,17:29:44
373,6,3,17:30:09
115,6,3,17:30:09
105,6,3,17:30:40
21,6,3,17:30:52
44,6,3,17:30:56
291,6,3,17:31:09
26,6,3,17:31:18
70,6,3,17:31:20
34,6,3,17:31:26
460,6,3,17:31:33
323,6,3,17:31:33
284,6,3,17:31:36
428,6,3,17:31:38
209,6,3,17:31:40
138,6,3,17:31:43
220,6,3,17:31:44
337,6,3,17:31:44
184,6,3,17:31:45
228,6,3,17:32:08
299,6,3,17:32:17
171,6,3,17:32:42
220,6,3,17:32:47
52,6,3,17:32:48
19,6,3,17:32:48
391,6,3,17:32:51
331,6,3,17:32:55
52,6,3,17:33:03
156,6,3,17:33:31
177,6,3,17:33:41
220,6,3,17:33:52
129,6,3,17:33:53
338,6,3,17:33:54
364,6,3,17:33:56
118,6,3,17:34:00
465,6,3,17:34:05
297,6,3,17:34:08
355,6,3,17:34:08
30,6,3,17:34:37
133,6,3,17:34:37
153,6,3,17:34:45
179,6,3,17:34:53
201,6,3,17:35:04
168,6,3,17:35:14
362,6,3,17:35:18
220,6,3,17:35:29
123,6,3,17:35:33
380,6,3,17:35:51
220,6,3,17:35:59
37,6,3,17:36:04
166,6,3,17:36:36
112,6,3,17:36:40
48,6,3,17:37:32
200,6,3,17:37:45
128,6,3,17:38:03
178,6,3,17:38:13
401,6,3,17:38:18
381,6,3,17:38:22
176,6,3,17:38:30
421,6,3,17:38:57
117,6,3,17:39:20
449,6,3,17:39:26
351,6,3,17:40:01
360,6,3,17:40:24
409,6,3,17:40:34
173,6,3,17:40:41
192,6,3,17:41:09
61,6,3,17:41:58
182,6,3,17:42:20
206,6,3,17:42:25
435,6,3,17:42:50
5,6,3,17:42:51
76,6,3,17:43:01
237,6,3,17:43:12
435,6,3,17:43:25
280,6,3,17:43:38
163,6,3,17:44:09
310,6,3,17:44:16
467,6,3,17:44:38
383,6,3,17:45:51
135,6,3,17:47:09
232,6,3,17:47:26
406,6,3,17:47:50
218,6,3,17:47:51
175,6,3,17:48:55
258,6,3,17:49:23
131,6,3,17:50:02
314,6,3,17:50:28
205,6,3,17:50:30
375,6,3,17:51:06
150,6,3,17:51:19
304,6,3,17:52:49
58,6,3,17:53:06
132,6,3,17:53:08
141,6,3,17:53:24
293,6,3,17:53:37
445,6,3,17:53:38
261,6,3,17:53:42
340,6,3,17:55:08
315,6,3,17:56:29
324,6,3,17:56:50
342,6,3,17:57:12
388,6,3,17:57:17
450,6,3,17:57:38
276,6,3,17:57:45
190,6,3,17:57:47
403,6,3,17:58:01
143,6,3,17:58:40
443,6,3,17:59:44
41,6,3,17:59:49
150,6,3,18:00:51
55,6,3,18:01:07
251,6,3,18:01:13
303,6,3,18:01:34
98,6,3,18:01:37
269,6,3,18:01:52
14,6,3,18:01:56
277,6,3,18:02:48
266,6,3,18:03:16
457,6,3,18:03:22
345,6,3,18:04:46
358,6,3,18:06:18
101,6,3,18:06:42
97,6,3,18:07:16
363,6,3,18:08:09
313,6,3,18:09:07
251,6,3,18:09:49
298,6,3,18:10:39
342,6,3,18:11:45
357,6,3,18:12:32
131,6,3,18:12:59
20,6,3,18:13:39
306,6,3,18:13:46
368,6,3,18:14:42
339,6,3,18:15:27
90,6,3,18:17:01
18,6,3,18:18:24
262,6,3,18:18:55
151,6,3,18:19:28
433,6,3,18:19:36
271,6,3,18:20:03
35,6,3,18:20:04
164,6,3,18:20:17
369,6,3,18:21:48
382,6,3,18:22:36
183,6,3,18:23:02
186,6,3,18:24:45
50,6,3,18:28:22
344,6,3,18:29:33
32,6,3,18:29:39
366,6,3,18:30:20
74,6,3,18:32:17
142,6,3,18:34:29
155,6,3,18:34:48
320,6,3,18:34:51
283,6,3,18:38:29
2,6,3,18:38:42
380,6,3,18:40:41
51,6,3,18:41:25
222,6,3,18:44:01
427,6,3,18:44:01
189,6,3,18:45:29
336,6,3,18:45:47
246,6,3,18:46:00
367,6,3,18:48:15
347,6,3,18:48:23
322,6,3,18:49:09
362,6,3,18:49:12
395,6,3,18:49:26
387,6,3,18:51:40
59,6,3,18:51:53
59,6,3,18:52:20
85,6,3,18:53:34
161,6,3,18:53:51
435,6,3,18:55:58
190,6,3,18:57:19
92,6,3,18:57:40
45,6,3,18:57:48
36,6,3,18:57:57
191,6,3,18:59:09
287,6,3,19:00:27
160,6,3,19:00:27
264,6,3,19:00:28
8,6,3,19:02:08
171,6,3,19:02:25
24,6,3,19:05:07
447,6,3,19:08:53
324,6,3,19:08:57
361,6,3,19:09:34
325,6,3,19:12:00
460,6,3,19:12:55
229,6,3,19:13:45
110,6,3,19:13:47
392,6,3,19:13:51
461,6,3,19:14:15
430,6,3,19:16:22
404,6,3,19:16:28
405,6,3,19:18:30
421,6,3,19:20:32
3,6,3,19:22:01
15,6,3,19:22:03
203,6,3,19:22:03
432,6,3,19:22:17
382,6,3,19:23:57
56,6,3,19:24:56
311,6,3,19:25:32
280,6,3,19:27:34
120,6,3,19:28:19
110,6,3,19:28:40
52,6,3,19:28:53
16,6,3,19:32:39
97,6,3,19:34:30
437,6,3,19:34:39
126,6,3,19:34:45
265,6,3,19:36:33
149,6,3,19:38:04
319,6,3,19:39:01
124,6,3,19:39:50
249,6,3,19:42:52
90,6,3,19:44:31
384,6,3,19:47:24
377,6,3,19:47:56
424,6,3,19:51:47
467,6,3,19:52:58
394,6,3,19:53:39
406,6,3,19:55:13
66,6,3,19:57:10
434,6,3,19:58:52
184,6,3,19:59:18
309,6,3,19:59:29
180,6,3,19:59:30
100,6,3,19:59:49
57,6,3,20:00:39
74,6,3,20:01:09
103,6,3,20:01:48
410,6,3,20:02:40
282,6,3,20:04:08
290,6,3,20:04:56
324,6,3,20:06:22
152,6,3,20:06:38
193,6,3,20:06:45
226,6,3,20:06:49
355,6,3,20:08:06
299,6,3,20:09:08
219,6,3,20:12:00
16,6,3,20:12:00
441,6,3,20:12:59
349,6,3,20:13:14
359,6,3,20:13:27
212,6,3,20:13:27
268,6,3,20:13:29
74,6,3,20:14:08
239,6,3,20:16:35
63,6,3,20:16:48
53,6,3,20:16:50
351,6,3,20:17:27
376,6,3,20:20:14
256,6,3,20:21:50
162,6,3,20:26:54
314,6,3,20:28:17
255,6,3,20:28:28
48,6,3,20:29:01
417,6,3,20:29:27
44,6,3,20:30:17
339,6,3,20:33:57
138,6,3,20:34:54
460,6,3,20:35:58
455,6,3,20:36:12
24,6,3,20:36:36
113,6,3,20:37:32
389,6,3,20:38:54
357,6,3,20:40:12
167,6,3,20:40:38
227,6,3,20:42:11
156,6,3,20:42:51
261,6,3,20:44:38
74,6,3,20:45:25
315,6,3,20:46:30
191,6,3,20:50:26
307,6,3,20:50:27
284,6,3,20:51:49
157,6,3,20:52:42
27,6,3,20:53:27
411,6,3,20:53:54
160,6,3,20:54:03
423,6,3,20:54:18
456,6,3,20:54:49
317,6,3,20:55:01
452,6,3,20:56:40
163,6,3,20:57:44
17,6,3,20:57:46
240,6,3,20:58:23
225,6,3,21:01:13
278,6,3,21:01:30
38,6,3,21:02:13
98,6,3,21:02:31
255,6,3,21:03:51
68,6,3,21:04:47
399,6,3,21:05:41
263,6,3,21:06:40
83,6,3,21:06:51
10,6,3,21:07:05
318,6,3,21:07:15
142,6,3,21:07:58
137,6,3,21:08:48
269,6,3,21:11:03
458,6,3,21:11:24
345,6,3,21:11:47
444,6,3,21:14:07
120,6,3,21:15:00
54,6,3,21:15:13
375,6,3,21:15:47
222,6,3,21:20:24
101,6,3,21:20:28
242,6,3,21:22:24
450,6,3,21:22:54
387,6,3,21:23:09
105,6,3,21:23:16
73,6,3,21:24:33
275,6,3,21:25:27
292,6,3,21:26:04
407,6,3,21:27:04
161,6,3,21:28:42
34,6,3,21:29:16
18,6,3,21:29:38
294,6,3,21:29:58
406,6,3,21:34:29
50,6,3,21:34:59
365,6,3,21:36:00
412,6,3,21:36:32
245,6,3,21:37:03
240,6,3,21:40:40
219,6,3,21:41:30
339,6,3,21:44:18
314,6,3,21:46:23
91,6,3,21:47:56
171,6,3,21:48:27
201,6,3,21:49:16
107,6,3,21:49:26
120,6,3,21:49:33
238,6,3,21:49:44
446,6,3,21:50:24
127,6,3,21:50:55
298,6,3,21:54:02
236,6,3,21:54:30
461,6,3,21:54:38
219,6,3,21:55:48
118,6,3,21:56:32
409,6,3,21:56:37
174,6,3,21:56:38
109,6,3,21:56:40
439,6,3,21:56:42
170,6,3,21:56:46
312,6,3,21:56:48
179,6,3,21:56:48
87,6,3,21:56:48
326,6,3,21:56:50
207,6,3,21:56:50
413,6,3,21:56:54
158,6,3,21:56:55
175,6,3,21:56:55
210,6,3,21:56:58
184,6,3,21:57:04
363,6,3,21:57:08
169,6,3,21:57:17
159,6,3,21:57:28
422,6,3,21:57:28
221,6,3,21:57:34
351,6,3,21:57:36
241,6,3,21:57:39
214,6,3,21:57:47
70,6,3,21:57:55
255,6,3,21:58:01
329,6,3,21:58:04
230,6,3,21:58:05
149,6,3,21:58:07
272,6,3,21:58:14
246,6,3,21:58:14
459,6,3,21:58:19
123,6,3,21:58:19
247,6,3,21:58:20
84,6,3,21:58:30
323,6,3,21:58:35
112,6,3,21:58:36
231,6,3,21:58:47
360,6,3,21:58:49
42,6,3,21:58:51
95,6,3,21:58:58
306,6,3,21:59:11
309,6,3,21:59:14
336,6,3,21:59:16
392,6,3,21:59:17
8,6,3,21:59:17
275,6,3,21:59:21
293,6,3,21:59:24
406,6,3,21:59:27
9,6,3,21:59:37
373,6,3,21:59:38
28,6,3,22:00:01
438,6,3,22:00:08
76,6,3,22:00:12
259,6,3,22:00:19
226,6,3,22:00:21
457,6,3,22:00:22
99,6,3,22:00:29
264,6,3,22:00:36
217,6,3,22:00:40
426,6,3,22:00:48
404,6,3,22:00:51
65,6,3,22:00:53
120,6,3,22:01:12
268,6,3,22:01:36
111,6,3,22:01:40
428,6,3,22:01:48
168,6,3,22:02:00
143,6,3,22:02:12
324,6,3,22:02:17
213,6,3,22:02:19
396,6,3,22:02:32
384,6,3,22:02:33
395,6,3,22:03:04
192,6,3,22:03:04
228,6,3,22:03:08
285,6,3,22:03:09
108,6,3,22:03:12
358,6,3,22:03:22
407,6,3,22:03:27
418,6,3,22:03:34
19,6,3,22:03:39
255,6,3,22:03:57
378,6,3,22:04:06
289,6,3,22:04:20
433,6,3,22:04:24
204,6,3,22:04:30
401,6,3,22:04:36
47,6,3,22:04:53
219,6,3,22:04:53
46,6,3,22:05:06
261,6,3,22:05:12
52,6,3,22:05:15
185,6,3,22:05:17
72,6,3,22:05:19
313,6,3,22:05:53
381,6,3,22:05:55
25,6,3,22:05:58
237,6,3,22:06:06
104,6,3,22:06:06
316,6,3,22:06:06
173,6,3,22:06:07
467,6,3,22:06:08
280,6,3,22:06:11
330,6,3,22:06:16
51,6,3,22:06:16
300,6,3,22:06:20
108,6,3,22:06:22
266,6,3,22:06:28
296,6,3,22:07:01
222,6,3,22:07:23
411,6,3,22:07:36
143,6,3,22:07:42
366,6,3,22:07:42
424,6,3,22:07:46
24,6,3,22:07:53
229,6,3,22:08:46
88,6,3,22:08:48
308,6,3,22:09:01
383,6,3,22:09:13
25,6,3,22:09:26
421,6,3,22:09:38
353,6,3,22:09:42
320,6,3,22:09:51
93,6,3,22:09:59
81,6,3,22:10:04
116,6,3,22:10:17
177,6,3,22:10:17
435,6,3,22:10:41
453,6,3,22:10:54
195,6,3,22:10:54
250,6,3,22:10:58
208,6,3,22:11:53
162,6,3,22:11:57
456,6,3,22:12:00
397,6,3,22:12:10
18,6,3,22:12:29
279,6,3,22:12:30
78,6,3,22:12:50
343,6,3,22:13:08
63,6,3,22:13:11
464,6,3,22:13:15
252,6,3,22:13:21
464,6,3,22:13:29
380,6,3,22:13:36
376,6,3,22:13:39
327,6,3,22:13:44
5,6,3,22:13:58
121,6,3,22:14:03
14,6,3,22:14:23
307,6,3,22:14:28
34,6,3,22:14:59
34,6,3,22:15:11
166,6,3,22:16:01
465,6,3,22:16:52
49,6,3,22:17:36
114,6,3,22:17:50
33,6,3,22:17:52
165,6,3,22:18:48
96,6,3,22:20:27
115,6,3,22:21:09
164,6,3,22:21:58
315,6,3,22:22:22
232,6,3,22:22:36
75,6,3,22:22:41
288,6,3,22:23:08
227,6,3,22:23:28
189,6,3,22:23:47
139,6,3,22:24:19
133,6,3,22:24:47
187,6,3,22:25:55
276,6,3,22:26:06
319,6,3,22:26:36
376,6,3,22:26:43
218,6,3,22:27:45
339,6,3,22:29:54
305,6,3,22:30:10
400,6,3,22:32:43
71,6,3,22:33:46
295,6,3,22:34:10
405,6,3,22:34:30
359,6,3,22:35:19
148,6,3,22:35:42
449,6,3,22:36:22
151,6,3,22:36:45
74,6,3,22:37:43
2,6,3,22:38:56
354,6,3,22:39:04
303,6,3,22:39:15
317,6,3,22:39:26
150,6,3,22:39:41
351,6,3,22:40:52
137,6,3,22:41:40
156,6,3,22:41:42
441,6,3,22:41:57
430,6,3,22:42:13
331,6,3,22:42:15
23,6,3,22:43:17
100,6,3,22:43:29
103,6,3,22:43:58
36,6,3,22:44:44
379,6,3,22:46:26
16,6,3,22:47:23
155,6,3,22:47:41
71,6,3,22:48:10
63,6,3,22:48:49
314,6,3,22:51:13
429,6,3,22:51:15
188,6,3,22:51:19
44,6,3,22:51:19
169,6,3,22:51:26
26,6,3,22:51:26
394,6,3,22:51:28
337,6,3,22:51:30
287,6,3,22:51:34
431,6,3,22:51:36
420,6,3,22:51:38
1,6,3,22:51:44
57,6,3,22:51:53
371,6,3,22:52:07
64,6,3,22:52:56
415,6,3,22:53:01
343,6,3,22:53:26
370,6,3,22:53:33
356,6,3,22:53:35
59,6,3,22:53:36
316,6,3,22:53:59
130,6,3,22:54:00
143,6,3,22:54:06
278,6,3,22:54:18
39,6,3,22:54:46
416,6,3,22:55:02
419,6,3,22:55:38
120,6,3,22:56:30
163,6,3,22:57:06
288,6,3,22:57:36
315,6,3,22:57:46
380,6,3,22:58:42
281,6,3,22:59:00
342,6,3,22:59:32
306,6,3,22:59:39
367,6,3,23:01:21
328,6,3,23:02:16
196,6,3,23:03:10
102,6,3,23:03:20
33,6,3,23:03:23
216,6,3,23:03:45
61,6,3,23:04:36
411,6,3,23:04:47
350,6,3,23:05:12
9,6,3,23:05:14
6,6,3,23:05:50
315,6,3,23:05:59
430,6,3,23:06:26
323,6,3,23:06:42
70,6,3,23:06:55
291,6,3,23:07:12
148,6,3,23:07:49
62,6,3,23:07:52
68,6,3,23:08:08
357,6,3,23:08:42
451,6,3,23:09:11
304,6,3,23:09:11
278,6,3,23:09:13
422,6,3,23:09:31
52,6,3,23:09:57
194,6,3,23:10:15
254,6,3,23:10:27
124,6,3,23:10:31
74,6,3,23:10:41
136,6,3,23:10:45
163,6,3,23:10:47
173,6,3,23:10:47
118,6,3,23:11:17
259,6,3,23:11:24
112,6,3,23:11:29
215,6,3,23:11:50
368,6,3,23:12:07
41,6,3,23:13:13
167,6,3,23:13:46
147,6,3,23:14:09
10,6,3,23:14:18
382,6,3,23:14:19
154,6,3,23:14:19
13,6,3,23:15:04
144,6,3,23:15:40
126,6,3,23:16:05
15,6,3,23:16:18
339,6,3,23:17:04
390,6,3,23:17:19
344,6,3,23:17:32
427,6,3,23:17:42
177,6,3,23:17:49
199,6,3,23:17:54
14,6,3,23:18:27
246,6,3,23:18:37
334,6,3,23:18:53
410,6,3,23:19:14
455,6,3,23:19:51
103,6,3,23:21:16
215,6,3,23:22:18
436,6,3,23:23:29
79,6,3,23:24:19
226,6,3,23:24:22
447,6,3,23:24:28
355,6,3,23:24:45
78,6,3,23:25:43
42,6,3,23:26:29
89,6,3,23:26:57
254,6,3,23:26:58
273,6,3,23:27:12
242,6,3,23:27:24
299,6,3,23:27:39
377,6,3,23:28:29
77,6,3,23:28:31
460,6,3,23:28:34
335,6,3,23:30:20
461,6,3,23:30:31
391,6,3,23:31:19
3,6,3,23:33:41
226,6,3,23:33:43
386,6,3,23:35:29
274,6,3,23:35:58
324,6,3,23:37:34
140,6,3,23:38:04
140,6,3,23:40:02
140,6,3,23:40:57
96,6,3,23:42:15
140,6,3,23:43:25
111,6,3,23:44:07
140,6,3,23:44:20
354,6,3,23:45:20
421,6,3,23:46:40
50,6,3,23:46:49
113,6,3,23:47:19
311,6,3,23:47:28
35,6,3,23:47:55
384,6,3,23:48:01
47,6,3,23:49:03
333,6,3,23:49:18
464,6,3,23:49:35
211,6,3,23:50:17
360,6,3,23:50:29
43,6,3,23:51:13
180,6,3,23:51:16
354,6,3,23:51:35
172,6,3,23:51:59
57,6,3,23:52:55
170,6,3,23:53:01
284,6,3,23:53:31
81,6,3,23:53:47
309,6,3,23:54:02
411,6,3,23:54:56
236,6,3,23:55:19
197,6,3,23:55:33
456,6,3,23:56:29
94,6,3,23:56:45
432,6,3,23:56:49
193,6,3,23:57:06
230,6,3,23:57:43
312,6,3,23:57:49
439,6,3,23:57:55
278,6,3,23:58:03
316,6,3,23:58:16
107,6,3,23:59:19
308,6,3,23:59:21
406,7,4,00:00:11
258,7,4,00:00:18
419,7,4,00:00:23
102,7,4,00:00:28
390,7,4,00:00:41
99,7,4,00:01:05
146,7,4,00:01:10
157,7,4,00:01:18
318,7,4,00:01:24
25,7,4,00:01:27
374,7,4,00:01:27
249,7,4,00:01:30
82,7,4,00:01:31
323,7,4,00:01:34
84,7,4,00:01:34
19,7,4,00:01:38
335,7,4,00:01:40
52,7,4,00:01:42
187,7,4,00:01:44
187,7,4,00:01:44
132,7,4,00:01:45
241,7,4,00:01:49
267,7,4,00:01:53
367,7,4,00:01:55
45,7,4,00:02:07
240,7,4,00:02:11
456,7,4,00:02:14
187,7,4,00:02:15
414,7,4,00:02:20
311,7,4,00:02:23
103,7,4,00:02:26
80,7,4,00:02:27
136,7,4,00:02:34
120,7,4,00:02:38
436,7,4,00:02:39
320,7,4,00:02:39
143,7,4,00:02:42
109,7,4,00:02:43
445,7,4,00:02:51
301,7,4,00:02:51
129,7,4,00:02:53
70,7,4,00:03:12
176,7,4,00:03:25
408,7,4,00:03:28
297,7,4,00:03:42
42,7,4,00:03:46
394,7,4,00:03:59
101,7,4,00:04:00
322,7,4,00:04:13
116,7,4,00:04:15
387,7,4,00:04:23
449,7,4,00:04:28
371,7,4,00:04:52
209,7,4,00:05:08
85,7,4,00:05:11
345,7,4,00:05:20
39,7,4,00:05:35
334,7,4,00:05:37
460,7,4,00:05:37
85,7,4,00:05:39
234,7,4,00:05:57
140,7,4,00:06:08
287,7,4,00:06:10
221,7,4,00:06:17
360,7,4,00:06:24
21,7,4,00:07:05
291,7,4,00:07:10
216,7,4,00:07:20
435,7,4,00:07:20
237,7,4,00:07:38
24,7,4,00:07:58
49,7,4,00:07:59
140,7,4,00:08:03
378,7,4,00:08:10
332,7,4,00:08:29
106,7,4,00:08:33
140,7,4,00:09:09
101,7,4,00:09:13
213,7,4,00:09:37
86,7,4,00:10:06
413,7,4,00:10:11
51,7,4,00:10:24
148,7,4,00:10:50
211,7,4,00:11:13
31,7,4,00:11:18
91,7,4,00:11:28
139,7,4,00:11:52
351,7,4,00:11:55
56,7,4,00:12:15
312,7,4,00:12:31
131,7,4,00:13:03
403,7,4,00:13:08
127,7,4,00:13:18
131,7,4,00:13:24
319,7,4,00:13:54
453,7,4,00:14:00
440,7,4,00:14:18
177,7,4,00:14:25
296,7,4,00:14:41
174,7,4,00:14:42
175,7,4,00:14:47
435,7,4,00:14:49
14,7,4,00:14:59
263,7,4,00:15:10
15,7,4,00:15:35
255,7,4,00:15:38
9,7,4,00:15:52
395,7,4,00:15:58
341,7,4,00:16:26
344,7,4,00:16:37
465,7,4,00:16:41
91,7,4,00:16:45
152,7,4,00:16:53
13,7,4,00:17:10
324,7,4,00:17:13
358,7,4,00:17:21
122,7,4,00:17:25
122,7,4,00:17:25
198,7,4,00:17:26
181,7,4,00:17:28
113,7,4,00:17:38
314,7,4,00:17:40
87,7,4,00:17:58
417,7,4,00:17:59
44,7,4,00:18:01
415,7,4,00:18:04
394,7,4,00:18:05
417,7,4,00:18:15
308,7,4,00:18:22
129,7,4,00:18:51
268,7,4,00:19:23
434,7,4,00:19:28
409,7,4,00:19:34
106,7,4,00:19:42
427,7,4,00:19:53
404,7,4,00:20:00
283,7,4,00:20:23
321,7,4,00:20:36
429,7,4,00:20:39
116,7,4,00:20:43
451,7,4,00:21:02
75,7,4,00:21:17
188,7,4,00:21:20
71,7,4,00:21:22
459,7,4,00:21:29
147,7,4,00:21:35
236,7,4,00:21:36
114,7,4,00:21:40
339,7,4,00:21:41
18,7,4,00:22:14
81,7,4,00:22:34
289,7,4,00:22:37
446,7,4,00:22:53
407,7,4,00:23:03
366,7,4,00:23:16
224,7,4,00:23:18
163,7,4,00:23:23
399,7,4,00:23:35
179,7,4,00:23:38
3,7,4,00:23:47
118,7,4,00:24:07
207,7,4,00:24:12
227,7,4,00:25:02
197,7,4,00:25:59
309,7,4,00:26:00
64,7,4,00:26:06
293,7,4,00:26:19
203,7,4,00:26:40
379,7,4,00:27:14
410,7,4,00:27:18
90,7,4,00:27:22
182,7,4,00:27:24
248,7,4,00:27:30
307,7,4,00:27:38
97,7,4,00:28:15
369,7,4,00:28:38
10,7,4,00:28:51
117,7,4,00:28:59
184,7,4,00:29:02
306,7,4,00:29:07
294,7,4,00:29:29
269,7,4,00:29:36
380,7,4,00:30:18
385,7,4,00:30:25
115,7,4,00:30:29
161,7,4,00:30:35
277,7,4,00:30:41
303,7,4,00:31:12
280,7,4,00:31:12
370,7,4,00:31:48
450,7,4,00:32:16
112,7,4,00:32:45
357,7,4,00:32:47
428,7,4,00:32:58
308,7,4,00:33:03
396,7,4,00:33:09
288,7,4,00:33:32
364,7,4,00:33:33
201,7,4,00:34:04
300,7,4,00:34:53
40,7,4,00:35:53
298,7,4,00:36:44
352,7,4,00:37:23
376,7,4,00:37:35
458,7,4,00:41:24
202,7,4,00:43:35
15,7,4,00:43:48
272,7,4,00:44:12
291,7,4,00:44:28
11,7,4,00:44:33
165,7,4,00:45:12
326,7,4,00:46:25
421,7,4,00:47:12
27,7,4,00:47:18
282,7,4,00:48:45
21,7,4,00:49:12
36,7,4,00:49:15
265,7,4,00:49:50
375,7,4,00:51:47
123,7,4,00:53:02
281,7,4,00:53:08
4,7,4,00:53:43
464,7,4,00:53:54
59,7,4,00:54:48
247,7,4,00:54:50
67,7,4,00:57:58
36,7,4,00:57:59
18,7,4,01:01:07
430,7,4,01:02:07
58,7,4,01:03:57
44,7,4,01:04:44
7,7,4,01:06:12
150,7,4,01:07:05
216,7,4,01:07:12
238,7,4,01:08:26
91,7,4,01:09:20
333,7,4,01:09:31
162,7,4,01:09:50
88,7,4,01:09:53
254,7,4,01:12:24
195,7,4,01:13:01
340,7,4,01:25:39
327,7,4,01:30:28
410,7,4,01:32:04
16,7,4,01:32:57
426,7,4,01:33:04
386,7,4,01:37:51
271,7,4,01:47:28
175,7,4,01:51:25
347,7,4,01:51:42
113,7,4,01:57:56
10,7,4,02:03:22
455,7,4,02:06:14
408,7,4,02:08:43
66,7,4,02:20:33
10,7,4,02:28:18
10,7,4,02:36:22
116,7,4,02:48:29
168,7,4,03:19:07
95,7,4,03:30:46
364,7,4,03:34:24
281,7,4,03:37:05
234,7,4,03:37:38
46,7,4,03:39:46
146,7,4,04:36:50
314,7,4,04:38:22
218,7,4,04:50:18
133,7,4,05:10:25
46,7,4,05:15:27
46,7,4,06:06:23
465,7,4,06:06:32
350,7,4,06:11:24
12,7,4,06:12:28
228,7,4,06:14:16
305,7,4,06:14:24
207,7,4,06:19:46
186,7,4,06:23:04
14,7,4,06:24:53
354,7,4,06:25:09
140,7,4,06:25:50
46,7,4,06:26:23
205,7,4,06:29:35
359,7,4,06:30:23
332,7,4,06:30:31
161,7,4,06:30:42
131,7,4,06:32:10
111,7,4,06:34:26
418,7,4,06:34:41
424,7,4,06:34:53
285,7,4,06:36:05
135,7,4,06:36:21
119,7,4,06:36:23
363,7,4,06:36:49
306,7,4,06:37:11
108,7,4,06:37:14
392,7,4,06:37:22
221,7,4,06:37:45
139,7,4,06:40:18
86,7,4,06:40:55
206,7,4,06:43:34
67,7,4,06:43:45
250,7,4,06:44:06
140,7,4,06:45:49
322,7,4,06:46:14
381,7,4,06:46:23
200,7,4,06:46:24
201,7,4,06:47:04
125,7,4,06:47:13
56,7,4,06:47:13
140,7,4,06:47:44
300,7,4,06:49:51
371,7,4,06:49:57
167,7,4,06:50:24
45,7,4,06:51:46
30,7,4,06:53:06
1,7,4,06:53:31
212,7,4,06:54:25
222,7,4,06:57:12
400,7,4,06:59:21
126,7,4,07:00:17
203,7,4,07:00:20
258,7,4,07:00:32
355,7,4,07:00:54
336,7,4,07:02:08
261,7,4,07:02:46
63,7,4,07:02:50
361,7,4,07:03:42
308,7,4,07:03:56
299,7,4,07:04:36
73,7,4,07:05:24
207,7,4,07:05:28
359,7,4,07:06:24
25,7,4,07:06:57
425,7,4,07:08:29
332,7,4,07:09:23
442,7,4,07:09:51
345,7,4,07:11:03
267,7,4,07:12:28
408,7,4,07:12:40
19,7,4,07:12:40
408,7,4,07:12:40
263,7,4,07:12:44
103,7,4,07:12:46
362,7,4,07:12:47
333,7,4,07:13:03
76,7,4,07:13:25
185,7,4,07:13:41
68,7,4,07:13:53
389,7,4,07:14:44
141,7,4,07:15:33
428,7,4,07:16:20
376,7,4,07:16:56
268,7,4,07:16:59
331,7,4,07:17:03
13,7,4,07:17:23
275,7,4,07:18:29
337,7,4,07:18:56
211,7,4,07:19:11
318,7,4,07:19:18
192,7,4,07:19:39
289,7,4,07:21:09
145,7,4,07:21:13
460,7,4,07:21:14
265,7,4,07:21:18
412,7,4,07:21:54
130,7,4,07:22:44
20,7,4,07:22:47
397,7,4,07:23:08
163,7,4,07:23:54
39,7,4,07:24:31
348,7,4,07:25:24
310,7,4,07:25:26
413,7,4,07:25:43
358,7,4,07:26:15
301,7,4,07:26:15
110,7,4,07:26:22
81,7,4,07:26:31
444,7,4,07:26:39
113,7,4,07:26:44
274,7,4,07:26:44
99,7,4,07:27:08
338,7,4,07:27:09
24,7,4,07:27:45
279,7,4,07:28:04
204,7,4,07:28:10
136,7,4,07:30:04
32,7,4,07:31:05
273,7,4,07:31:05
181,7,4,07:32:55
323,7,4,07:33:22
174,7,4,07:33:37
324,7,4,07:33:39
225,7,4,07:34:11
33,7,4,07:34:14
54,7,4,07:34:17
463,7,4,07:34:34
325,7,4,07:34:52
302,7,4,07:36:11
343,7,4,07:37:15
277,7,4,07:39:12
158,7,4,07:39:14
312,7,4,07:40:10
40,7,4,07:40:21
262,7,4,07:41:17
156,7,4,07:44:21
73,7,4,07:44:22
8,7,4,07:44:47
272,7,4,07:45:34
208,7,4,07:45:37
74,7,4,07:46:52
419,7,4,07:46:57
234,7,4,07:47:22
440,7,4,07:47:38
374,7,4,07:48:10
390,7,4,07:48:13
453,7,4,07:48:36
269,7,4,07:48:57
417,7,4,07:49:21
54,7,4,07:49:39
90,7,4,07:50:57
344,7,4,07:50:58
351,7,4,07:51:19
351,7,4,07:51:20
351,7,4,07:51:20
351,7,4,07:51:20
159,7,4,07:51:45
324,7,4,07:53:13
313,7,4,07:53:21
405,7,4,07:53:21
71,7,4,07:53:56
231,7,4,07:54:25
186,7,4,07:55:45
317,7,4,07:57:14
452,7,4,07:57:32
290,7,4,07:57:56
5,7,4,07:59:18
257,7,4,07:59:22
237,7,4,08:00:05
365,7,4,08:00:53
399,7,4,08:01:31
101,7,4,08:01:37
208,7,4,08:02:16
137,7,4,08:03:45
239,7,4,08:03:51
15,7,4,08:04:02
368,7,4,08:05:31
372,7,4,08:05:58
202,7,4,08:06:05
128,7,4,08:06:12
385,7,4,08:06:18
447,7,4,08:07:56
9,7,4,08:10:37
48,7,4,08:11:11
37,7,4,08:11:22
388,7,4,08:11:23
406,7,4,08:11:25
245,7,4,08:13:24
284,7,4,08:13:43
264,7,4,08:13:47
106,7,4,08:13:51
436,7,4,08:14:50
321,7,4,08:14:57
293,7,4,08:15:00
182,7,4,08:15:11
155,7,4,08:17:17
173,7,4,08:17:18
370,7,4,08:17:54
454,7,4,08:19:25
466,7,4,08:19:31
377,7,4,08:20:21
102,7,4,08:21:17
29,7,4,08:21:23
270,7,4,08:22:03
97,7,4,08:23:11
12,7,4,08:24:04
297,7,4,08:24:47
357,7,4,08:25:21
60,7,4,08:25:56
187,7,4,08:26:34
187,7,4,08:26:34
169,7,4,08:26:48
423,7,4,08:27:44
44,7,4,08:28:42
322,7,4,08:28:56
407,7,4,08:28:58
416,7,4,08:29:33
237,7,4,08:29:53
244,7,4,08:30:27
190,7,4,08:30:38
131,7,4,08:31:39
177,7,4,08:32:13
459,7,4,08:33:16
31,7,4,08:33:29
394,7,4,08:33:49
63,7,4,08:34:44
100,7,4,08:34:55
292,7,4,08:35:19
453,7,4,08:37:46
115,7,4,08:37:52
120,7,4,08:38:40
131,7,4,08:38:47
349,7,4,08:38:56
334,7,4,08:40:01
398,7,4,08:40:21
286,7,4,08:40:47
226,7,4,08:41:25
6,7,4,08:44:34
123,7,4,08:46:43
350,7,4,08:46:53
342,7,4,08:47:12
259,7,4,08:47:17
439,7,4,08:47:20
340,7,4,08:47:33
18,7,4,08:47:37
23,7,4,08:48:27
193,7,4,08:48:53
422,7,4,08:48:56
462,7,4,08:49:09
175,7,4,08:49:47
30,7,4,08:50:17
104,7,4,08:51:04
217,7,4,08:51:20
467,7,4,08:51:22
76,7,4,08:51:43
367,7,4,08:52:48
247,7,4,08:53:33
137,7,4,08:53:36
409,7,4,08:55:27
52,7,4,08:57:12
403,7,4,08:57:54
176,7,4,08:58:02
105,7,4,08:58:06
383,7,4,08:59:32
336,7,4,09:00:08
151,7,4,09:00:14
149,7,4,09:00:16
366,7,4,09:00:50
253,7,4,09:01:27
26,7,4,09:01:56
411,7,4,09:02:11
449,7,4,09:03:12
433,7,4,09:04:43
433,7,4,09:05:06
180,7,4,09:06:35
228,7,4,09:06:52
161,7,4,09:06:59
34,7,4,09:07:38
34,7,4,09:08:06
34,7,4,09:08:39
209,7,4,09:08:45
121,7,4,09:09:23
89,7,4,09:09:43
363,7,4,09:09:59
243,7,4,09:10:02
34,7,4,09:10:41
99,7,4,09:10:52
34,7,4,09:11:01
34,7,4,09:11:16
34,7,4,09:11:44
34,7,4,09:11:53
144,7,4,09:12:50
252,7,4,09:13:24
241,7,4,09:13:34
42,7,4,09:14:25
186,7,4,09:14:40
414,7,4,09:15:02
17,7,4,09:15:23
55,7,4,09:15:27
132,7,4,09:15:51
434,7,4,09:16:36
18,7,4,09:16:44
189,7,4,09:16:53
127,7,4,09:17:02
418,7,4,09:17:47
94,7,4,09:18:06
378,7,4,09:19:00
442,7,4,09:19:47
58,7,4,09:20:50
341,7,4,09:23:28
415,7,4,09:24:36
35,7,4,09:24:38
404,7,4,09:24:42
359,7,4,09:25:08
4,7,4,09:27:02
246,7,4,09:27:45
248,7,4,09:28:12
351,7,4,09:28:54
83,7,4,09:29:15
86,7,4,09:29:20
269,7,4,09:29:52
203,7,4,09:30:10
433,7,4,09:30:19
461,7,4,09:31:24
288,7,4,09:31:37
140,7,4,09:31:58
402,7,4,09:32:01
146,7,4,09:32:52
302,7,4,09:33:50
214,7,4,09:34:09
435,7,4,09:34:11
414,7,4,09:34:50
354,7,4,09:35:06
278,7,4,09:35:50
319,7,4,09:35:57
256,7,4,09:36:22
10,7,4,09:36:51
109,7,4,09:37:24
373,7,4,09:37:32
263,7,4,09:38:59
125,7,4,09:39:09
280,7,4,09:39:10
353,7,4,09:40:24
75,7,4,09:42:11
455,7,4,09:43:54
160,7,4,09:44:24
455,7,4,09:44:27
393,7,4,09:45:58
44,7,4,09:46:01
110,7,4,09:47:17
295,7,4,09:47:39
222,7,4,09:47:39
233,7,4,09:48:40
337,7,4,09:49:03
324,7,4,09:49:07
312,7,4,09:50:06
433,7,4,09:50:42
441,7,4,09:51:09
156,7,4,09:51:39
245,7,4,09:52:22
179,7,4,09:52:34
8,7,4,09:52:37
392,7,4,09:53:17
211,7,4,09:53:28
13,7,4,09:53:57
124,7,4,09:54:08
328,7,4,09:54:25
194,7,4,09:55:25
460,7,4,09:55:35
298,7,4,09:55:42
116,7,4,09:55:57
82,7,4,09:56:23
41,7,4,09:57:11
311,7,4,09:58:35
137,7,4,09:59:01
120,7,4,09:59:19
38,7,4,09:59:43
1,7,4,10:01:09
80,7,4,10:01:44
307,7,4,10:02:20
285,7,4,10:02:39
349,7,4,10:03:15
262,7,4,10:03:53
381,7,4,10:04:55
207,7,4,10:05:09
30,7,4,10:06:13
152,7,4,10:06:33
107,7,4,10:07:57
49,7,4,10:09:40
405,7,4,10:09:44
56,7,4,10:09:53
167,7,4,10:09:57
66,7,4,10:10:48
373,7,4,10:10:52
53,7,4,10:11:05
429,7,4,10:11:08
142,7,4,10:11:09
421,7,4,10:14:33
193,7,4,10:14:35
61,7,4,10:14:39
358,7,4,10:14:42
91,7,4,10:14:48
336,7,4,10:14:52
448,7,4,10:15:20
195,7,4,10:15:28
113,7,4,10:15:36
226,7,4,10:15:39
236,7,4,10:16:38
113,7,4,10:16:45
168,7,4,10:17:06
253,7,4,10:17:08
14,7,4,10:17:19
121,7,4,10:17:38
159,7,4,10:17:43
67,7,4,10:18:01
183,7,4,10:18:02
67,7,4,10:18:02
268,7,4,10:18:03
126,7,4,10:18:20
225,7,4,10:18:22
122,7,4,10:18:28
122,7,4,10:18:29
12,7,4,10:18:33
174,7,4,10:18:50
329,7,4,10:18:54
2,7,4,10:18:55
322,7,4,10:19:03
173,7,4,10:19:24
359,7,4,10:19:38
276,7,4,10:19:46
322,7,4,10:20:11
296,7,4,10:20:18
171,7,4,10:20:41
361,7,4,10:20:43
457,7,4,10:20:49
267,7,4,10:20:55
250,7,4,10:21:04
295,7,4,10:22:27
84,7,4,10:22:33
217,7,4,10:22:37
128,7,4,10:22:38
97,7,4,10:22:39
192,7,4,10:22:40
367,7,4,10:23:03
264,7,4,10:23:09
351,7,4,10:23:10
45,7,4,10:23:37
112,7,4,10:23:44
119,7,4,10:23:46
251,7,4,10:23:57
290,7,4,10:24:07
335,7,4,10:24:23
261,7,4,10:24:30
201,7,4,10:24:44
284,7,4,10:24:48
300,7,4,10:24:49
57,7,4,10:24:55
57,7,4,10:24:55
271,7,4,10:25:04
240,7,4,10:25:24
43,7,4,10:25:32
249,7,4,10:25:33
305,7,4,10:25:41
68,7,4,10:25:42
309,7,4,10:25:54
24,7,4,10:26:00
330,7,4,10:26:06
202,7,4,10:26:11
301,7,4,10:26:12
50,7,4,10:26:33
85,7,4,10:26:36
205,7,4,10:26:38
111,7,4,10:26:41
327,7,4,10:26:56
430,7,4,10:27:15
3,7,4,10:27:23
153,7,4,10:27:32
164,7,4,10:27:34
411,7,4,10:27:38
163,7,4,10:28:28
245,7,4,10:28:59
70,7,4,10:29:14
131,7,4,10:29:16
106,7,4,10:29:32
357,7,4,10:29:40
369,7,4,10:29:41
293,7,4,10:29:58
150,7,4,10:30:12
213,7,4,10:30:40
365,7,4,10:30:46
427,7,4,10:30:47
281,7,4,10:30:59
12,7,4,10:31:20
303,7,4,10:31:26
294,7,4,10:31:58
108,7,4,10:32:32
320,7,4,10:33:23
219,7,4,10:33:56
115,7,4,10:33:57
396,7,4,10:33:59
324,7,4,10:34:01
322,7,4,10:34:05
52,7,4,10:34:09
162,7,4,10:34:21
190,7,4,10:34:23
326,7,4,10:34:23
450,7,4,10:34:31
336,7,4,10:35:23
431,7,4,10:35:43
143,7,4,10:35:56
343,7,4,10:35:59
389,7,4,10:36:14
306,7,4,10:36:14
33,7,4,10:36:33
400,7,4,10:36:37
173,7,4,10:36:40
424,7,4,10:36:41
248,7,4,10:36:45
370,7,4,10:36:46
155,7,4,10:36:49
55,7,4,10:37:29
24,7,4,10:37:41
444,7,4,10:37:43
169,7,4,10:37:51
406,7,4,10:37:53
21,7,4,10:38:03
411,7,4,10:38:04
399,7,4,10:38:14
350,7,4,10:38:32
209,7,4,10:38:52
273,7,4,10:39:10
136,7,4,10:39:18
173,7,4,10:39:35
278,7,4,10:40:06
26,7,4,10:40:07
18,7,4,10:40:15
173,7,4,10:40:21
111,7,4,10:40:24
158,7,4,10:40:44
78,7,4,10:40:54
65,7,4,10:40:55
283,7,4,10:41:03
347,7,4,10:41:09
316,7,4,10:41:16
109,7,4,10:41:25
196,7,4,10:41:31
184,7,4,10:41:35
238,7,4,10:41:43
426,7,4,10:41:51
157,7,4,10:42:03
39,7,4,10:42:05
244,7,4,10:42:15
79,7,4,10:42:18
123,7,4,10:42:24
452,7,4,10:42:30
419,7,4,10:42:31
332,7,4,10:42:32
239,7,4,10:42:36
255,7,4,10:42:49
242,7,4,10:42:58
445,7,4,10:43:12
260,7,4,10:43:19
284,7,4,10:43:43
310,7,4,10:43:55
437,7,4,10:43:57
170,7,4,10:44:07
438,7,4,10:44:46
35,7,4,10:45:04
432,7,4,10:45:34
297,7,4,10:45:35
198,7,4,10:45:40
137,7,4,10:46:12
96,7,4,10:46:12
218,7,4,10:47:07
349,7,4,10:47:10
460,7,4,10:47:20
392,7,4,10:47:22
77,7,4,10:47:46
436,7,4,10:48:01
414,7,4,10:48:33
165,7,4,10:48:48
324,7,4,10:49:01
131,7,4,10:49:30
282,7,4,10:49:31
204,7,4,10:49:37
417,7,4,10:50:01
333,7,4,10:50:30
247,7,4,10:50:34
464,7,4,10:50:40
279,7,4,10:51:12
180,7,4,10:51:18
135,7,4,10:52:43
386,7,4,10:52:56
412,7,4,10:53:07
93,7,4,10:53:10
127,7,4,10:53:14
209,7,4,10:53:15
266,7,4,10:53:45
391,7,4,10:54:05
63,7,4,10:54:26
226,7,4,10:56:19
313,7,4,10:56:31
102,7,4,10:56:57
76,7,4,10:57:38
47,7,4,10:57:39
395,7,4,10:58:58
181,7,4,11:00:10
18,7,4,11:01:06
160,7,4,11:01:17
302,7,4,11:01:19
351,7,4,11:01:19
73,7,4,11:01:30
317,7,4,11:01:47
92,7,4,11:01:57
32,7,4,11:01:59
290,7,4,11:02:32
356,7,4,11:03:01
307,7,4,11:03:01
139,7,4,11:04:37
345,7,4,11:04:57
274,7,4,11:05:32
118,7,4,11:06:08
176,7,4,11:06:11
447,7,4,11:06:59
456,7,4,11:07:21
117,7,4,11:08:02
250,7,4,11:08:02
60,7,4,11:08:40
346,7,4,11:09:07
148,7,4,11:09:15
254,7,4,11:09:49
416,7,4,11:09:50
149,7,4,11:09:53
299,7,4,11:09:59
322,7,4,11:09:59
366,7,4,11:10:02
440,7,4,11:10:18
340,7,4,11:10:29
102,7,4,11:10:36
287,7,4,11:10:38
247,7,4,11:10:40
216,7,4,11:11:25
199,7,4,11:11:34
28,7,4,11:11:39
264,7,4,11:12:03
81,7,4,11:12:04
228,7,4,11:12:05
258,7,4,11:12:19
413,7,4,11:12:36
104,7,4,11:12:49
331,7,4,11:13:08
410,7,4,11:13:24
334,7,4,11:13:33
25,7,4,11:13:35
451,7,4,11:13:42
25,7,4,11:13:58
291,7,4,11:14:16
204,7,4,11:14:17
411,7,4,11:14:27
95,7,4,11:14:46
151,7,4,11:14:55
71,7,4,11:15:03
106,7,4,11:15:26
101,7,4,11:15:46
429,7,4,11:16:00
246,7,4,11:16:12
217,7,4,11:16:55
243,7,4,11:16:55
325,7,4,11:16:56
335,7,4,11:17:22
188,7,4,11:17:23
465,7,4,11:17:38
182,7,4,11:18:05
427,7,4,11:18:11
100,7,4,11:18:15
308,7,4,11:18:27
384,7,4,11:19:01
177,7,4,11:19:01
112,7,4,11:19:04
20,7,4,11:19:07
348,7,4,11:19:14
27,7,4,11:19:16
89,7,4,11:19:18
454,7,4,11:19:18
312,7,4,11:19:24
423,7,4,11:19:26
375,7,4,11:19:28
360,7,4,11:19:35
286,7,4,11:19:35
309,7,4,11:19:35
103,7,4,11:19:41
389,7,4,11:19:43
334,7,4,11:19:44
318,7,4,11:19:47
368,7,4,11:20:07
166,7,4,11:20:16
180,7,4,11:20:17
178,7,4,11:20:18
19,7,4,11:20:30
214,7,4,11:20:42
220,7,4,11:20:44
64,7,4,11:20:45
420,7,4,11:20:52
252,7,4,11:20:55
193,7,4,11:21:25
114,7,4,11:21:29
148,7,4,11:21:53
31,7,4,11:22:11
229,7,4,11:22:19
284,7,4,11:22:57
397,7,4,11:23:12
449,7,4,11:23:14
210,7,4,11:23:16
224,7,4,11:23:23
267,7,4,11:23:27
326,7,4,11:23:48
16,7,4,11:23:56
425,7,4,11:24:00
67,7,4,11:24:14
448,7,4,11:25:05
145,7,4,11:25:26
338,7,4,11:26:01
129,7,4,11:26:15
232,7,4,11:26:24
215,7,4,11:26:31
253,7,4,11:27:25
383,7,4,11:28:25
270,7,4,11:29:28
363,7,4,11:29:39
230,7,4,11:29:40
466,7,4,11:29:46
66,7,4,11:30:12
99,7,4,11:30:18
320,7,4,11:30:30
457,7,4,11:31:10
422,7,4,11:31:34
256,7,4,11:31:34
161,7,4,11:31:45
314,7,4,11:32:14
36,7,4,11:32:39
19,7,4,11:33:09
146,7,4,11:33:17
434,7,4,11:33:32
235,7,4,11:33:38
110,7,4,11:33:52
167,7,4,11:34:13
74,7,4,11:35:06
277,7,4,11:35:09
206,7,4,11:35:10
268,7,4,11:35:22
428,7,4,11:35:47
23,7,4,11:35:52
97,7,4,11:35:52
115,7,4,11:36:09
380,7,4,11:36:18
40,7,4,11:36:18
157,7,4,11:37:14
257,7,4,11:37:17
221,7,4,11:37:17
187,7,4,11:37:50
187,7,4,11:37:50
200,7,4,11:37:56
443,7,4,11:38:13
443,7,4,11:38:17
197,7,4,11:38:36
29,7,4,11:38:45
7,7,4,11:38:52
5,7,4,11:40:00
367,7,4,11:40:01
185,7,4,11:40:02
90,7,4,11:40:27
130,7,4,11:40:40
10,7,4,11:41:48
332,7,4,11:42:00
386,7,4,11:42:10
430,7,4,11:42:11
390,7,4,11:42:15
105,7,4,11:42:26
54,7,4,11:43:02
123,7,4,11:43:42
175,7,4,11:43:44
225,7,4,11:43:45
265,7,4,11:43:57
467,7,4,11:43:58
101,7,4,11:44:21
133,7,4,11:44:27
439,7,4,11:46:29
154,7,4,11:46:45
363,7,4,11:47:14
98,7,4,11:48:08
357,7,4,11:48:18
458,7,4,11:48:46
344,7,4,11:49:15
33,7,4,11:49:25
121,7,4,11:50:27
189,7,4,11:50:35
310,7,4,11:51:09
223,7,4,11:51:27
179,7,4,11:51:57
75,7,4,11:52:32
164,7,4,11:52:51
401,7,4,11:52:57
34,7,4,11:52:58
275,7,4,11:53:08
354,7,4,11:53:13
409,7,4,11:53:16
34,7,4,11:53:19
248,7,4,11:53:38
377,7,4,11:53:39
140,7,4,11:53:54
186,7,4,11:54:36
171,7,4,11:55:23
147,7,4,11:56:47
120,7,4,11:58:30
42,7,4,11:58:53
240,7,4,11:59:36
355,7,4,11:59:57
379,7,4,12:00:21
305,7,4,12:00:26
172,7,4,12:00:48
32,7,4,12:00:54
381,7,4,12:01:00
257,7,4,12:01:11
87,7,4,12:01:20
9,7,4,12:01:35
292,7,4,12:01:48
91,7,4,12:02:35
263,7,4,12:02:48
374,7,4,12:03:29
418,7,4,12:03:40
237,7,4,12:03:57
47,7,4,12:05:36
396,7,4,12:05:44
406,7,4,12:06:04
17,7,4,12:06:55
221,7,4,12:07:12
342,7,4,12:07:51
455,7,4,12:07:54
323,7,4,12:08:11
392,7,4,12:08:17
227,7,4,12:08:39
127,7,4,12:08:42
398,7,4,12:09:00
387,7,4,12:09:43
236,7,4,12:10:48
15,7,4,12:10:55
139,7,4,12:10:55
285,7,4,12:11:05
225,7,4,12:11:18
108,7,4,12:11:45
425,7,4,12:12:07
52,7,4,12:12:23
364,7,4,12:12:47
315,7,4,12:13:51
30,7,4,12:14:43
391,7,4,12:14:46
335,7,4,12:14:56
167,7,4,12:15:03
399,7,4,12:15:03
84,7,4,12:15:26
52,7,4,12:15:33
184,7,4,12:16:24
137,7,4,12:16:53
152,7,4,12:16:57
82,7,4,12:17:04
55,7,4,12:17:18
251,7,4,12:18:13
317,7,4,12:18:19
290,7,4,12:18:58
324,7,4,12:19:16
403,7,4,12:19:18
224,7,4,12:19:58
110,7,4,12:20:12
45,7,4,12:20:44
107,7,4,12:20:45
253,7,4,12:20:46
183,7,4,12:21:11
451,7,4,12:21:16
218,7,4,12:21:32
199,7,4,12:21:49
327,7,4,12:21:54
134,7,4,12:22:43
448,7,4,12:22:58
429,7,4,12:23:31
38,7,4,12:23:54
362,7,4,12:24:08
255,7,4,12:24:08
339,7,4,12:25:15
290,7,4,12:25:47
336,7,4,12:26:01
86,7,4,12:26:07
252,7,4,12:26:25
427,7,4,12:26:44
80,7,4,12:26:58
168,7,4,12:27:28
207,7,4,12:27:28
309,7,4,12:27:37
249,7,4,12:27:41
162,7,4,12:27:52
68,7,4,12:27:56
37,7,4,12:28:07
272,7,4,12:28:21
195,7,4,12:28:43
128,7,4,12:28:47
385,7,4,12:28:51
268,7,4,12:28:54
460,7,4,12:29:36
255,7,4,12:30:01
64,7,4,12:30:52
335,7,4,12:31:16
320,7,4,12:31:42
179,7,4,12:31:47
352,7,4,12:32:29
222,7,4,12:33:44
225,7,4,12:34:00
241,7,4,12:34:36
305,7,4,12:34:37
427,7,4,12:35:00
303,7,4,12:35:25
300,7,4,12:35:49
170,7,4,12:35:51
438,7,4,12:36:19
274,7,4,12:36:52
11,7,4,12:37:43
337,7,4,12:38:42
119,7,4,12:38:57
396,7,4,12:39:35
312,7,4,12:40:23
321,7,4,12:40:57
238,7,4,12:41:02
245,7,4,12:41:21
116,7,4,12:42:01
144,7,4,12:42:25
85,7,4,12:42:52
138,7,4,12:43:14
12,7,4,12:44:14
43,7,4,12:44:30
126,7,4,12:44:40
351,7,4,12:44:48
359,7,4,12:45:39
171,7,4,12:45:40
108,7,4,12:45:45
393,7,4,12:46:04
46,7,4,12:46:39
150,7,4,12:47:33
135,7,4,12:47:49
373,7,4,12:48:00
160,7,4,12:48:17
242,7,4,12:48:18
406,7,4,12:48:48
8,7,4,12:49:15
304,7,4,12:50:03
137,7,4,12:51:33
132,7,4,12:51:44
435,7,4,12:51:48
266,7,4,12:52:50
44,7,4,12:54:15
201,7,4,12:55:11
372,7,4,12:55:21
77,7,4,12:55:23
10,7,4,12:56:17
394,7,4,12:56:24
343,7,4,12:56:39
36,7,4,12:57:38
244,7,4,12:57:46
319,7,4,12:58:00
220,7,4,12:58:59
327,7,4,12:59:01
220,7,4,13:00:25
69,7,4,13:00:26
172,7,4,13:00:46
188,7,4,13:00:57
220,7,4,13:01:09
219,7,4,13:01:15
233,7,4,13:01:38
402,7,4,13:01:59
222,7,4,13:02:13
236,7,4,13:02:43
38,7,4,13:02:49
135,7,4,13:03:37
132,7,4,13:03:44
94,7,4,13:03:47
433,7,4,13:03:56
184,7,4,13:04:03
21,7,4,13:04:12
451,7,4,13:04:14
430,7,4,13:04:19
467,7,4,13:04:22
72,7,4,13:04:32
282,7,4,13:04:41
430,7,4,13:04:42
45,7,4,13:04:45
35,7,4,13:04:57
335,7,4,13:05:05
255,7,4,13:05:15
96,7,4,13:05:15
306,7,4,13:05:19
76,7,4,13:05:21
430,7,4,13:05:37
280,7,4,13:05:37
360,7,4,13:05:40
280,7,4,13:05:56
351,7,4,13:06:00
120,7,4,13:06:06
148,7,4,13:06:07
358,7,4,13:06:08
59,7,4,13:06:15
313,7,4,13:06:22
350,7,4,13:06:26
371,7,4,13:06:27
462,7,4,13:06:31
354,7,4,13:06:35
435,7,4,13:06:40
418,7,4,13:06:43
85,7,4,13:06:45
179,7,4,13:06:49
366,7,4,13:06:51
291,7,4,13:06:54
182,7,4,13:07:02
280,7,4,13:07:08
313,7,4,13:07:35
237,7,4,13:07:48
145,7,4,13:08:04
131,7,4,13:08:35
411,7,4,13:08:51
363,7,4,13:08:51
459,7,4,13:08:58
237,7,4,13:09:08
289,7,4,13:09:08
131,7,4,13:09:13
215,7,4,13:09:27
160,7,4,13:09:32
399,7,4,13:09:54
170,7,4,13:09:58
414,7,4,13:10:04
49,7,4,13:10:25
219,7,4,13:10:26
42,7,4,13:10:37
235,7,4,13:10:55
378,7,4,13:11:06
370,7,4,13:11:07
295,7,4,13:11:07
271,7,4,13:11:23
125,7,4,13:12:12
333,7,4,13:12:12
132,7,4,13:12:15
277,7,4,13:12:16
278,7,4,13:12:34
395,7,4,13:12:37
170,7,4,13:12:51
348,7,4,13:13:14
12,7,4,13:13:21
76,7,4,13:13:26
159,7,4,13:13:39
299,7,4,13:13:52
337,7,4,13:13:59
450,7,4,13:14:06
1,7,4,13:14:22
148,7,4,13:14:25
61,7,4,13:14:26
6,7,4,13:14:33
37,7,4,13:14:50
261,7,4,13:15:24
296,7,4,13:15:29
12,7,4,13:15:39
58,7,4,13:15:43
178,7,4,13:16:02
430,7,4,13:16:11
37,7,4,13:16:14
184,7,4,13:16:15
388,7,4,13:16:26
37,7,4,13:16:30
284,7,4,13:16:36
400,7,4,13:16:39
36,7,4,13:16:40
241,7,4,13:16:46
1,7,4,13:17:07
438,7,4,13:17:12
36,7,4,13:17:21
104,7,4,13:17:32
41,7,4,13:17:58
284,7,4,13:18:17
252,7,4,13:18:33
453,7,4,13:18:41
104,7,4,13:18:43
344,7,4,13:18:56
399,7,4,13:19:10
394,7,4,13:19:12
309,7,4,13:19:13
166,7,4,13:19:19
241,7,4,13:19:46
407,7,4,13:20:17
201,7,4,13:20:21
394,7,4,13:20:25
363,7,4,13:21:01
456,7,4,13:21:03
441,7,4,13:21:04
361,7,4,13:21:14
100,7,4,13:21:49
310,7,4,13:21:52
133,7,4,13:21:54
201,7,4,13:22:00
318,7,4,13:22:57
376,7,4,13:23:10
293,7,4,13:23:11
265,7,4,13:23:31
303,7,4,13:23:34
207,7,4,13:23:36
87,7,4,13:23:59
123,7,4,13:24:43
160,7,4,13:24:44
392,7,4,13:24:52
47,7,4,13:24:59
52,7,4,13:25:13
150,7,4,13:25:14
314,7,4,13:25:17
369,7,4,13:25:30
16,7,4,13:25:31
226,7,4,13:25:36
28,7,4,13:25:42
375,7,4,13:25:51
3,7,4,13:25:53
246,7,4,13:26:38
392,7,4,13:27:19
240,7,4,13:27:21
405,7,4,13:27:26
381,7,4,13:27:38
451,7,4,13:27:47
219,7,4,13:28:12
332,7,4,13:28:16
60,7,4,13:28:55
358,7,4,13:29:01
103,7,4,13:30:01
147,7,4,13:30:11
195,7,4,13:31:01
437,7,4,13:31:21
262,7,4,13:31:37
223,7,4,13:32:06
161,7,4,13:32:10
15,7,4,13:33:09
13,7,4,13:34:11
32,7,4,13:34:26
307,7,4,13:34:41
259,7,4,13:35:37
63,7,4,13:35:38
311,7,4,13:35:51
92,7,4,13:35:52
102,7,4,13:35:57
216,7,4,13:36:29
302,7,4,13:37:28
191,7,4,13:37:31
4,7,4,13:38:21
163,7,4,13:39:04
207,7,4,13:39:28
52,7,4,13:40:33
426,7,4,13:40:55
457,7,4,13:40:58
316,7,4,13:41:08
18,7,4,13:41:39
258,7,4,13:41:39
314,7,4,13:41:51
454,7,4,13:42:11
202,7,4,13:42:25
409,7,4,13:43:00
120,7,4,13:43:55
37,7,4,13:44:05
232,7,4,13:44:10
181,7,4,13:44:26
252,7,4,13:44:33
25,7,4,13:44:40
298,7,4,13:45:04
149,7,4,13:45:11
169,7,4,13:46:06
423,7,4,13:46:19
78,7,4,13:47:13
80,7,4,13:47:16
422,7,4,13:48:05
194,7,4,13:49:01
379,7,4,13:49:29
158,7,4,13:51:13
288,7,4,13:51:42
365,7,4,13:51:46
453,7,4,13:52:37
43,7,4,13:52:56
168,7,4,13:53:14
55,7,4,13:53:30
43,7,4,13:53:33
160,7,4,13:54:14
345,7,4,13:55:57
164,7,4,13:56:08
238,7,4,13:56:08
235,7,4,13:56:47
130,7,4,13:56:50
208,7,4,13:57:39
406,7,4,13:58:52
229,7,4,13:58:57
153,7,4,13:59:04
218,7,4,13:59:20
188,7,4,14:01:32
411,7,4,14:03:18
133,7,4,14:03:30
344,7,4,14:05:23
204,7,4,14:06:07
161,7,4,14:06:07
54,7,4,14:06:24
128,7,4,14:07:28
139,7,4,14:08:41
310,7,4,14:09:15
256,7,4,14:09:54
119,7,4,14:10:12
382,7,4,14:10:24
28,7,4,14:10:24
398,7,4,14:10:41
30,7,4,14:10:48
412,7,4,14:11:02
178,7,4,14:11:11
386,7,4,14:11:52
68,7,4,14:12:02
341,7,4,14:12:47
379,7,4,14:13:08
412,7,4,14:13:25
90,7,4,14:13:32
39,7,4,14:13:42
143,7,4,14:14:18
81,7,4,14:14:26
105,7,4,14:14:34
348,7,4,14:14:34
91,7,4,14:14:54
180,7,4,14:15:33
175,7,4,14:15:42
387,7,4,14:15:47
65,7,4,14:16:30
338,7,4,14:16:48
277,7,4,14:17:16
156,7,4,14:17:25
239,7,4,14:17:28
193,7,4,14:17:49
35,7,4,14:18:04
275,7,4,14:18:35
142,7,4,14:18:37
416,7,4,14:19:07
260,7,4,14:19:15
210,7,4,14:19:24
111,7,4,14:19:34
23,7,4,14:19:34
23,7,4,14:19:36
404,7,4,14:19:53
121,7,4,14:19:54
360,7,4,14:20:05
45,7,4,14:20:09
425,7,4,14:20:23
104,7,4,14:20:29
330,7,4,14:20:33
199,7,4,14:20:55
324,7,4,14:22:37
77,7,4,14:23:15
409,7,4,14:23:22
217,7,4,14:24:44
391,7,4,14:24:54
50,7,4,14:25:20
185,7,4,14:25:52
213,7,4,14:26:01
185,7,4,14:26:37
266,7,4,14:26:45
359,7,4,14:26:48
165,7,4,14:26:56
467,7,4,14:27:58
329,7,4,14:28:16
346,7,4,14:28:35
70,7,4,14:28:42
177,7,4,14:29:34
442,7,4,14:30:02
172,7,4,14:30:59
430,7,4,14:31:23
253,7,4,14:31:52
430,7,4,14:31:54
219,7,4,14:31:59
430,7,4,14:32:32
314,7,4,14:32:39
304,7,4,14:33:05
464,7,4,14:33:13
464,7,4,14:33:59
168,7,4,14:35:29
141,7,4,14:35:33
25,7,4,14:35:49
6,7,4,14:36:35
154,7,4,14:37:19
457,7,4,14:37:59
429,7,4,14:38:26
410,7,4,14:38:31
183,7,4,14:40:10
331,7,4,14:41:17
308,7,4,14:42:40
409,7,4,14:42:48
95,7,4,14:42:57
369,7,4,14:43:00
461,7,4,14:43:03
368,7,4,14:43:38
200,7,4,14:43:42
250,7,4,14:43:44
264,7,4,14:43:55
120,7,4,14:44:15
100,7,4,14:45:10
72,7,4,14:45:24
426,7,4,14:45:29
212,7,4,14:45:49
214,7,4,14:45:56
118,7,4,14:46:05
132,7,4,14:46:33
150,7,4,14:46:42
353,7,4,14:47:00
8,7,4,14:47:01
112,7,4,14:47:14
190,7,4,14:47:28
214,7,4,14:47:39
371,7,4,14:47:45
196,7,4,14:47:48
231,7,4,14:48:02
214,7,4,14:48:12
214,7,4,14:48:40
443,7,4,14:48:45
323,7,4,14:48:50
360,7,4,14:49:16
406,7,4,14:49:37
352,7,4,14:49:59
190,7,4,14:50:53
160,7,4,14:51:41
143,7,4,14:52:23
224,7,4,14:53:16
465,7,4,14:53:49
435,7,4,14:54:08
339,7,4,14:54:28
290,7,4,14:54:51
430,7,4,14:56:11
174,7,4,14:56:13
33,7,4,14:57:44
328,7,4,14:58:20
312,7,4,14:58:23
157,7,4,14:58:33
276,7,4,14:58:39
7,7,4,15:00:26
433,7,4,15:01:10
271,7,4,15:01:21
46,7,4,15:01:35
115,7,4,15:01:47
7,7,4,15:03:03
148,7,4,15:03:23
310,7,4,15:03:45
363,7,4,15:04:02
451,7,4,15:04:10
122,7,4,15:04:27
122,7,4,15:04:28
266,7,4,15:04:30
347,7,4,15:04:33
385,7,4,15:04:50
281,7,4,15:05:00
122,7,4,15:05:03
418,7,4,15:05:23
434,7,4,15:05:52
173,7,4,15:06:04
120,7,4,15:06:04
91,7,4,15:06:06
265,7,4,15:06:09
202,7,4,15:06:43
190,7,4,15:06:45
203,7,4,15:07:15
31,7,4,15:07:21
238,7,4,15:07:24
457,7,4,15:07:49
455,7,4,15:07:50
263,7,4,15:08:18
358,7,4,15:08:28
144,7,4,15:08:29
124,7,4,15:08:31
88,7,4,15:08:56
59,7,4,15:09:22
271,7,4,15:10:26
27,7,4,15:11:11
85,7,4,15:11:15
71,7,4,15:11:51
99,7,4,15:13:30
192,7,4,15:14:25
189,7,4,15:14:48
253,7,4,15:16:22
232,7,4,15:16:49
428,7,4,15:17:06
323,7,4,15:17:30
373,7,4,15:17:47
77,7,4,15:17:53
236,7,4,15:18:07
74,7,4,15:18:44
359,7,4,15:18:48
107,7,4,15:18:56
424,7,4,15:19:03
459,7,4,15:19:08
297,7,4,15:19:38
20,7,4,15:20:44
87,7,4,15:21:05
53,7,4,15:21:08
32,7,4,15:21:13
56,7,4,15:22:21
359,7,4,15:22:54
251,7,4,15:23:07
465,7,4,15:25:29
257,7,4,15:26:07
412,7,4,15:26:39
38,7,4,15:27:03
123,7,4,15:27:04
44,7,4,15:27:11
156,7,4,15:27:32
21,7,4,15:27:53
93,7,4,15:27:57
292,7,4,15:28:40
382,7,4,15:29:28
444,7,4,15:29:59
344,7,4,15:30:05
171,7,4,15:30:10
279,7,4,15:30:23
421,7,4,15:30:52
147,7,4,15:31:13
106,7,4,15:31:34
322,7,4,15:32:16
280,7,4,15:32:34
401,7,4,15:33:47
48,7,4,15:34:09
305,7,4,15:34:14
127,7,4,15:34:35
117,7,4,15:34:50
63,7,4,15:35:10
17,7,4,15:35:21
307,7,4,15:37:59
317,7,4,15:38:23
331,7,4,15:39:28
423,7,4,15:40:16
438,7,4,15:41:39
209,7,4,15:41:41
14,7,4,15:41:53
255,7,4,15:41:55
354,7,4,15:42:18
47,7,4,15:42:22
26,7,4,15:42:38
184,7,4,15:42:38
268,7,4,15:42:43
431,7,4,15:42:48
382,7,4,15:43:17
432,7,4,15:43:29
103,7,4,15:45:22
358,7,4,15:45:29
358,7,4,15:45:30
15,7,4,15:45:46
357,7,4,15:46:32
433,7,4,15:46:36
327,7,4,15:46:45
383,7,4,15:46:54
202,7,4,15:47:11
162,7,4,15:47:59
360,7,4,15:48:12
18,7,4,15:48:14
261,7,4,15:48:50
201,7,4,15:49:07
155,7,4,15:49:36
307,7,4,15:50:48
261,7,4,15:50:49
241,7,4,15:51:00
12,7,4,15:51:19
261,7,4,15:51:20
356,7,4,15:52:51
374,7,4,15:53:28
402,7,4,15:53:29
169,7,4,15:53:49
65,7,4,15:56:43
113,7,4,15:57:10
113,7,4,15:57:11
96,7,4,15:57:41
165,7,4,15:57:55
337,7,4,15:57:55
295,7,4,15:58:03
38,7,4,15:58:52
94,7,4,15:59:24
51,7,4,15:59:54
439,7,4,16:00:59
223,7,4,16:05:23
138,7,4,16:05:45
171,7,4,16:06:13
244,7,4,16:06:16
447,7,4,16:06:42
57,7,4,16:07:20
111,7,4,16:07:36
249,7,4,16:07:51
79,7,4,16:08:00
366,7,4,16:08:06
219,7,4,16:08:42
163,7,4,16:08:50
227,7,4,16:08:55
122,7,4,16:09:48
122,7,4,16:09:48
288,7,4,16:10:12
122,7,4,16:10:18
36,7,4,16:10:47
109,7,4,16:10:57
287,7,4,16:11:07
67,7,4,16:11:11
423,7,4,16:11:19
325,7,4,16:11:57
43,7,4,16:12:19
237,7,4,16:12:56
3,7,4,16:13:20
404,7,4,16:13:27
94,7,4,16:14:32
335,7,4,16:14:58
8,7,4,16:15:54
168,7,4,16:16:20
379,7,4,16:17:01
108,7,4,16:17:02
218,7,4,16:17:10
229,7,4,16:17:24
293,7,4,16:17:33
139,7,4,16:17:46
278,7,4,16:18:14
66,7,4,16:20:17
391,7,4,16:20:33
191,7,4,16:21:16
148,7,4,16:21:42
217,7,4,16:21:57
260,7,4,16:22:23
62,7,4,16:23:25
186,7,4,16:23:39
167,7,4,16:23:47
369,7,4,16:24:04
464,7,4,16:24:07
161,7,4,16:24:08
464,7,4,16:24:09
320,7,4,16:24:19
342,7,4,16:25:41
240,7,4,16:26:10
88,7,4,16:28:04
462,7,4,16:28:38
23,7,4,16:30:13
343,7,4,16:30:30
61,7,4,16:31:16
124,7,4,16:31:39
277,7,4,16:36:39
430,7,4,16:36:58
338,7,4,16:38:24
238,7,4,16:38:40
253,7,4,16:39:57
267,7,4,16:40:26
178,7,4,16:42:10
1,7,4,16:43:27
286,7,4,16:43:55
231,7,4,16:45:19
437,7,4,16:46:49
254,7,4,16:48:46
307,7,4,16:48:47
105,7,4,16:49:49
156,7,4,16:50:13
205,7,4,16:51:22
456,7,4,16:51:33
421,7,4,16:51:39
166,7,4,16:52:47
393,7,4,16:53:25
449,7,4,16:53:34
137,7,4,16:54:56
5,7,4,16:56:28
448,7,4,16:56:55
413,7,4,16:57:43
193,7,4,16:57:43
10,7,4,16:57:46
408,7,4,16:57:53
360,7,4,16:57:55
225,7,4,16:58:07
396,7,4,16:58:09
333,7,4,16:58:13
452,7,4,16:58:18
245,7,4,16:58:18
57,7,4,16:58:34
42,7,4,16:58:35
47,7,4,16:58:37
332,7,4,16:58:40
366,7,4,16:58:48
213,7,4,16:58:50
70,7,4,16:59:10
232,7,4,16:59:15
310,7,4,16:59:25
414,7,4,16:59:51
49,7,4,16:59:56
383,7,4,17:00:04
401,7,4,17:00:07
233,7,4,17:00:11
302,7,4,17:00:27
129,7,4,17:00:28
345,7,4,17:00:43
385,7,4,17:00:46
411,7,4,17:00:47
387,7,4,17:01:00
350,7,4,17:01:14
92,7,4,17:01:26
311,7,4,17:01:42
335,7,4,17:01:45
83,7,4,17:01:55
363,7,4,17:01:57
6,7,4,17:01:57
114,7,4,17:02:06
159,7,4,17:02:20
168,7,4,17:03:02
222,7,4,17:03:06
72,7,4,17:03:20
226,7,4,17:03:28
326,7,4,17:03:38
208,7,4,17:04:16
62,7,4,17:04:46
89,7,4,17:04:54
381,7,4,17:04:57
185,7,4,17:05:15
349,7,4,17:05:25
287,7,4,17:05:30
160,7,4,17:05:44
215,7,4,17:06:04
34,7,4,17:06:15
252,7,4,17:06:22
164,7,4,17:06:39
91,7,4,17:06:54
266,7,4,17:06:55
22,7,4,17:07:49
457,7,4,17:08:11
351,7,4,17:08:34
365,7,4,17:08:47
446,7,4,17:08:55
84,7,4,17:09:11
384,7,4,17:09:19
315,7,4,17:09:34
373,7,4,17:09:46
54,7,4,17:09:46
255,7,4,17:09:57
133,7,4,17:10:02
112,7,4,17:10:09
11,7,4,17:10:34
406,7,4,17:10:34
394,7,4,17:10:48
399,7,4,17:10:52
391,7,4,17:10:53
110,7,4,17:10:59
204,7,4,17:11:04
125,7,4,17:11:15
459,7,4,17:11:22
170,7,4,17:11:58
95,7,4,17:12:10
52,7,4,17:13:05
405,7,4,17:13:06
367,7,4,17:14:28
219,7,4,17:14:57
327,7,4,17:15:05
50,7,4,17:15:08
419,7,4,17:15:12
29,7,4,17:15:57
401,7,4,17:15:57
122,7,4,17:16:23
122,7,4,17:16:23
289,7,4,17:16:26
284,7,4,17:16:37
28,7,4,17:16:41
372,7,4,17:16:43
173,7,4,17:17:26
356,7,4,17:17:29
340,7,4,17:17:35
79,7,4,17:17:41
309,7,4,17:17:44
150,7,4,17:18:09
37,7,4,17:18:12
281,7,4,17:18:22
121,7,4,17:18:27
397,7,4,17:19:05
166,7,4,17:19:08
87,7,4,17:19:51
108,7,4,17:20:03
85,7,4,17:20:21
294,7,4,17:20:26
132,7,4,17:20:40
44,7,4,17:20:44
227,7,4,17:21:38
217,7,4,17:23:35
239,7,4,17:24:10
268,7,4,17:24:44
59,7,4,17:24:45
401,7,4,17:25:15
108,7,4,17:25:27
182,7,4,17:25:43
430,7,4,17:25:59
4,7,4,17:26:03
312,7,4,17:26:04
300,7,4,17:26:19
276,7,4,17:26:27
304,7,4,17:26:27
230,7,4,17:26:27
216,7,4,17:26:51
45,7,4,17:26:55
120,7,4,17:27:16
420,7,4,17:27:20
115,7,4,17:27:34
237,7,4,17:27:48
266,7,4,17:27:56
272,7,4,17:28:04
370,7,4,17:28:22
9,7,4,17:28:23
25,7,4,17:28:31
314,7,4,17:28:35
144,7,4,17:29:21
316,7,4,17:29:38
169,7,4,17:29:41
198,7,4,17:29:43
360,7,4,17:29:50
302,7,4,17:30:18
291,7,4,17:30:20
126,7,4,17:30:24
119,7,4,17:30:28
135,7,4,17:30:31
358,7,4,17:30:31
277,7,4,17:31:02
224,7,4,17:31:04
46,7,4,17:31:42
36,7,4,17:31:44
45,7,4,17:32:05
392,7,4,17:32:08
422,7,4,17:32:29
460,7,4,17:32:30
103,7,4,17:32:30
457,7,4,17:32:36
77,7,4,17:32:53
86,7,4,17:33:00
231,7,4,17:33:01
368,7,4,17:33:54
68,7,4,17:34:40
464,7,4,17:34:42
464,7,4,17:35:07
101,7,4,17:35:10
196,7,4,17:35:11
195,7,4,17:35:12
73,7,4,17:35:42
209,7,4,17:35:50
186,7,4,17:36:10
225,7,4,17:37:02
407,7,4,17:37:42
226,7,4,17:38:52
313,7,4,17:39:07
362,7,4,17:40:20
430,7,4,17:41:02
426,7,4,17:41:18
93,7,4,17:41:49
410,7,4,17:42:14
395,7,4,17:42:25
201,7,4,17:43:29
173,7,4,17:43:46
336,7,4,17:43:58
199,7,4,17:44:37
329,7,4,17:44:48
252,7,4,17:45:15
254,7,4,17:45:17
427,7,4,17:45:21
223,7,4,17:45:23
139,7,4,17:45:50
286,7,4,17:46:21
280,7,4,17:46:41
278,7,4,17:46:56
235,7,4,17:47:24
432,7,4,17:47:35
234,7,4,17:47:40
123,7,4,17:47:42
51,7,4,17:47:49
394,7,4,17:48:06
264,7,4,17:48:19
99,7,4,17:48:22
194,7,4,17:48:24
361,7,4,17:48:32
449,7,4,17:48:34
149,7,4,17:48:44
20,7,4,17:48:50
435,7,4,17:49:05
96,7,4,17:49:11
276,7,4,17:49:25
160,7,4,17:49:55
195,7,4,17:49:59
336,7,4,17:50:01
173,7,4,17:50:06
269,7,4,17:50:07
247,7,4,17:50:38
266,7,4,17:50:45
466,7,4,17:50:57
214,7,4,17:51:08
154,7,4,17:51:24
233,7,4,17:51:39
167,7,4,17:53:04
248,7,4,17:54:10
22,7,4,17:54:46
273,7,4,17:55:50
201,7,4,17:55:57
382,7,4,17:56:01
365,7,4,17:56:04
64,7,4,17:56:09
242,7,4,17:56:23
182,7,4,17:56:27
18,7,4,17:56:36
454,7,4,17:56:42
450,7,4,17:56:44
458,7,4,17:56:52
348,7,4,17:56:56
355,7,4,17:57:09
188,7,4,17:57:15
98,7,4,17:57:29
17,7,4,17:57:58
378,7,4,17:59:23
449,7,4,17:59:28
33,7,4,18:00:25
403,7,4,18:01:54
444,7,4,18:01:59
151,7,4,18:03:16
59,7,4,18:03:23
57,7,4,18:03:36
59,7,4,18:03:47
265,7,4,18:03:58
451,7,4,18:04:36
56,7,4,18:04:55
461,7,4,18:05:20
201,7,4,18:06:13
40,7,4,18:06:39
170,7,4,18:06:45
134,7,4,18:06:53
463,7,4,18:07:03
268,7,4,18:07:20
65,7,4,18:07:41
113,7,4,18:08:19
438,7,4,18:08:35
246,7,4,18:08:54
343,7,4,18:09:14
278,7,4,18:09:15
55,7,4,18:09:32
411,7,4,18:09:33
344,7,4,18:09:41
2,7,4,18:09:44
243,7,4,18:10:35
467,7,4,18:11:19
375,7,4,18:11:23
136,7,4,18:11:39
255,7,4,18:11:43
72,7,4,18:11:54
392,7,4,18:12:52
458,7,4,18:13:56
202,7,4,18:14:20
441,7,4,18:15:12
227,7,4,18:16:38
117,7,4,18:17:29
157,7,4,18:18:00
153,7,4,18:18:09
303,7,4,18:18:11
379,7,4,18:18:22
68,7,4,18:19:40
69,7,4,18:20:09
177,7,4,18:20:10
71,7,4,18:20:27
127,7,4,18:20:32
366,7,4,18:21:27
47,7,4,18:21:44
118,7,4,18:22:48
165,7,4,18:23:05
339,7,4,18:23:18
424,7,4,18:23:42
79,7,4,18:23:44
261,7,4,18:25:40
318,7,4,18:26:00
210,7,4,18:26:13
321,7,4,18:26:15
274,7,4,18:26:16
44,7,4,18:26:21
445,7,4,18:26:54
418,7,4,18:27:39
275,7,4,18:27:52
431,7,4,18:28:36
279,7,4,18:28:55
326,7,4,18:29:16
107,7,4,18:29:30
46,7,4,18:30:05
398,7,4,18:30:12
228,7,4,18:31:07
35,7,4,18:31:11
148,7,4,18:31:25
278,7,4,18:31:27
446,7,4,18:31:38
100,7,4,18:31:56
251,7,4,18:31:58
280,7,4,18:32:10
129,7,4,18:32:47
113,7,4,18:33:13
220,7,4,18:33:17
325,7,4,18:33:23
319,7,4,18:33:26
410,7,4,18:33:37
113,7,4,18:33:39
155,7,4,18:34:26
90,7,4,18:35:55
393,7,4,18:35:57
161,7,4,18:38:10
147,7,4,18:38:22
369,7,4,18:38:35
148,7,4,18:39:09
100,7,4,18:41:26
200,7,4,18:42:37
346,7,4,18:43:02
187,7,4,18:44:34
187,7,4,18:44:34
74,7,4,18:44:34
116,7,4,18:44:55
364,7,4,18:45:06
113,7,4,18:45:52
360,7,4,18:46:31
193,7,4,18:46:42
314,7,4,18:46:53
434,7,4,18:47:35
295,7,4,18:47:52
322,7,4,18:48:06
412,7,4,18:49:17
388,7,4,18:49:24
216,7,4,18:49:37
349,7,4,18:49:43
156,7,4,18:50:31
255,7,4,18:51:35
62,7,4,18:51:50
324,7,4,18:52:31
86,7,4,18:52:34
236,7,4,18:52:41
207,7,4,18:53:03
402,7,4,18:53:08
422,7,4,18:53:35
179,7,4,18:54:00
186,7,4,18:54:23
120,7,4,18:55:00
310,7,4,18:56:04
73,7,4,18:57:10
433,7,4,18:57:46
433,7,4,18:58:14
119,7,4,18:58:41
64,7,4,18:58:53
252,7,4,18:59:02
16,7,4,19:00:52
460,7,4,19:01:31
432,7,4,19:01:41
26,7,4,19:02:28
6,7,4,19:04:18
163,7,4,19:04:24
373,7,4,19:04:39
164,7,4,19:04:40
326,7,4,19:04:46
375,7,4,19:04:57
387,7,4,19:06:19
457,7,4,19:06:19
141,7,4,19:06:54
180,7,4,19:07:27
280,7,4,19:09:30
66,7,4,19:10:09
285,7,4,19:10:39
423,7,4,19:11:12
345,7,4,19:11:13
62,7,4,19:11:23
351,7,4,19:12:56
103,7,4,19:13:00
443,7,4,19:14:14
130,7,4,19:14:29
341,7,4,19:14:47
36,7,4,19:15:44
183,7,4,19:15:44
263,7,4,19:16:13
131,7,4,19:16:27
356,7,4,19:17:58
338,7,4,19:19:31
298,7,4,19:20:03
380,7,4,19:20:43
212,7,4,19:21:58
155,7,4,19:24:49
189,7,4,19:26:03
359,7,4,19:26:42
406,7,4,19:27:03
122,7,4,19:28:16
122,7,4,19:28:16
149,7,4,19:28:26
63,7,4,19:30:34
20,7,4,19:31:11
32,7,4,19:33:27
126,7,4,19:34:40
124,7,4,19:35:04
362,7,4,19:35:50
416,7,4,19:36:40
411,7,4,19:37:20
223,7,4,19:37:26
255,7,4,19:38:51
59,7,4,19:39:03
94,7,4,19:40:21
438,7,4,19:41:30
34,7,4,19:41:58
34,7,4,19:42:07
281,7,4,19:42:38
138,7,4,19:43:39
255,7,4,19:44:46
171,7,4,19:44:56
142,7,4,19:45:03
335,7,4,19:45:04
293,7,4,19:45:30
380,7,4,19:45:41
143,7,4,19:45:53
152,7,4,19:45:58
264,7,4,19:46:06
460,7,4,19:47:04
76,7,4,19:47:12
170,7,4,19:47:16
21,7,4,19:48:10
115,7,4,19:49:03
199,7,4,19:49:06
112,7,4,19:49:27
338,7,4,19:49:58
80,7,4,19:49:59
455,7,4,19:50:00
65,7,4,19:51:15
188,7,4,19:52:08
211,7,4,19:52:32
320,7,4,19:55:06
77,7,4,19:55:41
108,7,4,19:56:23
395,7,4,19:56:29
428,7,4,19:56:38
184,7,4,19:58:36
425,7,4,19:59:03
300,7,4,20:00:20
312,7,4,20:03:06
84,7,4,20:03:48
140,7,4,20:04:52
368,7,4,20:05:20
317,7,4,20:05:40
306,7,4,20:06:08
24,7,4,20:07:09
286,7,4,20:10:50
139,7,4,20:11:01
421,7,4,20:11:57
462,7,4,20:13:15
101,7,4,20:13:25
134,7,4,20:13:34
401,7,4,20:15:28
61,7,4,20:20:03
172,7,4,20:22:52
404,7,4,20:24:34
156,7,4,20:26:52
97,7,4,20:27:21
88,7,4,20:29:29
71,7,4,20:32:39
193,7,4,20:33:37
154,7,4,20:33:45
44,7,4,20:34:07
250,7,4,20:34:58
443,7,4,20:35:15
284,7,4,20:35:49
353,7,4,20:35:56
395,7,4,20:36:46
276,7,4,20:37:19
205,7,4,20:37:23
79,7,4,20:37:28
160,7,4,20:37:36
219,7,4,20:37:54
18,7,4,20:37:56
331,7,4,20:38:02
446,7,4,20:38:06
8,7,4,20:38:47
177,7,4,20:39:27
409,7,4,20:39:35
219,7,4,20:39:37
161,7,4,20:39:40
376,7,4,20:39:42
318,7,4,20:39:52
185,7,4,20:39:53
254,7,4,20:39:57
64,7,4,20:40:03
273,7,4,20:40:18
206,7,4,20:40:33
67,7,4,20:40:34
220,7,4,20:40:37
57,7,4,20:40:45
112,7,4,20:40:47
393,7,4,20:40:58
47,7,4,20:41:05
355,7,4,20:41:14
89,7,4,20:41:36
91,7,4,20:41:40
201,7,4,20:41:52
303,7,4,20:42:03
10,7,4,20:42:19
13,7,4,20:42:41
278,7,4,20:42:53
195,7,4,20:43:06
136,7,4,20:43:15
25,7,4,20:43:18
404,7,4,20:43:22
162,7,4,20:43:25
360,7,4,20:43:29
69,7,4,20:43:44
83,7,4,20:43:55
168,7,4,20:43:56
314,7,4,20:43:58
390,7,4,20:44:38
374,7,4,20:44:53
283,7,4,20:45:46
441,7,4,20:46:13
272,7,4,20:46:19
167,7,4,20:46:36
365,7,4,20:46:45
48,7,4,20:47:20
315,7,4,20:47:22
242,7,4,20:47:42
170,7,4,20:48:01
260,7,4,20:48:05
377,7,4,20:48:27
48,7,4,20:49:23
111,7,4,20:49:50
371,7,4,20:50:49
235,7,4,20:52:28
54,7,4,20:52:47
12,7,4,20:53:45
292,7,4,20:54:09
313,7,4,20:54:15
299,7,4,20:54:49
172,7,4,20:55:05
278,7,4,20:56:22
249,7,4,20:56:25
220,7,4,20:58:31
140,7,4,20:58:57
50,7,4,20:59:22
406,7,4,20:59:25
155,7,4,21:00:09
310,7,4,21:01:30
9,7,4,21:02:55
420,7,4,21:03:28
99,7,4,21:03:39
108,7,4,21:05:15
236,7,4,21:06:03
382,7,4,21:07:19
271,7,4,21:07:31
328,7,4,21:07:48
30,7,4,21:07:51
5,7,4,21:07:53
411,7,4,21:08:05
45,7,4,21:08:18
435,7,4,21:08:35
317,7,4,21:09:22
175,7,4,21:10:11
70,7,4,21:10:53
49,7,4,21:11:02
458,7,4,21:11:53
431,7,4,21:12:57
437,7,4,21:13:35
103,7,4,21:13:49
104,7,4,21:14:13
108,7,4,21:15:27
19,7,4,21:15:48
169,7,4,21:15:56
218,7,4,21:15:59
307,7,4,21:17:07
385,7,4,21:17:44
309,7,4,21:19:04
456,7,4,21:19:17
87,7,4,21:19:45
451,7,4,21:21:05
53,7,4,21:21:13
226,7,4,21:21:37
161,7,4,21:21:55
41,7,4,21:22:14
53,7,4,21:23:53
459,7,4,21:24:13
410,7,4,21:26:46
405,7,4,21:26:55
380,7,4,21:27:54
63,7,4,21:28:55
229,7,4,21:30:23
398,7,4,21:30:51
216,7,4,21:31:38
391,7,4,21:32:11
237,7,4,21:32:42
413,7,4,21:33:28
414,7,4,21:34:26
78,7,4,21:34:59
232,7,4,21:35:01
258,7,4,21:35:08
274,7,4,21:35:21
149,7,4,21:35:37
372,7,4,21:35:41
163,7,4,21:36:43
411,7,4,21:36:48
19,7,4,21:37:08
97,7,4,21:37:17
159,7,4,21:37:43
157,7,4,21:38:11
43,7,4,21:38:28
467,7,4,21:38:34
288,7,4,21:38:39
180,7,4,21:40:04
171,7,4,21:40:05
280,7,4,21:40:28
436,7,4,21:41:14
243,7,4,21:41:20
406,7,4,21:41:39
192,7,4,21:42:10
192,7,4,21:42:22
411,7,4,21:43:04
93,7,4,21:43:36
98,7,4,21:43:37
286,7,4,21:44:22
191,7,4,21:44:37
72,7,4,21:44:43
445,7,4,21:45:03
224,7,4,21:45:17
153,7,4,21:46:03
392,7,4,21:46:25
463,7,4,21:47:58
255,7,4,21:48:18
398,7,4,21:48:54
266,7,4,21:49:02
22,7,4,21:50:08
206,7,4,21:50:47
230,7,4,21:50:59
47,7,4,21:51:26
444,7,4,21:51:31
6,7,4,21:51:40
127,7,4,21:52:04
121,7,4,21:52:23
409,7,4,21:52:48
357,7,4,21:52:50
445,7,4,21:53:19
269,7,4,21:54:35
171,7,4,21:54:48
210,7,4,21:55:14
440,7,4,21:56:16
247,7,4,21:56:27
133,7,4,21:57:56
403,7,4,21:58:13
14,7,4,22:01:34
217,7,4,22:03:12
460,7,4,22:04:06
315,7,4,22:04:16
89,7,4,22:05:41
238,7,4,22:06:12
7,7,4,22:06:25
338,7,4,22:07:06
137,7,4,22:07:44
387,7,4,22:08:12
79,7,4,22:09:40
96,7,4,22:11:56
96,7,4,22:11:57
278,7,4,22:11:57
96,7,4,22:11:58
366,7,4,22:11:59
326,7,4,22:14:03
261,7,4,22:14:41
255,7,4,22:15:04
77,7,4,22:15:13
327,7,4,22:15:43
269,7,4,22:15:47
376,7,4,22:15:55
339,7,4,22:16:29
449,7,4,22:16:34
240,7,4,22:17:13
114,7,4,22:17:21
33,7,4,22:17:29
329,7,4,22:17:38
350,7,4,22:18:17
178,7,4,22:18:20
80,7,4,22:18:43
42,7,4,22:20:01
67,7,4,22:20:25
242,7,4,22:20:54
358,7,4,22:21:12
345,7,4,22:21:21
259,7,4,22:21:27
375,7,4,22:23:17
35,7,4,22:23:19
465,7,4,22:23:53
201,7,4,22:23:57
415,7,4,22:24:16
263,7,4,22:25:20
113,7,4,22:25:49
450,7,4,22:26:10
21,7,4,22:26:39
68,7,4,22:26:44
85,7,4,22:27:04
277,7,4,22:27:08
303,7,4,22:27:19
85,7,4,22:27:23
158,7,4,22:27:42
354,7,4,22:28:31
140,7,4,22:28:47
18,7,4,22:28:53
204,7,4,22:29:41
290,7,4,22:29:42
129,7,4,22:29:45
291,7,4,22:29:55
17,7,4,22:30:09
55,7,4,22:30:44
276,7,4,22:31:03
426,7,4,22:32:08
367,7,4,22:33:35
120,7,4,22:33:51
417,7,4,22:33:52
118,7,4,22:33:56
148,7,4,22:33:57
173,7,4,22:34:23
10,7,4,22:34:55
446,7,4,22:35:59
461,7,4,22:36:43
51,7,4,22:37:06
311,7,4,22:37:09
193,7,4,22:37:44
359,7,4,22:38:20
50,7,4,22:38:57
58,7,4,22:39:09
432,7,4,22:39:53
278,7,4,22:40:09
171,7,4,22:41:13
150,7,4,22:42:30
396,7,4,22:43:30
289,7,4,22:43:35
188,7,4,22:43:37
194,7,4,22:43:59
344,7,4,22:44:01
108,7,4,22:44:16
170,7,4,22:45:09
26,7,4,22:45:58
147,7,4,22:46:38
99,7,4,22:46:40
156,7,4,22:48:18
171,7,4,22:49:20
46,7,4,22:49:30
143,7,4,22:49:42
52,7,4,22:51:03
197,7,4,22:53:33
208,7,4,22:54:05
331,7,4,22:55:25
107,7,4,22:55:55
179,7,4,22:56:25
75,7,4,22:57:41
193,7,4,22:57:55
304,7,4,22:58:03
391,7,4,22:58:24
357,7,4,22:58:33
410,7,4,23:01:16
447,7,4,23:01:37
453,7,4,23:02:02
17,7,4,23:02:19
262,7,4,23:03:59
394,7,4,23:05:49
213,7,4,23:05:50
287,7,4,23:06:32
452,7,4,23:07:04
139,7,4,23:07:39
182,7,4,23:09:59
336,7,4,23:11:35
149,7,4,23:11:38
220,7,4,23:12:20
268,7,4,23:13:53
439,7,4,23:14:04
71,7,4,23:14:45
375,7,4,23:14:51
352,7,4,23:15:45
320,7,4,23:15:58
11,7,4,23:16:32
63,7,4,23:16:54
278,7,4,23:17:03
25,7,4,23:18:10
112,7,4,23:18:11
60,7,4,23:18:19
312,7,4,23:18:28
123,7,4,23:20:32
395,7,4,23:21:20
16,7,4,23:23:30
16,7,4,23:23:31
327,7,4,23:24:04
269,7,4,23:25:05
141,7,4,23:25:12
101,7,4,23:27:19
369,7,4,23:27:28
201,7,4,23:30:21
403,7,4,23:30:58
231,7,4,23:30:59
162,7,4,23:31:37
98,7,4,23:34:10
379,7,4,23:34:29
222,7,4,23:34:31
388,7,4,23:35:05
303,7,4,23:35:36
271,7,4,23:35:50
464,7,4,23:37:11
189,7,4,23:38:49
27,7,4,23:42:58
191,7,4,23:49:38
226,7,4,23:50:03
277,7,4,23:52:13
185,7,4,23:53:29
212,7,4,23:55:24
209,7,4,23:55:44
360,7,4,23:56:52
79,7,4,23:58:53
282,8,5,00:00:39
76,8,5,00:00:39
438,8,5,00:00:48
91,8,5,00:00:48
456,8,5,00:00:58
399,8,5,00:01:14
42,8,5,00:01:15
94,8,5,00:01:44
203,8,5,00:01:47
81,8,5,00:02:01
413,8,5,00:02:02
301,8,5,00:02:06
410,8,5,00:02:08
332,8,5,00:02:47
238,8,5,00:02:48
417,8,5,00:02:49
406,8,5,00:02:51
225,8,5,00:03:12
241,8,5,00:03:14
166,8,5,00:03:16
380,8,5,00:03:22
160,8,5,00:03:28
14,8,5,00:03:54
391,8,5,00:03:57
408,8,5,00:04:03
358,8,5,00:04:24
160,8,5,00:04:41
317,8,5,00:04:49
66,8,5,00:05:05
258,8,5,00:05:13
223,8,5,00:05:14
58,8,5,00:05:15
298,8,5,00:05:17
355,8,5,00:05:17
366,8,5,00:05:30
61,8,5,00:05:35
58,8,5,00:05:57
251,8,5,00:06:17
255,8,5,00:06:23
63,8,5,00:06:40
415,8,5,00:06:46
52,8,5,00:07:09
80,8,5,00:07:18
379,8,5,00:07:19
52,8,5,00:07:25
102,8,5,00:07:34
7,8,5,00:07:42
75,8,5,00:07:48
99,8,5,00:08:47
457,8,5,00:09:00
350,8,5,00:09:07
184,8,5,00:09:46
115,8,5,00:10:06
396,8,5,00:10:10
106,8,5,00:10:12
290,8,5,00:10:36
216,8,5,00:10:46
51,8,5,00:11:20
165,8,5,00:12:18
394,8,5,00:12:33
321,8,5,00:12:47
295,8,5,00:13:21
460,8,5,00:13:33
101,8,5,00:13:44
405,8,5,00:13:46
33,8,5,00:13:57
300,8,5,00:13:58
82,8,5,00:14:07
40,8,5,00:14:15
265,8,5,00:14:26
360,8,5,00:14:30
46,8,5,00:14:57
56,8,5,00:15:13
68,8,5,00:15:17
155,8,5,00:15:17
96,8,5,00:16:25
344,8,5,00:16:29
316,8,5,00:16:38
93,8,5,00:17:32
236,8,5,00:17:46
97,8,5,00:17:53
234,8,5,00:19:15
364,8,5,00:19:42
148,8,5,00:20:10
328,8,5,00:20:22
10,8,5,00:21:13
340,8,5,00:21:26
174,8,5,00:21:39
175,8,5,00:22:13
20,8,5,00:22:53
209,8,5,00:22:57
175,8,5,00:23:43
341,8,5,00:24:03
334,8,5,00:25:10
137,8,5,00:27:03
131,8,5,00:27:13
414,8,5,00:27:31
354,8,5,00:28:23
3,8,5,00:28:43
140,8,5,00:28:46
197,8,5,00:28:51
202,8,5,00:29:27
207,8,5,00:29:54
349,8,5,00:31:46
49,8,5,00:35:10
107,8,5,00:36:49
193,8,5,00:37:16
147,8,5,00:37:22
423,8,5,00:38:49
15,8,5,00:38:54
44,8,5,00:39:40
36,8,5,00:40:05
113,8,5,00:40:13
113,8,5,00:40:31
249,8,5,00:41:51
309,8,5,00:42:44
148,8,5,00:43:03
127,8,5,00:43:05
421,8,5,00:43:47
188,8,5,00:44:35
145,8,5,00:44:39
291,8,5,00:46:05
77,8,5,00:46:25
458,8,5,00:46:39
323,8,5,00:46:56
387,8,5,00:48:08
312,8,5,00:48:28
31,8,5,00:49:32
201,8,5,00:50:35
195,8,5,00:50:42
327,8,5,00:50:44
444,8,5,00:51:05
69,8,5,00:51:17
319,8,5,00:51:45
150,8,5,00:51:51
248,8,5,00:56:03
67,8,5,00:57:21
90,8,5,00:58:58
280,8,5,01:00:20
123,8,5,01:02:45
198,8,5,01:05:03
161,8,5,01:13:53
145,8,5,01:15:00
116,8,5,01:15:20
335,8,5,01:15:29
347,8,5,01:16:40
294,8,5,01:18:07
11,8,5,01:18:48
464,8,5,01:19:27
446,8,5,01:22:55
306,8,5,01:27:58
373,8,5,01:30:12
382,8,5,01:31:11
376,8,5,01:33:33
430,8,5,01:34:20
207,8,5,01:39:04
163,8,5,01:41:43
50,8,5,01:42:58
180,8,5,01:49:12
16,8,5,01:51:30
455,8,5,02:02:27
457,8,5,02:03:00
120,8,5,02:10:11
197,8,5,02:10:43
179,8,5,02:14:05
113,8,5,02:16:50
335,8,5,02:18:02
278,8,5,02:47:06
335,8,5,03:23:08
382,8,5,03:52:59
41,8,5,03:53:02
234,8,5,05:58:12
418,8,5,06:00:55
425,8,5,06:13:25
459,8,5,06:19:25
361,8,5,06:24:58
125,8,5,06:30:02
359,8,5,06:30:36
392,8,5,06:30:51
156,8,5,06:33:08
186,8,5,06:34:19
305,8,5,06:35:57
119,8,5,06:37:46
167,8,5,06:46:05
394,8,5,06:46:29
401,8,5,06:48:01
108,8,5,06:50:25
229,8,5,06:52:20
146,8,5,06:53:53
300,8,5,06:54:34
337,8,5,06:56:07
87,8,5,06:56:17
399,8,5,06:56:22
332,8,5,06:57:27
442,8,5,06:58:38
185,8,5,06:58:47
133,8,5,07:00:25
269,8,5,07:02:57
225,8,5,07:03:51
44,8,5,07:04:07
174,8,5,07:05:25
277,8,5,07:05:46
161,8,5,07:06:34
385,8,5,07:07:48
351,8,5,07:08:29
393,8,5,07:09:12
374,8,5,07:09:24
190,8,5,07:09:37
465,8,5,07:09:42
299,8,5,07:09:53
345,8,5,07:11:10
350,8,5,07:12:05
362,8,5,07:12:40
73,8,5,07:13:47
9,8,5,07:14:19
181,8,5,07:15:18
30,8,5,07:15:23
328,8,5,07:15:36
221,8,5,07:15:52
102,8,5,07:15:55
228,8,5,07:16:03
261,8,5,07:17:55
135,8,5,07:19:20
376,8,5,07:19:20
218,8,5,07:19:21
33,8,5,07:20:01
392,8,5,07:20:53
20,8,5,07:21:13
169,8,5,07:22:56
286,8,5,07:23:15
358,8,5,07:23:31
17,8,5,07:23:34
356,8,5,07:24:38
318,8,5,07:24:41
85,8,5,07:25:50
85,8,5,07:26:10
258,8,5,07:26:30
46,8,5,07:26:43
290,8,5,07:27:23
445,8,5,07:27:50
200,8,5,07:28:46
452,8,5,07:29:05
247,8,5,07:29:14
8,8,5,07:29:30
317,8,5,07:29:43
150,8,5,07:31:40
178,8,5,07:34:17
36,8,5,07:34:38
32,8,5,07:36:44
141,8,5,07:37:22
406,8,5,07:38:58
390,8,5,07:39:41
60,8,5,07:41:54
14,8,5,07:42:26
224,8,5,07:43:47
223,8,5,07:44:06
417,8,5,07:44:24
257,8,5,07:45:19
384,8,5,07:45:28
307,8,5,07:45:56
395,8,5,07:46:40
412,8,5,07:46:42
355,8,5,07:46:43
131,8,5,07:46:54
448,8,5,07:46:56
2,8,5,07:49:03
160,8,5,07:50:26
311,8,5,07:50:32
81,8,5,07:51:56
413,8,5,07:53:15
301,8,5,07:53:44
235,8,5,07:53:53
203,8,5,07:55:35
338,8,5,07:56:05
297,8,5,07:56:21
86,8,5,07:57:33
344,8,5,07:57:43
12,8,5,07:57:58
240,8,5,08:00:15
447,8,5,08:00:49
13,8,5,08:01:27
295,8,5,08:02:15
368,8,5,08:02:39
362,8,5,08:03:11
387,8,5,08:03:20
183,8,5,08:03:34
208,8,5,08:03:51
213,8,5,08:05:42
128,8,5,08:05:53
177,8,5,08:07:08
21,8,5,08:07:21
22,8,5,08:08:03
103,8,5,08:08:22
64,8,5,08:08:29
222,8,5,08:09:35
242,8,5,08:09:39
157,8,5,08:11:33
37,8,5,08:12:28
384,8,5,08:12:39
352,8,5,08:15:15
29,8,5,08:16:20
179,8,5,08:17:32
372,8,5,08:18:43
43,8,5,08:18:58
146,8,5,08:19:14
460,8,5,08:20:04
243,8,5,08:21:48
367,8,5,08:22:19
164,8,5,08:22:50
292,8,5,08:23:13
284,8,5,08:25:53
253,8,5,08:26:25
143,8,5,08:26:46
293,8,5,08:28:12
5,8,5,08:28:19
415,8,5,08:28:36
198,8,5,08:28:43
76,8,5,08:28:53
12,8,5,08:29:19
106,8,5,08:30:34
148,8,5,08:30:49
461,8,5,08:30:55
175,8,5,08:30:59
441,8,5,08:32:20
321,8,5,08:32:48
267,8,5,08:33:39
432,8,5,08:34:09
338,8,5,08:35:56
440,8,5,08:38:24
119,8,5,08:38:59
326,8,5,08:39:02
268,8,5,08:39:09
342,8,5,08:39:22
82,8,5,08:39:42
206,8,5,08:40:02
173,8,5,08:40:46
323,8,5,08:41:00
100,8,5,08:41:08
435,8,5,08:42:13
66,8,5,08:42:46
383,8,5,08:43:17
256,8,5,08:44:14
287,8,5,08:44:24
451,8,5,08:44:25
409,8,5,08:46:31
262,8,5,08:47:02
189,8,5,08:48:12
189,8,5,08:48:13
186,8,5,08:48:18
186,8,5,08:48:44
332,8,5,08:49:08
140,8,5,08:49:43
52,8,5,08:50:18
147,8,5,08:50:21
396,8,5,08:51:53
66,8,5,08:52:09
138,8,5,08:52:37
419,8,5,08:53:03
205,8,5,08:53:07
108,8,5,08:53:20
378,8,5,08:53:51
366,8,5,08:53:54
139,8,5,08:56:07
3,8,5,08:56:28
403,8,5,08:56:36
463,8,5,08:57:15
341,8,5,08:57:20
31,8,5,09:00:11
126,8,5,09:00:34
166,8,5,09:00:35
331,8,5,09:01:37
306,8,5,09:01:39
411,8,5,09:01:44
307,8,5,09:02:47
41,8,5,09:03:12
423,8,5,09:03:38
227,8,5,09:04:18
444,8,5,09:05:33
400,8,5,09:06:26
422,8,5,09:06:51
325,8,5,09:06:53
433,8,5,09:08:58
45,8,5,09:09:46
60,8,5,09:10:13
385,8,5,09:10:30
252,8,5,09:10:49
97,8,5,09:11:18
10,8,5,09:11:50
204,8,5,09:12:03
115,8,5,09:12:31
371,8,5,09:12:49
196,8,5,09:12:49
107,8,5,09:16:23
350,8,5,09:19:13
193,8,5,09:20:01
244,8,5,09:21:06
99,8,5,09:21:24
458,8,5,09:21:44
354,8,5,09:22:06
195,8,5,09:22:14
148,8,5,09:23:07
210,8,5,09:23:50
335,8,5,09:24:13
148,8,5,09:24:40
241,8,5,09:24:49
58,8,5,09:25:25
263,8,5,09:25:33
274,8,5,09:25:51
194,8,5,09:26:28
455,8,5,09:27:45
329,8,5,09:28:01
161,8,5,09:28:18
310,8,5,09:28:49
294,8,5,09:29:25
340,8,5,09:30:04
345,8,5,09:30:08
89,8,5,09:31:46
4,8,5,09:34:39
389,8,5,09:34:46
227,8,5,09:34:52
184,8,5,09:35:07
288,8,5,09:35:19
28,8,5,09:36:06
356,8,5,09:37:25
79,8,5,09:38:16
93,8,5,09:38:26
467,8,5,09:38:57
245,8,5,09:41:42
105,8,5,09:42:11
132,8,5,09:42:22
277,8,5,09:42:32
131,8,5,09:42:45
373,8,5,09:43:00
71,8,5,09:43:23
108,8,5,09:43:58
124,8,5,09:45:28
449,8,5,09:45:29
8,8,5,09:45:30
158,8,5,09:46:16
122,8,5,09:46:24
225,8,5,09:46:42
54,8,5,09:46:49
265,8,5,09:46:54
234,8,5,09:47:22
285,8,5,09:47:45
327,8,5,09:48:47
30,8,5,09:49:55
163,8,5,09:50:12
233,8,5,09:50:29
464,8,5,09:51:07
249,8,5,09:51:19
442,8,5,09:51:34
457,8,5,09:51:45
434,8,5,09:52:15
91,8,5,09:52:29
247,8,5,09:53:13
307,8,5,09:53:19
438,8,5,09:53:30
292,8,5,09:53:34
243,8,5,09:53:40
142,8,5,09:53:41
72,8,5,09:55:38
467,8,5,09:55:59
32,8,5,09:56:40
328,8,5,09:56:59
212,8,5,09:57:00
406,8,5,09:57:06
90,8,5,09:57:10
20,8,5,09:58:21
254,8,5,09:59:17
23,8,5,10:02:04
286,8,5,10:02:26
160,8,5,10:03:12
418,8,5,10:04:42
24,8,5,10:04:50
7,8,5,10:05:16
236,8,5,10:06:28
135,8,5,10:07:06
447,8,5,10:07:20
137,8,5,10:09:42
377,8,5,10:10:05
47,8,5,10:10:07
156,8,5,10:10:12
62,8,5,10:10:40
251,8,5,10:10:51
195,8,5,10:11:12
303,8,5,10:11:22
162,8,5,10:11:46
425,8,5,10:12:15
120,8,5,10:12:52
324,8,5,10:13:14
393,8,5,10:13:27
88,8,5,10:15:22
289,8,5,10:15:50
25,8,5,10:15:53
290,8,5,10:17:49
447,8,5,10:19:10
51,8,5,10:21:04
38,8,5,10:22:38
129,8,5,10:26:28
387,8,5,10:28:44
34,8,5,10:30:17
34,8,5,10:30:29
34,8,5,10:30:42
103,8,5,10:30:45
34,8,5,10:30:51
34,8,5,10:30:59
34,8,5,10:31:08
34,8,5,10:31:21
34,8,5,10:31:30
34,8,5,10:31:39
34,8,5,10:31:46
34,8,5,10:31:58
34,8,5,10:32:08
174,8,5,10:32:44
63,8,5,10:33:47
239,8,5,10:33:54
409,8,5,10:34:23
358,8,5,10:35:11
229,8,5,10:35:27
63,8,5,10:35:44
146,8,5,10:35:54
76,8,5,10:36:11
269,8,5,10:38:34
83,8,5,10:38:55
319,8,5,10:40:20
299,8,5,10:40:47
402,8,5,10:41:18
231,8,5,10:42:32
261,8,5,10:42:50
320,8,5,10:43:33
405,8,5,10:44:06
395,8,5,10:44:30
219,8,5,10:44:58
59,8,5,10:45:01
202,8,5,10:45:05
371,8,5,10:45:05
204,8,5,10:45:05
448,8,5,10:45:07
19,8,5,10:45:08
318,8,5,10:45:09
323,8,5,10:45:09
62,8,5,10:45:10
296,8,5,10:45:11
336,8,5,10:45:11
1,8,5,10:45:12
115,8,5,10:45:12
175,8,5,10:45:13
94,8,5,10:45:14
228,8,5,10:45:16
367,8,5,10:45:18
252,8,5,10:45:26
117,8,5,10:45:29
363,8,5,10:45:33
201,8,5,10:45:34
168,8,5,10:45:36
16,8,5,10:45:36
287,8,5,10:45:40
177,8,5,10:45:41
185,8,5,10:45:43
128,8,5,10:45:45
84,8,5,10:45:54
86,8,5,10:45:56
413,8,5,10:46:04
209,8,5,10:46:06
181,8,5,10:46:07
312,8,5,10:46:10
314,8,5,10:46:17
349,8,5,10:46:25
250,8,5,10:46:26
104,8,5,10:46:43
109,8,5,10:47:17
361,8,5,10:47:18
332,8,5,10:47:22
197,8,5,10:47:23
102,8,5,10:47:23
284,8,5,10:47:23
304,8,5,10:47:30
259,8,5,10:47:31
414,8,5,10:47:34
306,8,5,10:47:36
205,8,5,10:47:38
40,8,5,10:47:39
316,8,5,10:47:42
445,8,5,10:47:45
11,8,5,10:47:48
225,8,5,10:47:56
238,8,5,10:47:59
39,8,5,10:48:00
214,8,5,10:48:02
390,8,5,10:48:09
379,8,5,10:48:11
187,8,5,10:48:15
187,8,5,10:48:15
173,8,5,10:48:17
429,8,5,10:48:36
359,8,5,10:48:44
213,8,5,10:49:04
81,8,5,10:49:07
272,8,5,10:49:29
186,8,5,10:49:30
112,8,5,10:49:31
376,8,5,10:49:34
309,8,5,10:49:36
248,8,5,10:49:51
127,8,5,10:49:51
437,8,5,10:49:56
218,8,5,10:49:58
409,8,5,10:50:07
67,8,5,10:50:16
368,8,5,10:50:33
236,8,5,10:50:45
457,8,5,10:50:49
191,8,5,10:51:05
242,8,5,10:51:10
360,8,5,10:51:18
399,8,5,10:51:19
381,8,5,10:51:29
48,8,5,10:51:32
68,8,5,10:51:33
460,8,5,10:52:00
239,8,5,10:52:01
60,8,5,10:52:05
256,8,5,10:52:09
357,8,5,10:52:18
264,8,5,10:52:28
110,8,5,10:52:48
116,8,5,10:52:56
222,8,5,10:53:12
347,8,5,10:53:15
301,8,5,10:53:18
444,8,5,10:53:23
12,8,5,10:53:30
348,8,5,10:53:36
108,8,5,10:53:40
133,8,5,10:54:03
324,8,5,10:54:06
366,8,5,10:54:12
404,8,5,10:54:19
87,8,5,10:54:21
13,8,5,10:55:20
150,8,5,10:55:25
416,8,5,10:55:44
439,8,5,10:55:48
52,8,5,10:55:49
432,8,5,10:56:10
427,8,5,10:56:36
430,8,5,10:56:53
240,8,5,10:57:21
442,8,5,10:57:46
55,8,5,10:57:54
92,8,5,10:57:55
114,8,5,10:57:58
99,8,5,10:58:10
422,8,5,10:58:34
311,8,5,10:58:39
139,8,5,10:58:44
199,8,5,10:58:46
266,8,5,10:59:13
369,8,5,10:59:44
82,8,5,10:59:53
179,8,5,10:59:54
268,8,5,11:00:00
29,8,5,11:01:25
97,8,5,11:01:44
69,8,5,11:02:35
452,8,5,11:02:36
258,8,5,11:02:41
282,8,5,11:02:59
307,8,5,11:03:17
120,8,5,11:03:20
246,8,5,11:05:05
419,8,5,11:05:11
56,8,5,11:05:24
45,8,5,11:05:26
42,8,5,11:05:35
223,8,5,11:05:35
118,8,5,11:05:49
131,8,5,11:05:56
365,8,5,11:05:59
456,8,5,11:06:49
149,8,5,11:07:27
310,8,5,11:08:46
343,8,5,11:08:48
153,8,5,11:08:57
10,8,5,11:08:59
454,8,5,11:09:01
420,8,5,11:09:08
151,8,5,11:09:09
170,8,5,11:09:14
122,8,5,11:09:18
122,8,5,11:09:18
186,8,5,11:09:49
298,8,5,11:10:04
237,8,5,11:10:05
304,8,5,11:10:10
45,8,5,11:10:25
333,8,5,11:10:39
412,8,5,11:10:40
308,8,5,11:10:55
467,8,5,11:10:55
118,8,5,11:11:43
66,8,5,11:11:46
356,8,5,11:11:49
121,8,5,11:11:55
78,8,5,11:11:57
281,8,5,11:12:13
408,8,5,11:12:22
61,8,5,11:13:00
36,8,5,11:13:01
441,8,5,11:13:06
370,8,5,11:13:32
54,8,5,11:13:57
400,8,5,11:14:07
292,8,5,11:14:08
103,8,5,11:14:10
43,8,5,11:14:14
273,8,5,11:14:17
97,8,5,11:14:46
206,8,5,11:16:03
123,8,5,11:16:22
324,8,5,11:16:25
15,8,5,11:16:35
111,8,5,11:17:30
89,8,5,11:17:53
226,8,5,11:18:16
79,8,5,11:18:31
433,8,5,11:19:15
60,8,5,11:19:34
101,8,5,11:19:37
465,8,5,11:19:40
163,8,5,11:21:11
423,8,5,11:21:20
64,8,5,11:21:23
191,8,5,11:22:08
182,8,5,11:22:24
300,8,5,11:23:45
435,8,5,11:23:50
136,8,5,11:24:08
275,8,5,11:24:51
451,8,5,11:24:55
196,8,5,11:25:05
322,8,5,11:25:29
25,8,5,11:26:02
295,8,5,11:26:15
257,8,5,11:26:20
184,8,5,11:26:49
455,8,5,11:27:02
380,8,5,11:27:10
87,8,5,11:27:38
302,8,5,11:28:14
337,8,5,11:29:45
175,8,5,11:30:49
33,8,5,11:31:02
81,8,5,11:31:05
49,8,5,11:31:48
225,8,5,11:31:50
440,8,5,11:32:18
314,8,5,11:32:26
73,8,5,11:32:32
67,8,5,11:32:45
8,8,5,11:32:54
297,8,5,11:33:09
385,8,5,11:33:54
74,8,5,11:34:01
243,8,5,11:34:12
195,8,5,11:34:16
410,8,5,11:34:21
145,8,5,11:34:22
331,8,5,11:34:22
108,8,5,11:34:26
192,8,5,11:34:59
5,8,5,11:35:01
355,8,5,11:35:04
24,8,5,11:35:19
350,8,5,11:35:28
27,8,5,11:35:29
313,8,5,11:35:46
115,8,5,11:35:51
299,8,5,11:36:39
177,8,5,11:36:41
338,8,5,11:36:47
220,8,5,11:36:55
169,8,5,11:38:35
138,8,5,11:38:36
262,8,5,11:38:44
159,8,5,11:38:47
50,8,5,11:38:53
426,8,5,11:39:07
17,8,5,11:39:19
383,8,5,11:39:34
130,8,5,11:39:56
173,8,5,11:40:36
392,8,5,11:40:55
100,8,5,11:41:05
277,8,5,11:41:17
178,8,5,11:41:25
166,8,5,11:41:27
137,8,5,11:41:55
462,8,5,11:42:29
188,8,5,11:42:33
57,8,5,11:42:48
58,8,5,11:43:12
28,8,5,11:43:13
253,8,5,11:43:16
255,8,5,11:43:26
260,8,5,11:43:33
304,8,5,11:43:46
306,8,5,11:43:59
141,8,5,11:44:51
371,8,5,11:45:08
123,8,5,11:45:24
79,8,5,11:45:29
171,8,5,11:45:30
147,8,5,11:45:32
180,8,5,11:45:34
109,8,5,11:45:41
360,8,5,11:45:46
232,8,5,11:45:53
346,8,5,11:46:17
68,8,5,11:46:19
378,8,5,11:46:23
214,8,5,11:46:27
83,8,5,11:46:33
427,8,5,11:46:35
428,8,5,11:46:53
291,8,5,11:46:56
135,8,5,11:46:56
75,8,5,11:47:05
34,8,5,11:47:09
77,8,5,11:47:23
266,8,5,11:47:29
172,8,5,11:48:03
283,8,5,11:48:18
246,8,5,11:48:33
188,8,5,11:48:41
252,8,5,11:49:07
464,8,5,11:49:09
126,8,5,11:49:26
271,8,5,11:49:26
341,8,5,11:49:37
47,8,5,11:49:57
95,8,5,11:50:04
445,8,5,11:50:30
87,8,5,11:50:39
419,8,5,11:50:44
8,8,5,11:50:57
44,8,5,11:51:12
21,8,5,11:51:26
97,8,5,11:51:33
120,8,5,11:51:54
342,8,5,11:52:07
349,8,5,11:52:21
36,8,5,11:52:30
181,8,5,11:52:44
10,8,5,11:52:58
326,8,5,11:53:50
189,8,5,11:54:18
125,8,5,11:54:27
200,8,5,11:54:28
375,8,5,11:54:30
201,8,5,11:54:34
201,8,5,11:54:48
144,8,5,11:54:58
354,8,5,11:55:19
86,8,5,11:55:29
340,8,5,11:55:32
221,8,5,11:55:35
398,8,5,11:55:50
422,8,5,11:55:52
250,8,5,11:56:03
140,8,5,11:56:32
86,8,5,11:56:41
406,8,5,11:57:46
458,8,5,11:57:50
436,8,5,11:58:38
226,8,5,11:58:57
235,8,5,12:00:10
149,8,5,12:00:19
285,8,5,12:00:20
93,8,5,12:00:39
84,8,5,12:01:01
305,8,5,12:01:04
467,8,5,12:01:15
9,8,5,12:01:21
85,8,5,12:01:30
104,8,5,12:02:09
18,8,5,12:02:10
330,8,5,12:02:21
397,8,5,12:03:00
154,8,5,12:03:45
202,8,5,12:04:09
132,8,5,12:04:27
310,8,5,12:04:54
415,8,5,12:05:17
164,8,5,12:05:52
391,8,5,12:06:09
183,8,5,12:07:04
352,8,5,12:07:21
105,8,5,12:07:30
401,8,5,12:07:51
123,8,5,12:08:00
359,8,5,12:08:50
24,8,5,12:09:25
449,8,5,12:09:29
107,8,5,12:10:09
446,8,5,12:11:33
276,8,5,12:11:35
48,8,5,12:11:45
351,8,5,12:12:11
247,8,5,12:12:35
255,8,5,12:12:57
232,8,5,12:13:30
141,8,5,12:14:05
30,8,5,12:14:16
63,8,5,12:14:36
403,8,5,12:15:30
287,8,5,12:16:03
315,8,5,12:16:27
70,8,5,12:16:57
224,8,5,12:17:06
6,8,5,12:17:28
388,8,5,12:17:32
459,8,5,12:17:45
208,8,5,12:18:31
430,8,5,12:19:09
460,8,5,12:19:19
280,8,5,12:19:22
314,8,5,12:19:27
176,8,5,12:19:37
318,8,5,12:20:28
161,8,5,12:20:30
442,8,5,12:20:35
437,8,5,12:20:59
197,8,5,12:21:16
382,8,5,12:21:37
156,8,5,12:23:02
207,8,5,12:23:40
124,8,5,12:24:40
265,8,5,12:25:15
201,8,5,12:25:44
307,8,5,12:25:52
131,8,5,12:27:37
233,8,5,12:27:50
405,8,5,12:28:45
293,8,5,12:30:09
329,8,5,12:30:12
244,8,5,12:30:39
335,8,5,12:31:07
278,8,5,12:31:40
457,8,5,12:33:01
171,8,5,12:33:33
56,8,5,12:34:14
422,8,5,12:34:49
296,8,5,12:35:30
254,8,5,12:35:38
86,8,5,12:35:41
392,8,5,12:35:56
137,8,5,12:36:42
66,8,5,12:37:06
425,8,5,12:37:15
394,8,5,12:37:45
302,8,5,12:38:17
110,8,5,12:38:19
345,8,5,12:38:29
343,8,5,12:40:07
25,8,5,12:40:07
163,8,5,12:40:23
53,8,5,12:40:34
216,8,5,12:41:01
155,8,5,12:41:13
195,8,5,12:41:34
162,8,5,12:41:48
19,8,5,12:42:53
313,8,5,12:43:35
401,8,5,12:43:40
411,8,5,12:43:43
278,8,5,12:44:34
402,8,5,12:45:15
92,8,5,12:45:21
160,8,5,12:46:06
324,8,5,12:46:09
134,8,5,12:47:09
225,8,5,12:48:09
373,8,5,12:48:12
386,8,5,12:48:14
438,8,5,12:48:16
204,8,5,12:48:29
430,8,5,12:49:03
353,8,5,12:49:15
1,8,5,12:49:39
230,8,5,12:50:27
370,8,5,12:51:02
266,8,5,12:51:03
263,8,5,12:52:21
23,8,5,12:53:15
110,8,5,12:53:33
267,8,5,12:53:38
106,8,5,12:53:40
407,8,5,12:54:11
227,8,5,12:54:26
86,8,5,12:54:38
405,8,5,12:54:48
4,8,5,12:55:08
122,8,5,12:55:48
122,8,5,12:55:48
35,8,5,12:55:56
416,8,5,12:56:11
214,8,5,12:56:50
7,8,5,12:57:22
9,8,5,12:57:32
318,8,5,12:57:48
362,8,5,12:58:21
174,8,5,12:58:40
449,8,5,12:58:45
47,8,5,12:59:05
442,8,5,12:59:13
268,8,5,12:59:18
435,8,5,13:01:32
327,8,5,13:03:52
274,8,5,13:03:58
279,8,5,13:05:34
38,8,5,13:06:23
319,8,5,13:06:26
143,8,5,13:06:34
320,8,5,13:08:30
361,8,5,13:09:08
97,8,5,13:09:45
286,8,5,13:11:11
39,8,5,13:11:59
175,8,5,13:12:03
48,8,5,13:12:21
218,8,5,13:12:34
226,8,5,13:13:32
363,8,5,13:13:47
127,8,5,13:14:16
466,8,5,13:15:44
148,8,5,13:15:56
142,8,5,13:17:20
385,8,5,13:18:22
156,8,5,13:19:06
443,8,5,13:20:31
22,8,5,13:21:19
157,8,5,13:21:28
239,8,5,13:21:40
63,8,5,13:22:45
126,8,5,13:22:47
261,8,5,13:25:38
13,8,5,13:26:28
426,8,5,13:26:40
69,8,5,13:27:24
350,8,5,13:27:34
111,8,5,13:28:02
65,8,5,13:28:08
190,8,5,13:29:21
12,8,5,13:30:27
395,8,5,13:33:18
168,8,5,13:34:00
167,8,5,13:34:10
43,8,5,13:34:31
114,8,5,13:34:56
193,8,5,13:35:26
76,8,5,13:36:26
448,8,5,13:37:25
116,8,5,13:39:03
202,8,5,13:39:04
404,8,5,13:39:50
339,8,5,13:40:02
116,8,5,13:40:15
467,8,5,13:40:35
83,8,5,13:41:13
358,8,5,13:42:01
289,8,5,13:44:34
204,8,5,13:44:40
100,8,5,13:44:43
153,8,5,13:45:10
105,8,5,13:45:13
74,8,5,13:46:23
433,8,5,13:47:12
393,8,5,13:49:13
179,8,5,13:49:41
45,8,5,13:50:21
213,8,5,13:50:38
255,8,5,13:52:17
52,8,5,13:53:19
16,8,5,13:55:35
316,8,5,13:55:44
359,8,5,13:55:49
312,8,5,13:57:12
221,8,5,13:57:46
88,8,5,13:57:50
211,8,5,14:00:11
180,8,5,14:02:04
237,8,5,14:03:23
381,8,5,14:03:31
306,8,5,14:04:20
149,8,5,14:05:42
14,8,5,14:07:30
316,8,5,14:08:12
372,8,5,14:09:31
114,8,5,14:10:35
66,8,5,14:13:34
191,8,5,14:14:57
345,8,5,14:16:08
437,8,5,14:17:54
222,8,5,14:18:28
392,8,5,14:18:32
383,8,5,14:21:20
311,8,5,14:22:42
156,8,5,14:22:54
92,8,5,14:23:08
272,8,5,14:23:27
411,8,5,14:25:36
22,8,5,14:25:54
26,8,5,14:27:28
417,8,5,14:28:38
310,8,5,14:28:39
388,8,5,14:29:16
29,8,5,14:30:39
343,8,5,14:30:41
378,8,5,14:32:18
462,8,5,14:32:26
25,8,5,14:34:56
264,8,5,14:36:31
161,8,5,14:36:46
186,8,5,14:36:52
144,8,5,14:37:39
1,8,5,14:39:22
440,8,5,14:39:53
391,8,5,14:40:35
112,8,5,14:41:28
108,8,5,14:41:40
201,8,5,14:41:49
47,8,5,14:43:35
335,8,5,14:43:57
90,8,5,14:45:12
257,8,5,14:46:16
223,8,5,14:48:29
447,8,5,14:49:29
93,8,5,14:50:19
324,8,5,14:51:09
205,8,5,14:53:52
243,8,5,14:54:05
276,8,5,14:55:09
444,8,5,14:55:34
331,8,5,14:57:35
423,8,5,14:57:36
467,8,5,14:57:37
7,8,5,15:00:17
397,8,5,15:01:19
154,8,5,15:01:25
59,8,5,15:01:25
399,8,5,15:01:25
334,8,5,15:01:27
304,8,5,15:01:29
408,8,5,15:01:29
336,8,5,15:01:30
170,8,5,15:01:35
310,8,5,15:01:45
294,8,5,15:01:48
72,8,5,15:01:51
209,8,5,15:01:56
159,8,5,15:01:58
67,8,5,15:01:59
238,8,5,15:02:01
53,8,5,15:02:03
406,8,5,15:02:11
76,8,5,15:02:12
278,8,5,15:02:16
39,8,5,15:02:18
458,8,5,15:02:20
404,8,5,15:02:24
308,8,5,15:02:27
111,8,5,15:02:27
152,8,5,15:02:33
452,8,5,15:02:33
275,8,5,15:02:35
368,8,5,15:02:47
430,8,5,15:02:47
1,8,5,15:02:51
115,8,5,15:03:04
277,8,5,15:03:15
63,8,5,15:03:23
458,8,5,15:03:24
240,8,5,15:03:24
49,8,5,15:03:28
26,8,5,15:03:40
181,8,5,15:03:45
150,8,5,15:03:55
263,8,5,15:03:56
120,8,5,15:04:00
50,8,5,15:04:10
235,8,5,15:04:15
184,8,5,15:04:31
178,8,5,15:04:45
56,8,5,15:05:00
28,8,5,15:05:03
171,8,5,15:05:06
231,8,5,15:05:18
271,8,5,15:05:52
178,8,5,15:06:09
245,8,5,15:06:16
91,8,5,15:06:16
199,8,5,15:06:17
70,8,5,15:06:20
383,8,5,15:06:21
255,8,5,15:06:25
313,8,5,15:06:27
403,8,5,15:06:31
118,8,5,15:06:36
221,8,5,15:06:44
269,8,5,15:06:50
99,8,5,15:06:57
259,8,5,15:07:00
163,8,5,15:07:03
454,8,5,15:07:06
260,8,5,15:07:15
176,8,5,15:07:15
410,8,5,15:07:17
239,8,5,15:07:22
35,8,5,15:07:28
369,8,5,15:07:29
139,8,5,15:07:38
247,8,5,15:07:42
104,8,5,15:07:46
270,8,5,15:07:49
314,8,5,15:07:51
329,8,5,15:07:59
432,8,5,15:08:02
256,8,5,15:08:06
289,8,5,15:08:06
252,8,5,15:08:10
251,8,5,15:08:22
466,8,5,15:08:32
459,8,5,15:08:34
40,8,5,15:08:44
284,8,5,15:08:44
312,8,5,15:08:51
6,8,5,15:08:56
412,8,5,15:08:59
412,8,5,15:09:00
292,8,5,15:09:23
143,8,5,15:09:40
113,8,5,15:09:50
409,8,5,15:10:15
228,8,5,15:10:24
68,8,5,15:10:49
232,8,5,15:10:49
443,8,5,15:11:06
134,8,5,15:11:21
324,8,5,15:11:34
348,8,5,15:11:58
136,8,5,15:12:05
33,8,5,15:12:16
308,8,5,15:12:20
439,8,5,15:12:26
229,8,5,15:12:28
401,8,5,15:12:29
441,8,5,15:12:30
380,8,5,15:12:35
288,8,5,15:12:44
205,8,5,15:13:03
3,8,5,15:13:08
248,8,5,15:13:20
123,8,5,15:13:44
167,8,5,15:13:50
337,8,5,15:13:51
130,8,5,15:13:56
420,8,5,15:13:56
169,8,5,15:14:15
37,8,5,15:14:22
160,8,5,15:15:15
405,8,5,15:15:25
36,8,5,15:15:46
237,8,5,15:15:53
277,8,5,15:16:02
149,8,5,15:16:08
132,8,5,15:16:11
54,8,5,15:16:11
127,8,5,15:16:13
253,8,5,15:16:14
55,8,5,15:16:14
293,8,5,15:16:15
384,8,5,15:16:35
102,8,5,15:16:38
135,8,5,15:16:49
384,8,5,15:16:53
168,8,5,15:16:53
85,8,5,15:17:10
282,8,5,15:17:19
34,8,5,15:17:29
76,8,5,15:17:30
315,8,5,15:17:37
212,8,5,15:17:43
207,8,5,15:17:50
109,8,5,15:18:00
323,8,5,15:18:01
24,8,5,15:18:09
158,8,5,15:18:12
20,8,5,15:18:15
445,8,5,15:18:29
34,8,5,15:18:29
34,8,5,15:18:30
367,8,5,15:18:46
47,8,5,15:18:47
71,8,5,15:18:54
120,8,5,15:19:10
278,8,5,15:19:14
80,8,5,15:19:21
419,8,5,15:19:23
436,8,5,15:19:28
465,8,5,15:19:31
107,8,5,15:19:31
344,8,5,15:19:35
148,8,5,15:19:38
134,8,5,15:19:41
246,8,5,15:19:44
162,8,5,15:19:44
84,8,5,15:20:23
241,8,5,15:20:30
57,8,5,15:20:37
266,8,5,15:21:04
214,8,5,15:21:17
86,8,5,15:21:20
296,8,5,15:21:59
411,8,5,15:22:04
208,8,5,15:22:11
83,8,5,15:22:25
307,8,5,15:22:34
43,8,5,15:22:49
354,8,5,15:22:55
17,8,5,15:23:14
206,8,5,15:23:32
307,8,5,15:23:34
121,8,5,15:24:01
198,8,5,15:24:24
117,8,5,15:24:48
341,8,5,15:24:49
156,8,5,15:24:54
38,8,5,15:24:56
460,8,5,15:25:02
204,8,5,15:25:18
172,8,5,15:25:39
185,8,5,15:26:07
301,8,5,15:26:15
272,8,5,15:26:20
395,8,5,15:26:36
23,8,5,15:27:17
393,8,5,15:27:33
60,8,5,15:27:59
60,8,5,15:28:00
237,8,5,15:28:02
105,8,5,15:29:06
133,8,5,15:29:41
95,8,5,15:29:45
126,8,5,15:29:45
303,8,5,15:30:17
216,8,5,15:30:24
112,8,5,15:30:38
2,8,5,15:30:45
268,8,5,15:30:57
266,8,5,15:31:09
373,8,5,15:31:12
192,8,5,15:31:22
462,8,5,15:31:24
49,8,5,15:31:42
302,8,5,15:31:52
44,8,5,15:32:05
104,8,5,15:32:55
34,8,5,15:33:10
262,8,5,15:34:08
342,8,5,15:34:15
327,8,5,15:34:22
356,8,5,15:34:25
371,8,5,15:34:27
79,8,5,15:34:35
463,8,5,15:35:03
8,8,5,15:35:09
273,8,5,15:35:23
447,8,5,15:35:24
285,8,5,15:36:42
464,8,5,15:37:52
236,8,5,15:38:15
433,8,5,15:38:48
322,8,5,15:38:56
111,8,5,15:39:14
99,8,5,15:39:14
242,8,5,15:39:29
388,8,5,15:39:38
30,8,5,15:40:22
455,8,5,15:40:44
402,8,5,15:40:44
385,8,5,15:40:48
250,8,5,15:40:50
424,8,5,15:41:04
254,8,5,15:41:41
119,8,5,15:41:47
450,8,5,15:42:31
168,8,5,15:43:04
375,8,5,15:43:35
279,8,5,15:44:01
220,8,5,15:45:26
363,8,5,15:47:52
317,8,5,15:48:04
426,8,5,15:48:38
11,8,5,15:50:14
461,8,5,15:50:17
18,8,5,15:51:26
335,8,5,15:51:42
140,8,5,15:51:55
318,8,5,15:52:00
164,8,5,15:52:26
286,8,5,15:52:31
435,8,5,15:52:48
345,8,5,15:53:00
215,8,5,15:53:02
245,8,5,15:53:24
108,8,5,15:53:30
379,8,5,15:53:43
374,8,5,15:54:21
75,8,5,15:54:40
87,8,5,15:55:25
167,8,5,15:55:34
244,8,5,15:56:10
390,8,5,15:57:04
366,8,5,15:57:17
150,8,5,15:57:17
50,8,5,15:57:25
427,8,5,15:59:12
414,8,5,15:59:49
326,8,5,16:01:02
163,8,5,16:03:34
4,8,5,16:03:49
456,8,5,16:03:52
100,8,5,16:04:42
320,8,5,16:07:32
180,8,5,16:08:08
102,8,5,16:09:02
45,8,5,16:09:13
377,8,5,16:10:16
433,8,5,16:11:01
124,8,5,16:11:04
128,8,5,16:11:36
255,8,5,16:11:41
96,8,5,16:12:25
15,8,5,16:12:35
48,8,5,16:12:35
202,8,5,16:12:41
267,8,5,16:13:03
48,8,5,16:13:07
309,8,5,16:13:15
63,8,5,16:17:21
435,8,5,16:17:34
358,8,5,16:17:42
435,8,5,16:17:46
435,8,5,16:18:17
19,8,5,16:18:23
190,8,5,16:19:09
211,8,5,16:19:25
316,8,5,16:20:19
103,8,5,16:20:42
293,8,5,16:21:05
369,8,5,16:21:50
312,8,5,16:24:16
9,8,5,16:24:58
128,8,5,16:25:32
27,8,5,16:26:13
5,8,5,16:27:31
242,8,5,16:28:06
125,8,5,16:28:16
242,8,5,16:29:22
307,8,5,16:30:09
77,8,5,16:30:20
203,8,5,16:30:36
222,8,5,16:31:08
56,8,5,16:31:09
183,8,5,16:31:18
359,8,5,16:31:20
306,8,5,16:32:07
188,8,5,16:33:03
227,8,5,16:33:14
52,8,5,16:33:46
23,8,5,16:34:03
208,8,5,16:34:29
70,8,5,16:34:46
395,8,5,16:34:50
370,8,5,16:36:27
197,8,5,16:36:50
142,8,5,16:37:40
251,8,5,16:41:14
318,8,5,16:41:17
295,8,5,16:42:24
148,8,5,16:43:43
355,8,5,16:44:25
149,8,5,16:45:27
216,8,5,16:45:32
137,8,5,16:46:47
387,8,5,16:46:49
281,8,5,16:48:57
113,8,5,16:49:02
206,8,5,16:50:42
176,8,5,16:51:00
78,8,5,16:51:17
31,8,5,16:52:42
392,8,5,16:52:54
120,8,5,16:53:00
451,8,5,16:54:10
182,8,5,16:54:27
156,8,5,16:56:20
385,8,5,16:56:41
73,8,5,16:57:27
274,8,5,16:57:43
449,8,5,16:59:28
37,8,5,17:00:10
272,8,5,17:00:19
152,8,5,17:00:40
364,8,5,17:01:27
233,8,5,17:01:46
332,8,5,17:01:53
257,8,5,17:02:46
92,8,5,17:03:10
406,8,5,17:03:57
322,8,5,17:05:43
446,8,5,17:07:02
90,8,5,17:07:32
169,8,5,17:08:27
268,8,5,17:09:10
261,8,5,17:10:35
157,8,5,17:11:06
18,8,5,17:13:29
46,8,5,17:14:28
177,8,5,17:16:52
66,8,5,17:17:24
145,8,5,17:18:03
41,8,5,17:18:09
434,8,5,17:18:24
327,8,5,17:18:48
430,8,5,17:18:58
59,8,5,17:19:03
454,8,5,17:19:07
219,8,5,17:19:09
278,8,5,17:19:52
307,8,5,17:19:53
426,8,5,17:19:54
11,8,5,17:19:55
218,8,5,17:19:56
204,8,5,17:19:59
70,8,5,17:20:02
84,8,5,17:20:03
386,8,5,17:20:04
434,8,5,17:20:05
263,8,5,17:20:05
360,8,5,17:20:07
10,8,5,17:20:07
109,8,5,17:20:09
133,8,5,17:20:11
372,8,5,17:20:16
399,8,5,17:20:21
185,8,5,17:20:25
276,8,5,17:20:28
467,8,5,17:20:29
95,8,5,17:20:32
50,8,5,17:20:38
452,8,5,17:20:45
409,8,5,17:20:45
424,8,5,17:20:46
312,8,5,17:20:50
379,8,5,17:20:52
228,8,5,17:20:57
364,8,5,17:21:11
215,8,5,17:21:19
123,8,5,17:21:21
273,8,5,17:21:27
118,8,5,17:21:30
113,8,5,17:21:31
405,8,5,17:21:31
129,8,5,17:21:35
188,8,5,17:21:47
238,8,5,17:21:51
168,8,5,17:22:11
136,8,5,17:22:22
1,8,5,17:22:26
305,8,5,17:22:33
304,8,5,17:22:38
37,8,5,17:22:40
375,8,5,17:22:49
151,8,5,17:22:49
306,8,5,17:22:55
151,8,5,17:22:58
159,8,5,17:23:00
297,8,5,17:23:26
130,8,5,17:23:44
444,8,5,17:23:57
256,8,5,17:24:03
308,8,5,17:24:13
61,8,5,17:24:14
7,8,5,17:24:18
350,8,5,17:24:19
178,8,5,17:24:33
349,8,5,17:24:41
193,8,5,17:24:49
431,8,5,17:25:03
21,8,5,17:25:16
21,8,5,17:25:16
112,8,5,17:25:40
271,8,5,17:25:47
381,8,5,17:25:52
289,8,5,17:26:06
294,8,5,17:26:11
101,8,5,17:26:14
280,8,5,17:26:17
220,8,5,17:26:21
173,8,5,17:26:25
174,8,5,17:26:31
428,8,5,17:26:59
47,8,5,17:27:12
298,8,5,17:27:36
115,8,5,17:27:41
26,8,5,17:28:59
292,8,5,17:29:07
114,8,5,17:29:35
46,8,5,17:29:39
170,8,5,17:29:44
418,8,5,17:29:46
224,8,5,17:29:55
19,8,5,17:29:55
357,8,5,17:30:03
231,8,5,17:30:05
65,8,5,17:30:19
328,8,5,17:30:33
416,8,5,17:30:59
14,8,5,17:31:17
252,8,5,17:31:38
91,8,5,17:31:40
423,8,5,17:31:50
120,8,5,17:32:42
189,8,5,17:34:08
229,8,5,17:34:12
17,8,5,17:35:24
362,8,5,17:35:28
351,8,5,17:35:51
381,8,5,17:35:53
227,8,5,17:35:54
194,8,5,17:36:04
380,8,5,17:37:10
296,8,5,17:37:23
87,8,5,17:37:24
236,8,5,17:37:38
171,8,5,17:37:49
435,8,5,17:37:59
266,8,5,17:38:26
319,8,5,17:38:30
196,8,5,17:38:32
439,8,5,17:38:39
275,8,5,17:38:56
344,8,5,17:39:28
400,8,5,17:39:38
43,8,5,17:40:43
32,8,5,17:40:50
172,8,5,17:41:17
23,8,5,17:42:08
55,8,5,17:42:16
302,8,5,17:42:18
195,8,5,17:42:56
460,8,5,17:43:19
265,8,5,17:43:33
100,8,5,17:43:45
138,8,5,17:44:18
370,8,5,17:44:30
69,8,5,17:44:36
187,8,5,17:44:51
187,8,5,17:44:52
167,8,5,17:45:13
462,8,5,17:46:24
314,8,5,17:46:32
383,8,5,17:46:38
25,8,5,17:46:56
274,8,5,17:47:03
277,8,5,17:49:09
24,8,5,17:49:25
139,8,5,17:49:31
300,8,5,17:50:38
63,8,5,17:50:46
369,8,5,17:51:07
148,8,5,17:51:52
283,8,5,17:52:25
303,8,5,17:52:44
231,8,5,17:52:45
51,8,5,17:52:49
122,8,5,17:53:20
122,8,5,17:53:20
343,8,5,17:53:38
465,8,5,17:53:52
161,8,5,17:53:58
79,8,5,17:54:25
254,8,5,17:55:03
108,8,5,17:55:20
98,8,5,17:55:28
184,8,5,17:55:29
296,8,5,17:55:31
336,8,5,17:55:39
201,8,5,17:56:13
208,8,5,17:56:28
184,8,5,17:56:50
324,8,5,17:57:30
105,8,5,17:57:50
346,8,5,17:58:03
64,8,5,17:58:06
250,8,5,17:59:17
85,8,5,18:00:07
143,8,5,18:00:24
257,8,5,18:00:41
127,8,5,18:01:06
339,8,5,18:01:26
334,8,5,18:01:31
269,8,5,18:01:55
446,8,5,18:03:58
83,8,5,18:04:01
382,8,5,18:04:40
152,8,5,18:04:52
72,8,5,18:05:21
199,8,5,18:05:33
427,8,5,18:06:01
104,8,5,18:06:05
163,8,5,18:06:24
134,8,5,18:06:25
411,8,5,18:07:56
144,8,5,18:08:07
187,8,5,18:08:28
187,8,5,18:08:28
398,8,5,18:08:38
45,8,5,18:08:50
3,8,5,18:09:04
113,8,5,18:09:04
182,8,5,18:09:12
366,8,5,18:09:19
233,8,5,18:09:48
113,8,5,18:09:50
375,8,5,18:10:19
54,8,5,18:12:03
42,8,5,18:12:57
200,8,5,18:13:52
278,8,5,18:14:24
156,8,5,18:14:53
315,8,5,18:15:01
141,8,5,18:15:02
203,8,5,18:15:08
363,8,5,18:16:28
285,8,5,18:16:51
263,8,5,18:17:55
412,8,5,18:18:28
107,8,5,18:18:46
190,8,5,18:18:47
334,8,5,18:18:59
279,8,5,18:22:13
282,8,5,18:22:41
303,8,5,18:22:50
188,8,5,18:23:35
458,8,5,18:24:21
149,8,5,18:24:58
357,8,5,18:26:25
68,8,5,18:28:21
53,8,5,18:28:46
52,8,5,18:28:55
355,8,5,18:29:01
316,8,5,18:29:20
206,8,5,18:29:52
353,8,5,18:32:51
135,8,5,18:32:54
165,8,5,18:35:59
217,8,5,18:36:50
291,8,5,18:37:57
322,8,5,18:40:48
65,8,5,18:41:37
322,8,5,18:42:04
103,8,5,18:43:00
430,8,5,18:45:44
193,8,5,18:46:22
170,8,5,18:46:30
214,8,5,18:46:32
226,8,5,18:46:56
246,8,5,18:48:04
414,8,5,18:48:12
280,8,5,18:48:54
35,8,5,18:48:57
419,8,5,18:49:08
188,8,5,18:49:18
64,8,5,18:49:25
86,8,5,18:49:33
289,8,5,18:49:35
147,8,5,18:49:37
232,8,5,18:49:40
429,8,5,18:49:42
356,8,5,18:49:44
24,8,5,18:49:44
367,8,5,18:49:45
245,8,5,18:49:53
146,8,5,18:49:58
269,8,5,18:49:59
409,8,5,18:50:00
238,8,5,18:50:03
450,8,5,18:50:09
76,8,5,18:50:14
243,8,5,18:50:30
396,8,5,18:50:35
57,8,5,18:50:39
281,8,5,18:51:07
314,8,5,18:51:12
323,8,5,18:51:16
371,8,5,18:51:16
318,8,5,18:51:20
23,8,5,18:51:21
49,8,5,18:51:21
287,8,5,18:51:22
255,8,5,18:51:25
207,8,5,18:51:32
129,8,5,18:51:44
276,8,5,18:51:47
459,8,5,18:51:53
317,8,5,18:51:53
126,8,5,18:51:57
205,8,5,18:51:57
240,8,5,18:52:14
225,8,5,18:52:24
18,8,5,18:52:42
438,8,5,18:52:55
16,8,5,18:53:18
264,8,5,18:53:37
406,8,5,18:53:37
308,8,5,18:53:41
237,8,5,18:53:48
348,8,5,18:53:59
66,8,5,18:54:01
227,8,5,18:54:06
307,8,5,18:54:14
424,8,5,18:54:20
136,8,5,18:54:24
253,8,5,18:54:27
39,8,5,18:54:29
388,8,5,18:54:44
88,8,5,18:54:59
304,8,5,18:55:16
219,8,5,18:55:42
167,8,5,18:55:42
244,8,5,18:55:51
56,8,5,18:55:59
195,8,5,18:56:12
10,8,5,18:56:24
265,8,5,18:56:31
79,8,5,18:56:35
73,8,5,18:56:43
27,8,5,18:57:34
120,8,5,18:57:34
127,8,5,18:58:06
432,8,5,18:58:45
153,8,5,18:59:06
299,8,5,19:00:37
306,8,5,19:00:58
225,8,5,19:01:00
313,8,5,19:01:20
463,8,5,19:01:25
192,8,5,19:02:58
191,8,5,19:03:01
354,8,5,19:03:46
140,8,5,19:03:54
426,8,5,19:07:41
452,8,5,19:08:35
154,8,5,19:08:53
467,8,5,19:10:12
84,8,5,19:10:31
145,8,5,19:10:40
116,8,5,19:11:40
379,8,5,19:12:04
65,8,5,19:12:06
50,8,5,19:12:16
406,8,5,19:12:44
290,8,5,19:12:46
18,8,5,19:12:52
431,8,5,19:13:27
348,8,5,19:13:31
158,8,5,19:13:32
169,8,5,19:13:35
369,8,5,19:13:58
255,8,5,19:14:20
131,8,5,19:14:22
101,8,5,19:14:31
143,8,5,19:14:38
293,8,5,19:14:45
311,8,5,19:14:59
71,8,5,19:16:03
10,8,5,19:16:13
338,8,5,19:16:28
128,8,5,19:16:29
59,8,5,19:17:00
117,8,5,19:17:29
175,8,5,19:17:39
324,8,5,19:17:51
276,8,5,19:18:15
330,8,5,19:18:50
115,8,5,19:19:11
341,8,5,19:19:30
268,8,5,19:20:08
343,8,5,19:20:13
22,8,5,19:20:50
123,8,5,19:20:55
427,8,5,19:20:55
258,8,5,19:21:29
455,8,5,19:21:38
223,8,5,19:21:50
451,8,5,19:21:52
249,8,5,19:21:54
350,8,5,19:22:22
168,8,5,19:22:43
74,8,5,19:22:50
288,8,5,19:22:54
318,8,5,19:23:06
370,8,5,19:23:30
185,8,5,19:24:10
67,8,5,19:24:13
151,8,5,19:26:03
179,8,5,19:26:58
72,8,5,19:27:17
252,8,5,19:28:09
220,8,5,19:29:00
37,8,5,19:31:13
272,8,5,19:31:53
89,8,5,19:32:39
364,8,5,19:33:29
28,8,5,19:33:51
93,8,5,19:34:51
259,8,5,19:35:30
47,8,5,19:36:41
132,8,5,19:36:47
421,8,5,19:37:22
1,8,5,19:37:53
365,8,5,19:38:20
262,8,5,19:38:34
179,8,5,19:38:50
262,8,5,19:38:56
324,8,5,19:39:42
395,8,5,19:39:43
115,8,5,19:43:00
239,8,5,19:43:42
57,8,5,19:45:51
63,8,5,19:46:17
425,8,5,19:49:05
94,8,5,19:50:47
379,8,5,19:50:57
345,8,5,19:51:40
269,8,5,19:51:43
360,8,5,19:53:14
360,8,5,19:53:14
50,8,5,19:54:08
100,8,5,19:55:05
426,8,5,19:55:59
314,8,5,19:56:16
12,8,5,19:56:45
377,8,5,19:57:59
143,8,5,19:58:26
347,8,5,19:59:01
108,8,5,19:59:25
310,8,5,20:00:05
385,8,5,20:00:13
320,8,5,20:01:33
356,8,5,20:01:44
193,8,5,20:02:13
112,8,5,20:02:23
161,8,5,20:03:07
167,8,5,20:03:47
427,8,5,20:03:57
359,8,5,20:04:11
466,8,5,20:06:16
384,8,5,20:06:38
322,8,5,20:07:27
65,8,5,20:09:11
10,8,5,20:10:10
423,8,5,20:10:40
10,8,5,20:12:17
392,8,5,20:13:44
247,8,5,20:13:58
374,8,5,20:14:20
387,8,5,20:14:50
8,8,5,20:14:55
285,8,5,20:15:03
331,8,5,20:15:40
124,8,5,20:16:05
212,8,5,20:16:14
312,8,5,20:16:49
420,8,5,20:19:01
148,8,5,20:19:59
77,8,5,20:21:58
57,8,5,20:22:32
13,8,5,20:24:54
237,8,5,20:25:59
79,8,5,20:26:15
315,8,5,20:29:50
165,8,5,20:30:00
155,8,5,20:30:49
279,8,5,20:31:43
467,8,5,20:33:26
444,8,5,20:35:28
306,8,5,20:35:46
217,8,5,20:36:49
307,8,5,20:38:19
363,8,5,20:38:55
69,8,5,20:39:00
267,8,5,20:39:59
188,8,5,20:40:43
406,8,5,20:42:01
207,8,5,20:42:13
411,8,5,20:43:47
206,8,5,20:44:02
268,8,5,20:44:26
303,8,5,20:44:30
120,8,5,20:47:18
277,8,5,20:50:44
181,8,5,20:52:19
175,8,5,20:52:53
355,8,5,20:53:55
300,8,5,20:54:24
73,8,5,20:54:30
285,8,5,20:56:01
101,8,5,20:56:01
70,8,5,20:56:31
140,8,5,20:57:26
422,8,5,20:58:50
14,8,5,20:59:22
441,8,5,20:59:31
196,8,5,21:00:09
292,8,5,21:03:12
447,8,5,21:03:57
418,8,5,21:06:12
229,8,5,21:06:17
226,8,5,21:06:20
177,8,5,21:09:10
130,8,5,21:09:29
91,8,5,21:09:49
406,8,5,21:15:25
271,8,5,21:16:09
353,8,5,21:19:09
315,8,5,21:19:15
176,8,5,21:19:17
92,8,5,21:24:08
325,8,5,21:26:02
95,8,5,21:28:55
380,8,5,21:28:57
5,8,5,21:29:30
163,8,5,21:31:48
66,8,5,21:31:52
63,8,5,21:32:54
180,8,5,21:33:05
103,8,5,21:38:02
225,8,5,21:38:50
345,8,5,21:39:20
137,8,5,21:41:00
214,8,5,21:41:06
26,8,5,21:41:21
44,8,5,21:44:06
125,8,5,21:44:33
18,8,5,21:44:49
335,8,5,21:45:52
449,8,5,21:46:49
236,8,5,21:49:06
166,8,5,21:49:19
2,8,5,21:49:52
106,8,5,21:52:16
184,8,5,21:53:03
375,8,5,21:55:46
398,8,5,21:55:57
345,8,5,21:56:20
193,8,5,21:58:15
242,8,5,22:00:59
9,8,5,22:02:36
57,8,5,22:03:18
214,8,5,22:06:03
44,8,5,22:06:15
393,8,5,22:07:37
241,8,5,22:07:50
7,8,5,22:08:01
463,8,5,22:10:28
413,8,5,22:11:08
173,8,5,22:13:33
170,8,5,22:14:25
255,8,5,22:14:33
32,8,5,22:16:21
373,8,5,22:17:52
208,8,5,22:18:17
322,8,5,22:19:29
111,8,5,22:19:54
390,8,5,22:20:07
461,8,5,22:20:23
15,8,5,22:21:32
202,8,5,22:25:00
446,8,5,22:25:12
182,8,5,22:25:35
127,8,5,22:26:07
463,8,5,22:26:36
122,8,5,22:26:39
122,8,5,22:26:39
17,8,5,22:27:02
52,8,5,22:27:44
238,8,5,22:28:37
210,8,5,22:28:44
277,8,5,22:28:58
324,8,5,22:29:01
415,8,5,22:29:13
465,8,5,22:29:49
318,8,5,22:33:25
156,8,5,22:33:40
239,8,5,22:34:08
361,8,5,22:34:24
152,8,5,22:34:53
304,8,5,22:35:39
232,8,5,22:35:54
16,8,5,22:35:55
308,8,5,22:35:59
456,8,5,22:37:14
404,8,5,22:39:27
342,8,5,22:39:57
201,8,5,22:40:01
155,8,5,22:40:04
226,8,5,22:41:03
421,8,5,22:41:25
83,8,5,22:42:32
278,8,5,22:42:45
430,8,5,22:42:47
219,8,5,22:42:48
120,8,5,22:42:49
45,8,5,22:42:51
303,8,5,22:42:57
385,8,5,22:42:57
143,8,5,22:42:57
368,8,5,22:43:08
460,8,5,22:43:11
354,8,5,22:43:12
148,8,5,22:43:14
335,8,5,22:43:21
351,8,5,22:43:24
209,8,5,22:43:30
42,8,5,22:43:33
115,8,5,22:43:34
434,8,5,22:43:37
304,8,5,22:43:39
13,8,5,22:43:43
121,8,5,22:43:43
140,8,5,22:43:47
295,8,5,22:43:49
453,8,5,22:43:51
104,8,5,22:43:57
75,8,5,22:43:58
216,8,5,22:44:04
459,8,5,22:44:04
73,8,5,22:44:05
215,8,5,22:44:09
59,8,5,22:44:13
173,8,5,22:44:16
467,8,5,22:44:25
49,8,5,22:44:42
130,8,5,22:44:50
378,8,5,22:44:51
3,8,5,22:44:59
141,8,5,22:45:01
98,8,5,22:45:01
437,8,5,22:45:03
344,8,5,22:45:03
68,8,5,22:45:04
366,8,5,22:45:10
291,8,5,22:45:11
59,8,5,22:45:17
107,8,5,22:45:18
269,8,5,22:45:18
194,8,5,22:45:18
309,8,5,22:45:27
266,8,5,22:45:32
307,8,5,22:45:42
178,8,5,22:45:48
108,8,5,22:45:48
194,8,5,22:45:49
86,8,5,22:46:04
217,8,5,22:46:05
246,8,5,22:46:14
89,8,5,22:46:15
171,8,5,22:46:25
84,8,5,22:46:28
201,8,5,22:46:29
256,8,5,22:46:53
274,8,5,22:46:53
43,8,5,22:47:07
168,8,5,22:47:30
400,8,5,22:47:55
164,8,5,22:47:57
51,8,5,22:48:07
237,8,5,22:48:14
116,8,5,22:48:26
205,8,5,22:48:28
275,8,5,22:48:32
396,8,5,22:48:37
70,8,5,22:48:43
363,8,5,22:48:45
428,8,5,22:48:48
461,8,5,22:49:10
1,8,5,22:49:11
114,8,5,22:49:24
306,8,5,22:49:34
298,8,5,22:50:08
48,8,5,22:50:15
110,8,5,22:50:17
332,8,5,22:50:46
411,8,5,22:50:59
392,8,5,22:51:32
357,8,5,22:51:46
93,8,5,22:52:13
272,8,5,22:52:23
444,8,5,22:52:25
129,8,5,22:53:02
167,8,5,22:53:29
250,8,5,22:53:34
376,8,5,22:53:55
6,8,5,22:54:05
144,8,5,22:54:15
77,8,5,22:54:20
388,8,5,22:55:06
289,8,5,22:55:29
174,8,5,22:55:30
151,8,5,22:55:32
436,8,5,22:55:44
319,8,5,22:56:04
314,8,5,22:56:05
340,8,5,22:56:44
101,8,5,22:56:45
35,8,5,22:56:57
193,8,5,22:57:17
80,8,5,22:57:56
252,8,5,22:58:17
149,8,5,22:58:22
362,8,5,22:58:50
363,8,5,22:59:04
87,8,5,22:59:07
329,8,5,22:59:12
333,8,5,22:59:25
264,8,5,22:59:34
34,8,5,22:59:44
61,8,5,22:59:46
34,8,5,22:59:51
445,8,5,22:59:52
350,8,5,23:00:00
34,8,5,23:00:08
34,8,5,23:00:17
34,8,5,23:00:23
170,8,5,23:00:25
346,8,5,23:00:45
236,8,5,23:00:47
324,8,5,23:01:19
436,8,5,23:01:22
243,8,5,23:01:24
370,8,5,23:01:33
452,8,5,23:02:19
255,8,5,23:02:42
126,8,5,23:03:19
161,8,5,23:03:23
185,8,5,23:04:44
162,8,5,23:05:38
195,8,5,23:05:55
177,8,5,23:06:09
429,8,5,23:06:18
222,8,5,23:06:21
348,8,5,23:06:38
313,8,5,23:07:15
263,8,5,23:07:31
398,8,5,23:07:42
188,8,5,23:08:09
139,8,5,23:09:26
312,8,5,23:09:43
281,8,5,23:09:50
336,8,5,23:10:02
449,8,5,23:10:12
136,8,5,23:10:19
111,8,5,23:10:22
317,8,5,23:10:39
273,8,5,23:11:28
226,8,5,23:11:58
240,8,5,23:12:39
240,8,5,23:12:40
47,8,5,23:12:56
439,8,5,23:13:00
424,8,5,23:13:05
299,8,5,23:14:03
455,8,5,23:14:09
268,8,5,23:14:12
288,8,5,23:14:30
36,8,5,23:14:33
218,8,5,23:14:38
29,8,5,23:14:54
326,8,5,23:15:04
166,8,5,23:15:05
372,8,5,23:15:08
307,8,5,23:15:57
64,8,5,23:15:58
266,8,5,23:16:24
451,8,5,23:16:44
347,8,5,23:17:10
23,8,5,23:17:26
408,8,5,23:17:56
339,8,5,23:18:33
425,8,5,23:18:44
159,8,5,23:18:52
204,8,5,23:20:05
60,8,5,23:20:05
27,8,5,23:21:26
331,8,5,23:21:51
254,8,5,23:23:05
11,8,5,23:24:39
410,8,5,23:24:57
143,8,5,23:25:06
99,8,5,23:25:18
231,8,5,23:27:07
74,8,5,23:29:20
386,8,5,23:29:53
397,8,5,23:30:19
359,8,5,23:30:31
232,8,5,23:30:37
155,8,5,23:32:50
112,8,5,23:33:18
213,8,5,23:34:02
327,8,5,23:34:10
39,8,5,23:34:32
78,8,5,23:34:37
192,8,5,23:35:52
450,8,5,23:36:58
89,8,5,23:37:01
245,8,5,23:37:35
21,8,5,23:38:23
407,8,5,23:38:30
320,8,5,23:39:30
82,8,5,23:40:16
395,8,5,23:41:41
189,8,5,23:41:50
427,8,5,23:42:34
102,8,5,23:42:42
58,8,5,23:42:49
352,8,5,23:42:56
293,8,5,23:44:47
15,8,5,23:44:55
446,8,5,23:46:13
426,8,5,23:46:25
451,8,5,23:46:50
388,8,5,23:46:52
321,8,5,23:47:28
265,8,5,23:49:50
261,8,5,23:50:11
73,8,5,23:53:09
164,8,5,23:57:13
44,8,5,23:58:08
137,8,5,23:58:15
113,8,5,23:58:45
142,8,5,23:58:59
217,8,5,23:59:50
258,9,6,00:00:10
76,9,6,00:00:27
241,9,6,00:00:29
459,9,6,00:00:52
371,9,6,00:01:33
93,9,6,00:02:30
44,9,6,00:02:33
207,9,6,00:02:38
155,9,6,00:02:48
50,9,6,00:03:03
394,9,6,00:03:11
438,9,6,00:03:11
49,9,6,00:03:12
429,9,6,00:03:15
109,9,6,00:03:20
413,9,6,00:03:23
410,9,6,00:03:23
82,9,6,00:03:28
202,9,6,00:03:28
81,9,6,00:03:37
213,9,6,00:03:37
121,9,6,00:03:38
201,9,6,00:03:38
428,9,6,00:03:39
116,9,6,00:03:48
351,9,6,00:03:54
184,9,6,00:03:59
248,9,6,00:04:02
408,9,6,00:04:05
265,9,6,00:04:05
437,9,6,00:04:08
301,9,6,00:04:09
26,9,6,00:04:11
347,9,6,00:04:18
289,9,6,00:04:29
227,9,6,00:04:32
414,9,6,00:04:36
216,9,6,00:04:37
411,9,6,00:04:40
409,9,6,00:04:48
46,9,6,00:05:06
303,9,6,00:05:12
45,9,6,00:05:14
269,9,6,00:05:25
335,9,6,00:05:32
255,9,6,00:05:34
221,9,6,00:05:35
290,9,6,00:05:35
334,9,6,00:06:05
406,9,6,00:06:10
85,9,6,00:06:17
256,9,6,00:06:27
408,9,6,00:06:32
149,9,6,00:06:36
85,9,6,00:06:37
225,9,6,00:06:39
243,9,6,00:06:59
211,9,6,00:07:07
373,9,6,00:07:21
348,9,6,00:07:24
360,9,6,00:07:29
427,9,6,00:07:31
298,9,6,00:07:40
415,9,6,00:07:46
64,9,6,00:07:47
70,9,6,00:08:05
102,9,6,00:08:05
7,9,6,00:08:14
295,9,6,00:08:29
188,9,6,00:08:38
170,9,6,00:08:44
156,9,6,00:08:46
56,9,6,00:08:59
14,9,6,00:09:01
209,9,6,00:09:19
91,9,6,00:09:22
293,9,6,00:09:24
87,9,6,00:09:28
238,9,6,00:09:31
196,9,6,00:09:43
380,9,6,00:09:52
75,9,6,00:10:03
323,9,6,00:10:15
203,9,6,00:10:16
318,9,6,00:10:19
428,9,6,00:10:19
132,9,6,00:10:21
320,9,6,00:10:33
464,9,6,00:10:34
244,9,6,00:10:40
198,9,6,00:10:46
315,9,6,00:10:49
383,9,6,00:11:12
399,9,6,00:11:14
294,9,6,00:11:22
300,9,6,00:11:38
33,9,6,00:11:52
174,9,6,00:12:06
118,9,6,00:12:13
460,9,6,00:12:15
281,9,6,00:12:53
80,9,6,00:13:30
31,9,6,00:13:42
52,9,6,00:13:47
137,9,6,00:13:54
66,9,6,00:14:05
283,9,6,00:14:06
108,9,6,00:14:10
350,9,6,00:14:22
330,9,6,00:14:23
432,9,6,00:14:25
25,9,6,00:14:37
396,9,6,00:14:37
90,9,6,00:16:10
42,9,6,00:16:13
462,9,6,00:16:52
120,9,6,00:17:02
236,9,6,00:17:29
326,9,6,00:18:38
384,9,6,00:18:42
316,9,6,00:18:50
379,9,6,00:18:55
364,9,6,00:18:55
131,9,6,00:19:14
3,9,6,00:19:37
419,9,6,00:21:04
136,9,6,00:21:20
28,9,6,00:21:23
103,9,6,00:21:39
101,9,6,00:21:48
263,9,6,00:23:23
449,9,6,00:24:00
7,9,6,00:24:01
314,9,6,00:24:56
390,9,6,00:25:01
143,9,6,00:25:21
251,9,6,00:25:31
359,9,6,00:26:11
397,9,6,00:26:20
450,9,6,00:26:33
153,9,6,00:27:20
287,9,6,00:27:24
297,9,6,00:27:35
68,9,6,00:28:58
321,9,6,00:29:13
147,9,6,00:29:33
345,9,6,00:29:43
188,9,6,00:30:10
261,9,6,00:30:29
466,9,6,00:30:38
272,9,6,00:31:19
217,9,6,00:31:59
322,9,6,00:32:49
448,9,6,00:33:03
300,9,6,00:33:41
340,9,6,00:34:27
61,9,6,00:34:55
307,9,6,00:37:54
351,9,6,00:39:12
324,9,6,00:39:28
63,9,6,00:39:46
176,9,6,00:40:47
317,9,6,00:40:55
327,9,6,00:42:47
306,9,6,00:43:18
47,9,6,00:43:56
13,9,6,00:43:59
249,9,6,00:44:01
382,9,6,00:45:34
40,9,6,00:46:50
123,9,6,00:47:21
145,9,6,00:47:35
403,9,6,00:48:30
113,9,6,00:48:40
51,9,6,00:48:45
387,9,6,00:49:32
433,9,6,00:50:27
255,9,6,00:50:56
369,9,6,00:51:35
255,9,6,00:52:22
416,9,6,00:54:13
278,9,6,00:54:47
254,9,6,00:55:19
127,9,6,00:57:59
382,9,6,01:00:03
357,9,6,01:00:11
89,9,6,01:00:29
71,9,6,01:00:48
195,9,6,01:02:59
96,9,6,01:06:04
354,9,6,01:07:45
140,9,6,01:08:58
457,9,6,01:09:12
273,9,6,01:10:31
273,9,6,01:10:31
165,9,6,01:11:07
115,9,6,01:15:21
165,9,6,01:17:20
199,9,6,01:17:24
458,9,6,01:17:53
201,9,6,01:20:53
403,9,6,01:23:04
458,9,6,01:24:21
175,9,6,01:33:30
10,9,6,01:33:49
95,9,6,01:36:43
120,9,6,01:45:39
398,9,6,01:46:10
120,9,6,01:47:36
315,9,6,01:48:50
455,9,6,01:54:50
197,9,6,01:56:06
15,9,6,01:59:07
375,9,6,02:00:29
4,9,6,02:01:58
380,9,6,02:03:44
179,9,6,02:05:20
75,9,6,02:08:43
380,9,6,02:12:24
344,9,6,02:14:49
319,9,6,02:21:27
69,9,6,02:28:04
352,9,6,02:28:16
36,9,6,02:43:51
113,9,6,02:47:59
294,9,6,02:55:24
294,9,6,03:05:57
218,9,6,03:07:28
314,9,6,03:14:27
310,9,6,03:23:02
50,9,6,03:23:14
417,9,6,03:52:24
271,9,6,04:04:10
278,9,6,04:39:22
50,9,6,04:39:32
190,9,6,04:42:34
256,9,6,04:57:16
201,9,6,05:52:16
305,9,6,06:03:39
203,9,6,06:05:49
110,9,6,06:07:19
418,9,6,06:10:18
82,9,6,06:21:06
41,9,6,06:22:01
442,9,6,06:22:23
186,9,6,06:26:26
425,9,6,06:26:56
358,9,6,06:27:50
207,9,6,06:30:31
125,9,6,06:30:36
374,9,6,06:30:39
392,9,6,06:31:08
108,9,6,06:32:05
210,9,6,06:32:05
119,9,6,06:33:52
161,9,6,06:34:00
315,9,6,06:34:30
244,9,6,06:35:14
361,9,6,06:36:33
356,9,6,06:38:38
424,9,6,06:39:03
424,9,6,06:39:21
119,9,6,06:41:28
86,9,6,06:41:33
285,9,6,06:44:26
127,9,6,06:46:28
139,9,6,06:50:29
265,9,6,06:50:57
168,9,6,06:52:09
73,9,6,06:52:15
332,9,6,06:52:38
222,9,6,06:53:31
258,9,6,06:57:16
394,9,6,06:57:30
12,9,6,06:57:45
206,9,6,06:58:45
401,9,6,07:00:30
133,9,6,07:01:01
259,9,6,07:02:44
60,9,6,07:04:29
350,9,6,07:05:28
50,9,6,07:05:37
289,9,6,07:06:16
175,9,6,07:06:37
185,9,6,07:07:36
301,9,6,07:08:18
148,9,6,07:10:15
399,9,6,07:10:27
228,9,6,07:10:51
44,9,6,07:10:56
276,9,6,07:11:34
204,9,6,07:12:14
362,9,6,07:12:49
412,9,6,07:13:21
463,9,6,07:13:34
112,9,6,07:14:18
393,9,6,07:14:49
146,9,6,07:15:14
163,9,6,07:15:52
105,9,6,07:17:36
293,9,6,07:18:00
225,9,6,07:18:02
337,9,6,07:18:29
137,9,6,07:18:32
277,9,6,07:19:27
27,9,6,07:20:06
135,9,6,07:20:43
381,9,6,07:21:03
405,9,6,07:21:14
261,9,6,07:21:14
188,9,6,07:21:34
452,9,6,07:21:38
63,9,6,07:21:45
219,9,6,07:22:26
252,9,6,07:22:55
195,9,6,07:23:22
331,9,6,07:23:56
345,9,6,07:23:59
318,9,6,07:24:00
406,9,6,07:24:25
224,9,6,07:25:19
106,9,6,07:25:26
106,9,6,07:25:27
104,9,6,07:25:31
262,9,6,07:25:33
13,9,6,07:25:38
57,9,6,07:25:39
100,9,6,07:25:54
30,9,6,07:25:59
247,9,6,07:26:19
295,9,6,07:26:20
274,9,6,07:26:48
276,9,6,07:26:53
380,9,6,07:26:57
256,9,6,07:27:04
150,9,6,07:27:39
54,9,6,07:28:08
291,9,6,07:28:23
109,9,6,07:28:27
58,9,6,07:28:36
148,9,6,07:28:48
433,9,6,07:28:59
359,9,6,07:29:52
354,9,6,07:30:01
390,9,6,07:30:27
237,9,6,07:30:46
269,9,6,07:30:47
456,9,6,07:30:53
65,9,6,07:31:30
136,9,6,07:31:59
10,9,6,07:32:33
124,9,6,07:33:01
218,9,6,07:33:09
6,9,6,07:33:31
371,9,6,07:33:41
140,9,6,07:34:12
260,9,6,07:34:56
45,9,6,07:35:10
222,9,6,07:35:42
370,9,6,07:35:47
391,9,6,07:36:34
409,9,6,07:36:36
249,9,6,07:37:10
246,9,6,07:37:12
234,9,6,07:37:30
432,9,6,07:37:39
322,9,6,07:38:30
457,9,6,07:38:35
157,9,6,07:39:08
422,9,6,07:39:13
257,9,6,07:39:33
403,9,6,07:39:36
355,9,6,07:40:36
186,9,6,07:40:42
159,9,6,07:41:08
414,9,6,07:41:17
88,9,6,07:41:39
183,9,6,07:41:46
344,9,6,07:42:00
420,9,6,07:42:38
67,9,6,07:42:43
411,9,6,07:43:17
451,9,6,07:43:18
303,9,6,07:43:24
338,9,6,07:44:24
417,9,6,07:44:38
17,9,6,07:45:51
290,9,6,07:45:59
297,9,6,07:46:06
272,9,6,07:46:13
47,9,6,07:46:52
336,9,6,07:46:58
460,9,6,07:47:34
383,9,6,07:47:35
239,9,6,07:48:28
387,9,6,07:49:04
179,9,6,07:49:16
226,9,6,07:50:21
1,9,6,07:50:27
25,9,6,07:50:40
109,9,6,07:50:45
305,9,6,07:50:46
195,9,6,07:50:52
396,9,6,07:50:53
29,9,6,07:51:01
276,9,6,07:51:31
335,9,6,07:51:42
363,9,6,07:52:01
110,9,6,07:53:14
102,9,6,07:53:15
308,9,6,07:53:51
121,9,6,07:54:15
168,9,6,07:54:32
302,9,6,07:54:40
64,9,6,07:55:31
413,9,6,07:56:04
296,9,6,07:56:11
57,9,6,07:56:16
73,9,6,07:56:34
408,9,6,07:56:49
74,9,6,07:57:47
410,9,6,07:57:53
103,9,6,07:57:55
231,9,6,07:57:57
414,9,6,07:58:08
366,9,6,07:58:41
32,9,6,07:59:15
245,9,6,07:59:44
120,9,6,07:59:57
251,9,6,08:01:01
275,9,6,08:01:15
90,9,6,08:01:40
350,9,6,08:01:46
385,9,6,08:02:05
455,9,6,08:02:16
298,9,6,08:02:18
264,9,6,08:02:19
167,9,6,08:02:46
281,9,6,08:02:58
395,9,6,08:03:24
187,9,6,08:03:46
187,9,6,08:03:47
400,9,6,08:04:01
388,9,6,08:04:07
52,9,6,08:04:28
76,9,6,08:05:37
98,9,6,08:05:47
58,9,6,08:06:30
56,9,6,08:06:32
9,9,6,08:07:19
164,9,6,08:07:33
28,9,6,08:08:09
315,9,6,08:08:23
416,9,6,08:09:02
181,9,6,08:09:18
38,9,6,08:09:45
306,9,6,08:10:30
155,9,6,08:10:55
419,9,6,08:11:00
238,9,6,08:11:09
72,9,6,08:11:24
351,9,6,08:11:28
21,9,6,08:11:29
426,9,6,08:12:00
373,9,6,08:12:34
131,9,6,08:12:53
145,9,6,08:13:51
304,9,6,08:14:20
263,9,6,08:14:33
286,9,6,08:15:47
68,9,6,08:16:31
458,9,6,08:16:35
310,9,6,08:16:35
119,9,6,08:16:52
404,9,6,08:17:48
325,9,6,08:18:21
240,9,6,08:18:24
242,9,6,08:18:41
110,9,6,08:18:44
437,9,6,08:18:51
217,9,6,08:19:20
77,9,6,08:20:26
248,9,6,08:21:07
8,9,6,08:21:26
20,9,6,08:21:34
321,9,6,08:21:45
141,9,6,08:22:17
126,9,6,08:22:19
397,9,6,08:23:51
156,9,6,08:24:14
48,9,6,08:24:29
372,9,6,08:27:34
372,9,6,08:27:34
372,9,6,08:27:35
115,9,6,08:27:49
461,9,6,08:27:51
143,9,6,08:28:59
113,9,6,08:29:35
37,9,6,08:30:17
267,9,6,08:30:32
90,9,6,08:30:50
99,9,6,08:31:07
363,9,6,08:31:59
123,9,6,08:33:06
368,9,6,08:34:01
205,9,6,08:34:50
410,9,6,08:34:54
428,9,6,08:35:25
33,9,6,08:35:28
323,9,6,08:35:48
244,9,6,08:35:55
174,9,6,08:36:09
429,9,6,08:36:14
425,9,6,08:36:36
114,9,6,08:36:59
418,9,6,08:37:13
119,9,6,08:37:15
193,9,6,08:37:49
17,9,6,08:38:12
84,9,6,08:38:22
120,9,6,08:39:02
83,9,6,08:39:16
237,9,6,08:40:22
342,9,6,08:41:48
331,9,6,08:41:53
82,9,6,08:42:14
312,9,6,08:43:31
266,9,6,08:45:04
375,9,6,08:45:36
86,9,6,08:46:19
459,9,6,08:46:27
392,9,6,08:46:29
351,9,6,08:46:34
186,9,6,08:46:53
467,9,6,08:47:19
7,9,6,08:48:01
118,9,6,08:48:05
392,9,6,08:48:25
383,9,6,08:48:39
91,9,6,08:49:03
87,9,6,08:49:30
153,9,6,08:50:02
343,9,6,08:50:26
448,9,6,08:50:49
204,9,6,08:51:14
178,9,6,08:51:45
189,9,6,08:53:35
440,9,6,08:53:43
327,9,6,08:54:31
160,9,6,08:55:08
442,9,6,08:55:16
335,9,6,08:55:22
329,9,6,08:56:16
173,9,6,08:56:24
194,9,6,08:56:27
340,9,6,08:56:50
161,9,6,08:56:57
192,9,6,08:56:59
151,9,6,08:57:43
146,9,6,08:57:43
148,9,6,08:58:24
273,9,6,08:58:41
31,9,6,08:58:42
227,9,6,08:59:27
356,9,6,08:59:29
320,9,6,08:59:58
182,9,6,09:00:08
344,9,6,09:00:19
292,9,6,09:00:45
341,9,6,09:00:51
377,9,6,09:01:10
427,9,6,09:01:12
434,9,6,09:01:37
334,9,6,09:01:44
436,9,6,09:01:50
18,9,6,09:01:51
421,9,6,09:03:08
279,9,6,09:03:58
328,9,6,09:04:21
46,9,6,09:04:56
222,9,6,09:05:24
209,9,6,09:06:16
55,9,6,09:07:01
3,9,6,09:08:08
225,9,6,09:08:11
311,9,6,09:09:37
430,9,6,09:09:44
466,9,6,09:09:59
229,9,6,09:10:01
26,9,6,09:10:02
227,9,6,09:10:04
45,9,6,09:10:17
371,9,6,09:10:25
284,9,6,09:10:32
314,9,6,09:10:34
131,9,6,09:11:08
235,9,6,09:11:16
439,9,6,09:11:27
117,9,6,09:11:44
168,9,6,09:12:06
402,9,6,09:12:26
282,9,6,09:12:33
161,9,6,09:12:37
367,9,6,09:13:06
202,9,6,09:13:46
43,9,6,09:14:05
171,9,6,09:14:20
23,9,6,09:14:47
186,9,6,09:14:49
359,9,6,09:16:42
79,9,6,09:16:54
409,9,6,09:16:54
349,9,6,09:16:59
89,9,6,09:17:06
241,9,6,09:17:20
223,9,6,09:17:47
183,9,6,09:17:52
376,9,6,09:18:00
236,9,6,09:19:12
253,9,6,09:21:23
66,9,6,09:22:37
330,9,6,09:22:56
81,9,6,09:23:50
11,9,6,09:24:42
324,9,6,09:25:29
318,9,6,09:25:53
21,9,6,09:27:04
21,9,6,09:27:05
381,9,6,09:27:08
316,9,6,09:27:31
13,9,6,09:27:53
158,9,6,09:28:13
402,9,6,09:29:07
125,9,6,09:29:11
450,9,6,09:29:29
75,9,6,09:29:34
306,9,6,09:29:46
339,9,6,09:29:54
188,9,6,09:31:00
361,9,6,09:31:03
322,9,6,09:31:22
277,9,6,09:31:39
74,9,6,09:32:25
423,9,6,09:32:37
406,9,6,09:32:50
30,9,6,09:34:57
190,9,6,09:35:01
5,9,6,09:35:01
313,9,6,09:35:03
108,9,6,09:35:26
258,9,6,09:36:01
449,9,6,09:37:37
120,9,6,09:37:47
214,9,6,09:38:03
276,9,6,09:39:06
243,9,6,09:42:05
422,9,6,09:42:22
345,9,6,09:43:57
234,9,6,09:45:11
350,9,6,09:45:15
322,9,6,09:46:02
74,9,6,09:46:06
405,9,6,09:46:18
296,9,6,09:46:50
124,9,6,09:46:57
411,9,6,09:47:04
249,9,6,09:47:11
14,9,6,09:47:38
50,9,6,09:47:50
435,9,6,09:48:04
53,9,6,09:50:38
185,9,6,09:50:39
255,9,6,09:51:01
364,9,6,09:51:13
80,9,6,09:51:19
443,9,6,09:51:30
128,9,6,09:51:36
49,9,6,09:51:51
58,9,6,09:52:00
163,9,6,09:52:14
65,9,6,09:53:23
154,9,6,09:53:23
64,9,6,09:53:39
330,9,6,09:54:46
228,9,6,09:55:15
354,9,6,09:55:23
164,9,6,09:55:27
8,9,6,09:55:41
137,9,6,09:55:49
409,9,6,09:55:54
15,9,6,09:56:05
50,9,6,09:56:12
201,9,6,09:58:09
307,9,6,09:59:36
352,9,6,09:59:51
332,9,6,09:59:57
268,9,6,10:00:03
32,9,6,10:00:08
268,9,6,10:00:22
465,9,6,10:00:39
380,9,6,10:00:40
2,9,6,10:01:07
135,9,6,10:01:35
335,9,6,10:02:33
290,9,6,10:02:44
262,9,6,10:03:00
144,9,6,10:04:09
79,9,6,10:04:17
101,9,6,10:04:33
63,9,6,10:05:01
239,9,6,10:05:14
45,9,6,10:05:23
441,9,6,10:05:28
184,9,6,10:05:31
393,9,6,10:05:56
130,9,6,10:06:08
176,9,6,10:08:39
301,9,6,10:10:01
319,9,6,10:10:03
233,9,6,10:10:12
303,9,6,10:10:22
133,9,6,10:12:31
122,9,6,10:12:32
122,9,6,10:12:32
359,9,6,10:13:45
129,9,6,10:14:41
447,9,6,10:15:22
149,9,6,10:15:39
74,9,6,10:16:14
217,9,6,10:16:53
184,9,6,10:18:10
273,9,6,10:19:34
96,9,6,10:19:53
312,9,6,10:22:01
464,9,6,10:22:45
99,9,6,10:26:31
159,9,6,10:27:32
159,9,6,10:27:32
313,9,6,10:28:00
287,9,6,10:30:09
57,9,6,10:30:37
1,9,6,10:31:11
442,9,6,10:33:34
452,9,6,10:35:01
131,9,6,10:36:29
414,9,6,10:37:26
115,9,6,10:40:58
179,9,6,10:41:16
142,9,6,10:41:30
42,9,6,10:41:59
358,9,6,10:42:18
314,9,6,10:42:48
73,9,6,10:43:52
174,9,6,10:43:52
257,9,6,10:45:03
74,9,6,10:45:33
160,9,6,10:45:45
433,9,6,10:45:59
299,9,6,10:46:09
98,9,6,10:46:28
326,9,6,10:48:46
234,9,6,10:49:15
4,9,6,10:49:25
347,9,6,10:49:32
200,9,6,10:49:41
77,9,6,10:53:21
325,9,6,10:54:02
134,9,6,10:54:56
258,9,6,10:55:18
266,9,6,10:56:53
74,9,6,10:57:24
344,9,6,10:57:25
366,9,6,10:57:31
116,9,6,10:57:31
426,9,6,10:58:07
337,9,6,10:58:23
395,9,6,11:00:15
29,9,6,11:00:22
250,9,6,11:00:33
167,9,6,11:02:14
280,9,6,11:02:59
430,9,6,11:03:12
161,9,6,11:04:46
467,9,6,11:04:47
273,9,6,11:04:50
83,9,6,11:05:34
217,9,6,11:07:47
332,9,6,11:08:29
414,9,6,11:08:36
7,9,6,11:09:12
126,9,6,11:09:36
107,9,6,11:09:46
44,9,6,11:10:11
181,9,6,11:10:58
280,9,6,11:13:33
448,9,6,11:14:46
81,9,6,11:16:13
420,9,6,11:16:33
93,9,6,11:17:01
368,9,6,11:17:38
216,9,6,11:18:25
415,9,6,11:18:39
207,9,6,11:20:20
300,9,6,11:20:28
265,9,6,11:20:32
12,9,6,11:20:53
359,9,6,11:21:19
102,9,6,11:21:21
188,9,6,11:21:53
76,9,6,11:22:49
401,9,6,11:23:13
238,9,6,11:23:47
186,9,6,11:24:10
354,9,6,11:24:27
272,9,6,11:24:28
46,9,6,11:27:30
163,9,6,11:27:50
92,9,6,11:28:39
148,9,6,11:28:41
196,9,6,11:29:15
311,9,6,11:29:51
178,9,6,11:30:38
47,9,6,11:30:43
226,9,6,11:30:46
406,9,6,11:31:16
206,9,6,11:33:42
110,9,6,11:34:48
46,9,6,11:35:46
132,9,6,11:36:11
198,9,6,11:36:36
374,9,6,11:36:42
255,9,6,11:37:56
19,9,6,11:38:15
46,9,6,11:38:58
219,9,6,11:39:33
430,9,6,11:39:57
404,9,6,11:40:21
242,9,6,11:40:28
150,9,6,11:40:30
114,9,6,11:40:40
314,9,6,11:40:40
37,9,6,11:40:42
168,9,6,11:40:43
118,9,6,11:40:43
205,9,6,11:40:44
310,9,6,11:40:51
59,9,6,11:40:59
422,9,6,11:40:59
84,9,6,11:41:02
297,9,6,11:41:03
444,9,6,11:41:09
316,9,6,11:41:11
204,9,6,11:41:12
360,9,6,11:41:13
331,9,6,11:41:16
10,9,6,11:41:20
173,9,6,11:41:22
167,9,6,11:41:24
303,9,6,11:41:25
184,9,6,11:41:27
86,9,6,11:41:27
367,9,6,11:41:29
439,9,6,11:41:35
345,9,6,11:41:37
190,9,6,11:41:43
21,9,6,11:41:48
120,9,6,11:41:50
282,9,6,11:42:02
212,9,6,11:42:04
9,9,6,11:42:05
181,9,6,11:42:05
335,9,6,11:42:07
441,9,6,11:42:12
302,9,6,11:42:18
264,9,6,11:42:20
154,9,6,11:42:20
38,9,6,11:42:22
429,9,6,11:42:22
102,9,6,11:42:23
145,9,6,11:42:25
245,9,6,11:42:26
240,9,6,11:42:27
66,9,6,11:42:28
317,9,6,11:42:28
248,9,6,11:42:31
323,9,6,11:42:32
308,9,6,11:42:38
428,9,6,11:42:39
53,9,6,11:42:51
55,9,6,11:42:52
434,9,6,11:42:53
286,9,6,11:42:54
247,9,6,11:43:13
128,9,6,11:43:30
201,9,6,11:43:30
65,9,6,11:43:58
146,9,6,11:44:14
277,9,6,11:44:23
156,9,6,11:44:25
18,9,6,11:44:28
315,9,6,11:44:34
346,9,6,11:44:44
90,9,6,11:44:57
112,9,6,11:45:05
214,9,6,11:45:16
39,9,6,11:45:17
186,9,6,11:45:30
54,9,6,11:45:34
192,9,6,11:45:37
399,9,6,11:46:04
427,9,6,11:46:07
34,9,6,11:46:07
232,9,6,11:46:15
292,9,6,11:46:20
109,9,6,11:46:32
259,9,6,11:46:43
30,9,6,11:46:48
49,9,6,11:47:00
376,9,6,11:47:12
418,9,6,11:47:20
30,9,6,11:47:37
3,9,6,11:47:45
122,9,6,11:48:26
122,9,6,11:48:27
329,9,6,11:48:39
361,9,6,11:48:40
381,9,6,11:48:46
218,9,6,11:49:19
446,9,6,11:49:52
139,9,6,11:49:55
35,9,6,11:50:18
5,9,6,11:50:51
16,9,6,11:51:45
80,9,6,11:52:03
338,9,6,11:52:05
170,9,6,11:52:10
31,9,6,11:52:14
410,9,6,11:52:17
285,9,6,11:52:29
14,9,6,11:52:33
79,9,6,11:52:48
305,9,6,11:52:56
261,9,6,11:52:58
435,9,6,11:53:00
416,9,6,11:53:09
42,9,6,11:53:22
177,9,6,11:53:23
408,9,6,11:53:25
209,9,6,11:53:42
56,9,6,11:53:44
431,9,6,11:53:46
60,9,6,11:53:59
11,9,6,11:54:04
103,9,6,11:54:05
171,9,6,11:54:13
355,9,6,11:54:19
236,9,6,11:54:23
329,9,6,11:54:24
67,9,6,11:54:28
309,9,6,11:54:30
349,9,6,11:54:30
456,9,6,11:54:31
327,9,6,11:54:31
130,9,6,11:54:33
370,9,6,11:54:48
287,9,6,11:55:31
85,9,6,11:55:34
234,9,6,11:55:37
390,9,6,11:55:40
251,9,6,11:55:41
397,9,6,11:56:13
252,9,6,11:56:14
223,9,6,11:56:18
69,9,6,11:56:46
332,9,6,11:56:48
8,9,6,11:56:50
330,9,6,11:56:52
425,9,6,11:57:20
22,9,6,11:57:23
336,9,6,11:57:29
180,9,6,11:57:32
207,9,6,11:57:34
111,9,6,11:57:39
61,9,6,11:57:43
244,9,6,11:57:56
121,9,6,11:58:03
313,9,6,11:58:08
117,9,6,11:58:09
153,9,6,11:58:21
458,9,6,11:58:31
381,9,6,11:59:03
225,9,6,11:59:12
89,9,6,11:59:14
45,9,6,11:59:16
275,9,6,11:59:20
227,9,6,11:59:46
50,9,6,11:59:49
460,9,6,11:59:50
26,9,6,12:00:06
293,9,6,12:00:18
454,9,6,12:01:01
295,9,6,12:01:25
108,9,6,12:01:47
35,9,6,12:01:49
342,9,6,12:01:53
353,9,6,12:02:17
72,9,6,12:02:19
188,9,6,12:02:26
230,9,6,12:02:34
324,9,6,12:02:36
451,9,6,12:02:40
176,9,6,12:02:52
400,9,6,12:02:54
280,9,6,12:03:00
25,9,6,12:03:04
412,9,6,12:03:05
418,9,6,12:03:14
267,9,6,12:03:29
455,9,6,12:03:36
296,9,6,12:03:38
404,9,6,12:03:40
370,9,6,12:03:50
303,9,6,12:04:02
337,9,6,12:04:05
235,9,6,12:04:18
255,9,6,12:04:27
184,9,6,12:04:28
438,9,6,12:05:14
24,9,6,12:05:18
182,9,6,12:05:32
351,9,6,12:05:43
7,9,6,12:05:44
392,9,6,12:05:56
96,9,6,12:06:04
147,9,6,12:06:21
358,9,6,12:06:23
54,9,6,12:06:26
248,9,6,12:06:29
45,9,6,12:06:32
114,9,6,12:06:33
97,9,6,12:06:40
209,9,6,12:06:40
306,9,6,12:06:53
335,9,6,12:06:54
415,9,6,12:07:07
53,9,6,12:07:10
322,9,6,12:07:10
175,9,6,12:07:20
462,9,6,12:07:22
378,9,6,12:07:40
263,9,6,12:07:41
369,9,6,12:07:50
222,9,6,12:08:02
131,9,6,12:08:04
27,9,6,12:08:24
387,9,6,12:08:26
125,9,6,12:08:27
1,9,6,12:08:35
424,9,6,12:08:37
70,9,6,12:08:48
236,9,6,12:08:49
121,9,6,12:09:26
361,9,6,12:09:34
425,9,6,12:09:41
78,9,6,12:09:45
233,9,6,12:10:12
432,9,6,12:10:22
396,9,6,12:10:30
356,9,6,12:10:46
350,9,6,12:11:04
65,9,6,12:11:33
245,9,6,12:11:38
280,9,6,12:13:34
88,9,6,12:13:41
189,9,6,12:13:45
76,9,6,12:13:49
175,9,6,12:13:50
241,9,6,12:14:11
122,9,6,12:14:18
459,9,6,12:14:18
122,9,6,12:14:19
427,9,6,12:14:23
182,9,6,12:14:37
419,9,6,12:14:57
226,9,6,12:15:02
219,9,6,12:15:04
245,9,6,12:15:05
3,9,6,12:15:10
214,9,6,12:15:21
122,9,6,12:15:32
411,9,6,12:15:38
250,9,6,12:16:02
365,9,6,12:16:06
87,9,6,12:16:13
268,9,6,12:16:55
66,9,6,12:17:37
449,9,6,12:17:40
423,9,6,12:17:43
430,9,6,12:17:43
455,9,6,12:17:51
123,9,6,12:17:56
380,9,6,12:18:04
81,9,6,12:18:05
323,9,6,12:18:08
59,9,6,12:18:16
283,9,6,12:18:23
351,9,6,12:18:28
42,9,6,12:18:29
95,9,6,12:18:33
38,9,6,12:18:41
77,9,6,12:19:08
350,9,6,12:19:13
402,9,6,12:19:47
418,9,6,12:19:48
157,9,6,12:20:21
363,9,6,12:20:38
152,9,6,12:20:44
210,9,6,12:20:48
314,9,6,12:21:11
246,9,6,12:21:38
68,9,6,12:21:56
43,9,6,12:22:11
91,9,6,12:22:56
343,9,6,12:23:03
129,9,6,12:23:07
237,9,6,12:23:59
341,9,6,12:24:07
188,9,6,12:24:27
450,9,6,12:24:40
199,9,6,12:24:58
20,9,6,12:25:00
194,9,6,12:25:08
115,9,6,12:25:30
104,9,6,12:25:52
405,9,6,12:25:57
379,9,6,12:26:01
28,9,6,12:26:05
176,9,6,12:26:18
349,9,6,12:27:24
463,9,6,12:28:05
34,9,6,12:28:11
375,9,6,12:28:43
321,9,6,12:28:49
294,9,6,12:29:33
23,9,6,12:30:13
286,9,6,12:30:21
362,9,6,12:30:43
63,9,6,12:31:24
239,9,6,12:31:55
202,9,6,12:32:10
48,9,6,12:32:16
15,9,6,12:32:56
334,9,6,12:33:01
101,9,6,12:33:15
278,9,6,12:33:18
160,9,6,12:33:20
340,9,6,12:33:31
89,9,6,12:34:15
138,9,6,12:34:54
328,9,6,12:35:20
128,9,6,12:35:35
307,9,6,12:35:50
148,9,6,12:35:51
352,9,6,12:36:38
305,9,6,12:36:48
372,9,6,12:37:02
35,9,6,12:38:23
143,9,6,12:39:22
465,9,6,12:39:24
6,9,6,12:39:43
433,9,6,12:41:02
192,9,6,12:41:17
86,9,6,12:42:02
363,9,6,12:42:51
179,9,6,12:45:39
40,9,6,12:46:16
447,9,6,12:47:14
174,9,6,12:50:37
126,9,6,12:50:57
231,9,6,12:51:08
383,9,6,12:51:18
7,9,6,12:51:24
271,9,6,12:52:03
63,9,6,12:52:33
344,9,6,12:53:15
373,9,6,12:55:00
208,9,6,12:55:31
141,9,6,12:55:42
260,9,6,12:56:39
183,9,6,12:56:43
288,9,6,12:57:18
409,9,6,12:57:40
113,9,6,12:58:13
119,9,6,12:59:36
37,9,6,13:00:12
127,9,6,13:00:28
382,9,6,13:01:55
42,9,6,13:02:02
426,9,6,13:03:27
72,9,6,13:04:04
201,9,6,13:05:36
162,9,6,13:05:58
278,9,6,13:06:24
205,9,6,13:07:06
340,9,6,13:08:06
451,9,6,13:08:46
385,9,6,13:09:28
425,9,6,13:09:28
371,9,6,13:09:58
262,9,6,13:10:54
219,9,6,13:11:03
320,9,6,13:11:15
51,9,6,13:11:36
185,9,6,13:11:55
277,9,6,13:12:12
436,9,6,13:14:19
85,9,6,13:15:26
250,9,6,13:17:36
149,9,6,13:18:24
445,9,6,13:18:50
221,9,6,13:19:02
221,9,6,13:20:13
379,9,6,13:20:24
4,9,6,13:20:26
1,9,6,13:20:31
49,9,6,13:20:33
198,9,6,13:20:34
106,9,6,13:20:36
308,9,6,13:20:38
314,9,6,13:20:41
246,9,6,13:20:43
55,9,6,13:21:00
253,9,6,13:21:10
101,9,6,13:21:33
33,9,6,13:22:50
392,9,6,13:23:11
17,9,6,13:23:17
427,9,6,13:23:45
435,9,6,13:24:42
8,9,6,13:24:54
398,9,6,13:25:15
181,9,6,13:25:15
299,9,6,13:25:23
395,9,6,13:25:24
266,9,6,13:25:42
50,9,6,13:25:59
410,9,6,13:26:10
161,9,6,13:26:25
279,9,6,13:26:25
14,9,6,13:26:44
457,9,6,13:27:48
184,9,6,13:27:50
122,9,6,13:28:03
122,9,6,13:28:03
142,9,6,13:28:10
208,9,6,13:28:27
60,9,6,13:29:12
360,9,6,13:29:23
411,9,6,13:30:12
392,9,6,13:30:23
337,9,6,13:30:32
228,9,6,13:30:41
421,9,6,13:30:43
440,9,6,13:31:04
32,9,6,13:31:25
97,9,6,13:32:40
335,9,6,13:32:43
24,9,6,13:33:05
214,9,6,13:33:28
133,9,6,13:33:32
347,9,6,13:33:47
422,9,6,13:33:47
284,9,6,13:33:55
41,9,6,13:34:14
146,9,6,13:34:34
217,9,6,13:34:48
312,9,6,13:35:43
193,9,6,13:37:01
104,9,6,13:37:02
295,9,6,13:37:50
167,9,6,13:38:17
324,9,6,13:39:09
240,9,6,13:40:24
172,9,6,13:40:56
437,9,6,13:41:05
241,9,6,13:41:14
155,9,6,13:42:21
116,9,6,13:42:41
19,9,6,13:42:52
163,9,6,13:43:08
278,9,6,13:43:09
242,9,6,13:43:14
136,9,6,13:43:49
159,9,6,13:44:13
135,9,6,13:44:18
344,9,6,13:44:34
52,9,6,13:44:45
67,9,6,13:45:33
466,9,6,13:45:57
377,9,6,13:46:52
132,9,6,13:47:09
243,9,6,13:47:11
348,9,6,13:47:49
112,9,6,13:48:18
369,9,6,13:48:31
307,9,6,13:49:33
427,9,6,13:49:34
267,9,6,13:49:48
240,9,6,13:50:47
442,9,6,13:51:30
191,9,6,13:52:02
39,9,6,13:52:19
146,9,6,13:52:24
36,9,6,13:53:06
269,9,6,13:54:44
450,9,6,13:55:26
105,9,6,13:55:48
353,9,6,13:58:04
63,9,6,13:58:41
225,9,6,13:58:48
124,9,6,13:59:05
54,9,6,14:03:59
258,9,6,14:04:41
156,9,6,14:04:50
29,9,6,14:05:13
223,9,6,14:05:26
413,9,6,14:06:04
281,9,6,14:07:03
364,9,6,14:10:09
268,9,6,14:10:11
186,9,6,14:10:32
406,9,6,14:11:40
55,9,6,14:14:00
93,9,6,14:15:17
178,9,6,14:16:22
178,9,6,14:16:36
8,9,6,14:20:10
25,9,6,14:21:14
180,9,6,14:22:13
213,9,6,14:22:40
66,9,6,14:23:19
253,9,6,14:23:42
316,9,6,14:23:55
255,9,6,14:26:41
125,9,6,14:28:09
402,9,6,14:30:28
380,9,6,14:30:56
100,9,6,14:32:37
347,9,6,14:32:55
20,9,6,14:33:12
435,9,6,14:35:19
435,9,6,14:35:45
366,9,6,14:35:54
402,9,6,14:36:18
51,9,6,14:36:43
359,9,6,14:36:50
111,9,6,14:37:40
13,9,6,14:37:59
302,9,6,14:39:45
274,9,6,14:40:04
432,9,6,14:41:17
138,9,6,14:41:48
50,9,6,14:41:57
291,9,6,14:42:02
414,9,6,14:42:22
278,9,6,14:42:43
266,9,6,14:42:55
157,9,6,14:43:13
356,9,6,14:45:29
160,9,6,14:47:07
411,9,6,14:47:14
238,9,6,14:48:48
148,9,6,14:48:55
108,9,6,14:49:28
269,9,6,14:49:34
376,9,6,14:50:42
113,9,6,14:51:44
51,9,6,14:51:49
303,9,6,14:53:13
285,9,6,14:54:34
83,9,6,14:57:05
369,9,6,14:57:13
61,9,6,14:57:19
205,9,6,14:59:06
4,9,6,14:59:08
402,9,6,15:00:30
402,9,6,15:00:30
220,9,6,15:02:11
336,9,6,15:02:22
412,9,6,15:02:52
155,9,6,15:02:55
141,9,6,15:03:13
257,9,6,15:03:29
115,9,6,15:05:35
233,9,6,15:06:20
245,9,6,15:06:27
206,9,6,15:06:38
161,9,6,15:06:39
32,9,6,15:07:47
393,9,6,15:07:49
265,9,6,15:11:11
411,9,6,15:11:14
17,9,6,15:12:42
151,9,6,15:12:43
97,9,6,15:13:47
185,9,6,15:14:09
304,9,6,15:14:18
358,9,6,15:16:21
467,9,6,15:17:13
201,9,6,15:17:50
6,9,6,15:19:02
293,9,6,15:19:52
331,9,6,15:20:45
332,9,6,15:22:11
330,9,6,15:22:48
203,9,6,15:24:30
86,9,6,15:29:42
88,9,6,15:29:55
46,9,6,15:30:55
447,9,6,15:30:57
401,9,6,15:31:37
231,9,6,15:31:40
126,9,6,15:32:04
24,9,6,15:32:56
460,9,6,15:34:07
458,9,6,15:34:52
145,9,6,15:35:15
461,9,6,15:35:52
74,9,6,15:39:50
73,9,6,15:43:01
229,9,6,15:43:30
156,9,6,15:43:55
52,9,6,15:47:25
63,9,6,15:48:06
165,9,6,15:50:17
208,9,6,15:50:45
276,9,6,15:52:17
454,9,6,15:53:51
48,9,6,15:53:57
315,9,6,15:54:35
36,9,6,15:54:48
85,9,6,15:55:16
171,9,6,15:55:28
45,9,6,15:55:35
30,9,6,15:55:35
369,9,6,15:55:42
168,9,6,15:55:45
142,9,6,15:55:49
278,9,6,15:55:49
112,9,6,15:55:53
419,9,6,15:55:53
143,9,6,15:55:55
303,9,6,15:56:00
116,9,6,15:56:00
77,9,6,15:56:06
460,9,6,15:56:06
363,9,6,15:56:11
201,9,6,15:56:13
252,9,6,15:56:15
367,9,6,15:56:27
433,9,6,15:56:43
437,9,6,15:56:43
41,9,6,15:56:59
262,9,6,15:57:15
264,9,6,15:57:21
28,9,6,15:57:33
452,9,6,15:57:33
439,9,6,15:57:50
75,9,6,15:58:10
266,9,6,15:58:27
150,9,6,15:58:29
110,9,6,15:58:51
189,9,6,15:59:00
17,9,6,15:59:08
221,9,6,15:59:31
436,9,6,15:59:45
450,9,6,15:59:55
222,9,6,15:59:59
50,9,6,16:00:16
370,9,6,16:00:41
371,9,6,16:00:51
188,9,6,16:00:54
279,9,6,16:01:24
335,9,6,16:01:28
273,9,6,16:01:39
310,9,6,16:01:41
378,9,6,16:01:48
195,9,6,16:01:57
418,9,6,16:02:00
377,9,6,16:02:00
405,9,6,16:02:15
162,9,6,16:02:23
192,9,6,16:02:24
174,9,6,16:02:29
53,9,6,16:02:40
253,9,6,16:02:47
312,9,6,16:03:23
152,9,6,16:03:32
243,9,6,16:03:33
259,9,6,16:03:50
91,9,6,16:04:07
346,9,6,16:04:10
298,9,6,16:04:18
184,9,6,16:04:27
375,9,6,16:04:36
15,9,6,16:04:38
204,9,6,16:04:38
385,9,6,16:04:48
263,9,6,16:04:55
42,9,6,16:05:08
202,9,6,16:05:16
428,9,6,16:05:24
426,9,6,16:05:36
119,9,6,16:05:51
292,9,6,16:05:53
255,9,6,16:05:57
365,9,6,16:06:06
406,9,6,16:06:17
118,9,6,16:06:20
462,9,6,16:06:54
451,9,6,16:06:55
200,9,6,16:07:06
261,9,6,16:07:09
25,9,6,16:07:11
200,9,6,16:07:20
66,9,6,16:08:24
300,9,6,16:08:46
456,9,6,16:08:50
440,9,6,16:08:55
309,9,6,16:08:57
170,9,6,16:08:59
455,9,6,16:09:26
276,9,6,16:09:46
267,9,6,16:09:55
348,9,6,16:10:26
409,9,6,16:10:53
216,9,6,16:11:09
395,9,6,16:12:22
403,9,6,16:12:49
23,9,6,16:12:56
49,9,6,16:12:58
217,9,6,16:13:34
180,9,6,16:13:37
127,9,6,16:13:59
203,9,6,16:14:13
124,9,6,16:14:34
149,9,6,16:14:49
175,9,6,16:15:21
256,9,6,16:15:59
357,9,6,16:16:09
16,9,6,16:16:40
411,9,6,16:16:41
56,9,6,16:17:45
270,9,6,16:18:34
466,9,6,16:18:46
281,9,6,16:18:56
43,9,6,16:19:10
288,9,6,16:19:43
304,9,6,16:20:04
394,9,6,16:20:27
130,9,6,16:20:53
313,9,6,16:20:57
392,9,6,16:21:19
343,9,6,16:21:37
100,9,6,16:22:00
25,9,6,16:22:19
406,9,6,16:23:09
453,9,6,16:23:47
235,9,6,16:24:02
399,9,6,16:25:07
12,9,6,16:25:09
388,9,6,16:25:12
239,9,6,16:25:45
236,9,6,16:25:51
423,9,6,16:26:17
423,9,6,16:26:18
10,9,6,16:26:54
141,9,6,16:28:49
211,9,6,16:29:30
314,9,6,16:29:56
441,9,6,16:30:10
126,9,6,16:30:26
441,9,6,16:31:07
198,9,6,16:31:09
242,9,6,16:32:04
305,9,6,16:32:29
350,9,6,16:32:53
252,9,6,16:33:41
278,9,6,16:34:45
180,9,6,16:35:20
322,9,6,16:35:37
193,9,6,16:38:00
166,9,6,16:40:37
360,9,6,16:40:45
111,9,6,16:41:29
18,9,6,16:41:29
157,9,6,16:41:42
327,9,6,16:42:35
276,9,6,16:43:26
390,9,6,16:43:53
279,9,6,16:43:59
326,9,6,16:43:59
133,9,6,16:46:11
212,9,6,16:46:46
172,9,6,16:46:55
225,9,6,16:47:07
329,9,6,16:48:25
307,9,6,16:48:28
296,9,6,16:48:30
72,9,6,16:48:32
336,9,6,16:48:33
404,9,6,16:48:35
120,9,6,16:48:40
207,9,6,16:48:44
444,9,6,16:48:44
86,9,6,16:48:52
318,9,6,16:48:57
187,9,6,16:48:57
187,9,6,16:48:57
330,9,6,16:48:59
39,9,6,16:49:02
159,9,6,16:49:05
104,9,6,16:49:08
182,9,6,16:49:25
144,9,6,16:49:30
143,9,6,16:49:34
122,9,6,16:49:38
122,9,6,16:49:38
187,9,6,16:49:45
437,9,6,16:49:57
181,9,6,16:50:09
263,9,6,16:50:28
24,9,6,16:50:43
153,9,6,16:50:50
107,9,6,16:51:28
260,9,6,16:51:33
99,9,6,16:51:39
241,9,6,16:51:40
420,9,6,16:51:40
283,9,6,16:51:41
292,9,6,16:51:48
105,9,6,16:51:53
208,9,6,16:52:06
393,9,6,16:52:24
78,9,6,16:52:41
131,9,6,16:52:59
376,9,6,16:53:25
374,9,6,16:53:26
173,9,6,16:53:27
289,9,6,16:53:40
177,9,6,16:53:41
67,9,6,16:54:05
64,9,6,16:54:08
40,9,6,16:56:15
351,9,6,16:56:20
102,9,6,16:56:55
55,9,6,16:57:11
87,9,6,16:57:21
314,9,6,16:57:41
280,9,6,16:58:01
73,9,6,16:58:07
401,9,6,16:59:01
89,9,6,16:59:04
37,9,6,17:00:10
175,9,6,17:01:09
385,9,6,17:01:15
66,9,6,17:01:54
425,9,6,17:03:55
108,9,6,17:04:13
215,9,6,17:04:21
1,9,6,17:04:26
3,9,6,17:04:28
98,9,6,17:04:45
163,9,6,17:06:53
278,9,6,17:08:08
411,9,6,17:08:21
70,9,6,17:08:53
76,9,6,17:08:55
253,9,6,17:09:10
36,9,6,17:09:10
34,9,6,17:09:50
14,9,6,17:10:01
183,9,6,17:10:14
246,9,6,17:11:03
8,9,6,17:11:17
435,9,6,17:11:50
115,9,6,17:12:40
320,9,6,17:12:58
229,9,6,17:15:17
7,9,6,17:16:08
310,9,6,17:17:24
344,9,6,17:17:36
324,9,6,17:18:05
417,9,6,17:22:25
132,9,6,17:22:51
227,9,6,17:22:56
316,9,6,17:23:54
287,9,6,17:23:57
456,9,6,17:23:58
286,9,6,17:25:57
50,9,6,17:26:58
434,9,6,17:32:16
275,9,6,17:33:28
277,9,6,17:33:56
156,9,6,17:34:11
79,9,6,17:34:26
168,9,6,17:35:18
58,9,6,17:35:32
462,9,6,17:35:40
204,9,6,17:35:40
370,9,6,17:35:41
319,9,6,17:35:41
45,9,6,17:35:41
109,9,6,17:35:43
251,9,6,17:35:47
304,9,6,17:35:49
219,9,6,17:35:50
460,9,6,17:35:50
84,9,6,17:35:59
169,9,6,17:36:07
246,9,6,17:36:17
85,9,6,17:36:19
412,9,6,17:36:21
135,9,6,17:36:26
300,9,6,17:36:30
245,9,6,17:36:58
125,9,6,17:37:06
143,9,6,17:37:18
179,9,6,17:37:23
379,9,6,17:37:40
99,9,6,17:37:42
147,9,6,17:37:51
330,9,6,17:38:02
439,9,6,17:38:08
44,9,6,17:38:20
327,9,6,17:39:03
11,9,6,17:39:24
280,9,6,17:39:25
54,9,6,17:39:35
61,9,6,17:39:36
87,9,6,17:39:36
444,9,6,17:39:37
411,9,6,17:39:57
255,9,6,17:40:06
120,9,6,17:40:17
209,9,6,17:40:22
5,9,6,17:40:31
314,9,6,17:41:08
81,9,6,17:41:14
331,9,6,17:41:29
100,9,6,17:41:43
117,9,6,17:42:06
302,9,6,17:42:08
47,9,6,17:42:15
311,9,6,17:42:25
196,9,6,17:42:32
123,9,6,17:43:05
128,9,6,17:43:15
171,9,6,17:43:23
52,9,6,17:43:26
201,9,6,17:43:52
52,9,6,17:44:02
413,9,6,17:44:28
14,9,6,17:44:41
93,9,6,17:44:49
70,9,6,17:45:23
39,9,6,17:45:29
92,9,6,17:45:46
158,9,6,17:46:06
96,9,6,17:46:27
86,9,6,17:46:39
28,9,6,17:46:41
435,9,6,17:47:14
5,9,6,17:47:15
307,9,6,17:47:47
358,9,6,17:48:09
316,9,6,17:48:41
95,9,6,17:49:04
245,9,6,17:49:04
218,9,6,17:49:26
430,9,6,17:49:43
416,9,6,17:49:58
24,9,6,17:50:04
271,9,6,17:50:37
136,9,6,17:50:42
383,9,6,17:50:42
35,9,6,17:50:43
178,9,6,17:51:17
281,9,6,17:51:24
301,9,6,17:51:25
353,9,6,17:51:31
307,9,6,17:51:38
97,9,6,17:52:00
325,9,6,17:52:26
397,9,6,17:52:47
190,9,6,17:52:53
193,9,6,17:53:22
338,9,6,17:53:26
303,9,6,17:53:35
396,9,6,17:54:13
350,9,6,17:54:49
240,9,6,17:55:20
274,9,6,17:55:50
38,9,6,17:55:51
387,9,6,17:56:13
60,9,6,17:57:06
332,9,6,17:57:24
73,9,6,17:57:26
64,9,6,17:58:24
161,9,6,17:58:46
74,9,6,17:58:51
467,9,6,17:59:23
51,9,6,17:59:35
445,9,6,18:00:08
167,9,6,18:00:16
449,9,6,18:00:22
247,9,6,18:01:35
250,9,6,18:01:45
146,9,6,18:01:51
149,9,6,18:02:36
186,9,6,18:02:40
393,9,6,18:03:23
134,9,6,18:06:16
197,9,6,18:06:18
315,9,6,18:06:48
2,9,6,18:07:27
163,9,6,18:07:44
164,9,6,18:08:54
324,9,6,18:09:12
33,9,6,18:09:17
155,9,6,18:09:48
191,9,6,18:10:23
406,9,6,18:12:20
122,9,6,18:12:57
122,9,6,18:12:57
122,9,6,18:13:15
303,9,6,18:13:16
300,9,6,18:13:55
378,9,6,18:14:53
138,9,6,18:15:36
148,9,6,18:17:19
46,9,6,18:17:48
149,9,6,18:19:04
268,9,6,18:19:37
77,9,6,18:19:48
139,9,6,18:19:53
285,9,6,18:22:55
342,9,6,18:23:32
365,9,6,18:24:56
363,9,6,18:24:58
138,9,6,18:26:31
356,9,6,18:27:28
362,9,6,18:29:38
156,9,6,18:31:12
231,9,6,18:32:52
328,9,6,18:34:15
349,9,6,18:34:21
461,9,6,18:34:42
306,9,6,18:35:08
208,9,6,18:36:10
105,9,6,18:36:12
4,9,6,18:36:59
224,9,6,18:37:02
92,9,6,18:37:19
358,9,6,18:37:38
253,9,6,18:38:46
180,9,6,18:39:41
317,9,6,18:42:14
368,9,6,18:43:42
403,9,6,18:44:33
411,9,6,18:44:49
100,9,6,18:48:34
458,9,6,18:50:41
463,9,6,18:52:23
103,9,6,18:52:31
463,9,6,18:52:54
424,9,6,18:53:58
454,9,6,18:56:16
288,9,6,18:58:29
187,9,6,18:59:46
187,9,6,18:59:46
27,9,6,19:00:38
154,9,6,19:00:43
318,9,6,19:03:24
188,9,6,19:04:21
191,9,6,19:04:54
236,9,6,19:05:13
253,9,6,19:06:06
253,9,6,19:06:06
441,9,6,19:07:23
252,9,6,19:07:33
461,9,6,19:08:06
156,9,6,19:10:05
398,9,6,19:10:17
307,9,6,19:10:58
343,9,6,19:11:07
465,9,6,19:12:24
325,9,6,19:13:36
83,9,6,19:13:50
292,9,6,19:15:17
32,9,6,19:16:52
47,9,6,19:17:53
335,9,6,19:19:52
370,9,6,19:24:35
161,9,6,19:25:20
337,9,6,19:26:47
414,9,6,19:27:10
52,9,6,19:30:23
182,9,6,19:31:27
200,9,6,19:32:15
252,9,6,19:32:19
376,9,6,19:32:44
297,9,6,19:32:58
299,9,6,19:34:07
351,9,6,19:34:45
57,9,6,19:35:28
230,9,6,19:36:04
319,9,6,19:38:45
312,9,6,19:38:50
445,9,6,19:39:37
447,9,6,19:41:55
156,9,6,19:43:25
427,9,6,19:50:26
308,9,6,19:51:43
125,9,6,19:51:48
381,9,6,19:51:56
34,9,6,19:51:58
130,9,6,19:52:25
34,9,6,19:52:26
16,9,6,19:53:53
255,9,6,19:54:05
50,9,6,19:54:28
69,9,6,19:55:16
21,9,6,19:55:21
239,9,6,19:57:12
169,9,6,20:00:28
189,9,6,20:01:14
200,9,6,20:01:43
200,9,6,20:01:47
57,9,6,20:04:40
107,9,6,20:05:30
317,9,6,20:07:47
428,9,6,20:08:39
165,9,6,20:08:57
31,9,6,20:15:06
85,9,6,20:16:59
249,9,6,20:17:52
372,9,6,20:18:19
220,9,6,20:18:22
257,9,6,20:18:23
316,9,6,20:19:21
323,9,6,20:19:38
456,9,6,20:20:02
57,9,6,20:20:21
90,9,6,20:21:48
229,9,6,20:21:59
315,9,6,20:24:47
156,9,6,20:24:59
460,9,6,20:27:23
51,9,6,20:27:28
96,9,6,20:27:43
253,9,6,20:28:24
355,9,6,20:28:43
20,9,6,20:29:15
222,9,6,20:29:19
160,9,6,20:30:04
141,9,6,20:30:12
180,9,6,20:30:19
161,9,6,20:30:20
57,9,6,20:32:10
92,9,6,20:32:20
196,9,6,20:34:48
238,9,6,20:35:09
263,9,6,20:36:24
370,9,6,20:36:47
395,9,6,20:37:41
200,9,6,20:37:46
386,9,6,20:39:23
13,9,6,20:40:23
392,9,6,20:41:05
307,9,6,20:41:11
137,9,6,20:41:15
9,9,6,20:41:21
88,9,6,20:42:46
385,9,6,20:43:52
218,9,6,20:46:54
264,9,6,20:46:54
354,9,6,20:47:04
268,9,6,20:50:36
246,9,6,20:51:26
162,9,6,20:53:21
247,9,6,20:55:06
120,9,6,20:57:56
92,9,6,20:58:07
464,9,6,20:59:51
89,9,6,21:00:02
461,9,6,21:00:22
329,9,6,21:01:17
406,9,6,21:06:49
22,9,6,21:07:15
312,9,6,21:07:16
335,9,6,21:07:19
45,9,6,21:07:21
105,9,6,21:07:27
119,9,6,21:07:27
23,9,6,21:07:32
445,9,6,21:07:33
339,9,6,21:07:38
68,9,6,21:07:38
207,9,6,21:07:45
429,9,6,21:07:50
359,9,6,21:07:52
59,9,6,21:07:58
170,9,6,21:08:09
86,9,6,21:08:20
307,9,6,21:08:23
314,9,6,21:08:33
278,9,6,21:08:52
10,9,6,21:08:54
122,9,6,21:08:59
122,9,6,21:08:59
65,9,6,21:09:04
437,9,6,21:09:09
184,9,6,21:09:15
434,9,6,21:09:16
275,9,6,21:09:17
281,9,6,21:09:17
399,9,6,21:09:29
93,9,6,21:09:40
44,9,6,21:09:40
360,9,6,21:09:46
114,9,6,21:09:53
346,9,6,21:10:05
168,9,6,21:10:12
309,9,6,21:10:16
326,9,6,21:10:41
237,9,6,21:10:45
149,9,6,21:10:46
303,9,6,21:10:50
14,9,6,21:10:52
104,9,6,21:10:56
70,9,6,21:11:14
464,9,6,21:11:17
133,9,6,21:11:41
253,9,6,21:12:02
438,9,6,21:12:12
418,9,6,21:12:17
388,9,6,21:12:48
150,9,6,21:13:32
337,9,6,21:13:50
141,9,6,21:13:58
446,9,6,21:13:59
213,9,6,21:14:27
228,9,6,21:14:32
220,9,6,21:14:45
99,9,6,21:14:50
422,9,6,21:14:56
35,9,6,21:14:56
290,9,6,21:14:58
311,9,6,21:15:20
95,9,6,21:15:32
226,9,6,21:15:44
362,9,6,21:15:48
445,9,6,21:15:50
336,9,6,21:16:15
351,9,6,21:16:21
409,9,6,21:16:26
377,9,6,21:16:27
136,9,6,21:16:46
382,9,6,21:17:08
174,9,6,21:17:09
245,9,6,21:17:30
269,9,6,21:17:30
451,9,6,21:17:32
289,9,6,21:17:46
1,9,6,21:17:54
186,9,6,21:18:26
335,9,6,21:18:58
50,9,6,21:19:49
439,9,6,21:20:12
101,9,6,21:20:41
441,9,6,21:21:15
387,9,6,21:22:00
277,9,6,21:22:00
126,9,6,21:22:23
72,9,6,21:22:26
128,9,6,21:22:29
334,9,6,21:23:17
173,9,6,21:23:22
121,9,6,21:23:31
411,9,6,21:23:33
222,9,6,21:23:33
42,9,6,21:23:39
341,9,6,21:24:04
177,9,6,21:24:13
143,9,6,21:24:20
17,9,6,21:24:23
158,9,6,21:24:35
185,9,6,21:24:38
300,9,6,21:24:41
462,9,6,21:24:44
43,9,6,21:24:57
328,9,6,21:25:26
18,9,6,21:25:29
188,9,6,21:25:32
39,9,6,21:26:08
161,9,6,21:26:26
205,9,6,21:26:28
324,9,6,21:26:30
175,9,6,21:26:31
178,9,6,21:27:00
36,9,6,21:27:05
153,9,6,21:27:33
240,9,6,21:27:58
251,9,6,21:28:15
424,9,6,21:28:48
19,9,6,21:29:45
350,9,6,21:30:33
5,9,6,21:30:39
285,9,6,21:31:21
404,9,6,21:32:05
391,9,6,21:32:30
26,9,6,21:32:35
307,9,6,21:32:35
157,9,6,21:32:59
159,9,6,21:33:15
215,9,6,21:33:28
304,9,6,21:33:49
369,9,6,21:34:11
56,9,6,21:34:13
241,9,6,21:34:52
467,9,6,21:35:48
47,9,6,21:35:51
335,9,6,21:35:51
103,9,6,21:35:55
293,9,6,21:36:24
61,9,6,21:36:30
435,9,6,21:37:43
238,9,6,21:38:03
201,9,6,21:38:21
174,9,6,21:39:25
364,9,6,21:39:47
363,9,6,21:39:52
421,9,6,21:40:52
163,9,6,21:41:07
315,9,6,21:41:12
63,9,6,21:41:23
252,9,6,21:42:00
84,9,6,21:42:44
202,9,6,21:43:22
7,9,6,21:43:26
115,9,6,21:44:23
223,9,6,21:44:26
258,9,6,21:44:30
280,9,6,21:44:36
83,9,6,21:44:53
269,9,6,21:46:27
97,9,6,21:46:32
313,9,6,21:48:24
426,9,6,21:48:42
403,9,6,21:49:27
94,9,6,21:49:54
166,9,6,21:50:09
8,9,6,21:50:09
283,9,6,21:54:07
263,9,6,21:55:02
306,9,6,21:55:29
50,9,6,21:56:00
357,9,6,21:56:07
250,9,6,21:56:19
14,9,6,21:56:54
354,9,6,21:57:04
179,9,6,21:57:27
140,9,6,21:57:35
282,9,6,22:00:10
169,9,6,22:00:12
172,9,6,22:00:17
292,9,6,22:01:55
305,9,6,22:02:31
340,9,6,22:02:38
152,9,6,22:03:34
155,9,6,22:05:29
368,9,6,22:06:52
262,9,6,22:08:52
465,9,6,22:09:28
317,9,6,22:10:07
224,9,6,22:10:16
444,9,6,22:10:17
347,9,6,22:10:40
108,9,6,22:11:28
176,9,6,22:14:34
127,9,6,22:15:05
308,9,6,22:15:22
381,9,6,22:15:37
321,9,6,22:17:17
175,9,6,22:17:24
233,9,6,22:20:00
219,9,6,22:20:09
461,9,6,22:20:57
124,9,6,22:22:18
118,9,6,22:22:40
406,9,6,22:22:43
278,9,6,22:22:44
289,9,6,22:23:14
163,9,6,22:23:15
352,9,6,22:23:18
371,9,6,22:23:19
396,9,6,22:23:34
436,9,6,22:23:54
218,9,6,22:24:02
63,9,6,22:24:07
209,9,6,22:24:08
236,9,6,22:24:35
210,9,6,22:24:36
44,9,6,22:25:04
149,9,6,22:25:05
21,9,6,22:25:11
191,9,6,22:25:17
307,9,6,22:25:42
309,9,6,22:25:47
427,9,6,22:25:47
304,9,6,22:25:47
350,9,6,22:25:49
331,9,6,22:25:50
205,9,6,22:25:57
378,9,6,22:26:19
220,9,6,22:26:35
252,9,6,22:26:44
141,9,6,22:26:51
192,9,6,22:26:52
120,9,6,22:27:00
255,9,6,22:27:11
194,9,6,22:27:12
188,9,6,22:27:34
226,9,6,22:28:02
179,9,6,22:28:16
440,9,6,22:28:20
430,9,6,22:28:36
28,9,6,22:29:09
97,9,6,22:29:32
183,9,6,22:29:36
53,9,6,22:30:02
276,9,6,22:30:02
335,9,6,22:30:45
114,9,6,22:31:07
420,9,6,22:31:49
19,9,6,22:32:48
37,9,6,22:32:54
150,9,6,22:33:20
170,9,6,22:33:39
326,9,6,22:33:39
147,9,6,22:33:55
273,9,6,22:33:59
112,9,6,22:33:59
338,9,6,22:34:07
425,9,6,22:34:18
366,9,6,22:34:24
267,9,6,22:34:58
79,9,6,22:35:08
148,9,6,22:35:37
452,9,6,22:35:57
467,9,6,22:36:13
353,9,6,22:36:45
318,9,6,22:37:22
360,9,6,22:38:24
379,9,6,22:39:01
121,9,6,22:40:12
337,9,6,22:40:45
15,9,6,22:40:51
344,9,6,22:42:21
52,9,6,22:43:07
189,9,6,22:44:10
423,9,6,22:44:50
316,9,6,22:44:53
254,9,6,22:45:07
412,9,6,22:45:20
390,9,6,22:45:24
159,9,6,22:46:17
216,9,6,22:46:30
276,9,6,22:46:41
95,9,6,22:46:42
187,9,6,22:46:49
187,9,6,22:46:50
61,9,6,22:47:13
204,9,6,22:48:01
49,9,6,22:48:48
156,9,6,22:51:46
265,9,6,22:53:13
415,9,6,22:53:33
63,9,6,22:53:36
332,9,6,22:53:36
96,9,6,22:54:16
155,9,6,22:54:21
120,9,6,22:54:50
409,9,6,22:55:43
12,9,6,22:56:21
294,9,6,22:56:23
363,9,6,22:56:35
459,9,6,22:57:20
263,9,6,22:58:11
60,9,6,22:59:02
143,9,6,22:59:51
3,9,6,23:00:18
47,9,6,23:00:47
259,9,6,23:00:59
365,9,6,23:01:37
291,9,6,23:01:44
443,9,6,23:01:45
206,9,6,23:01:45
217,9,6,23:01:56
300,9,6,23:02:04
355,9,6,23:02:12
37,9,6,23:02:17
359,9,6,23:02:27
199,9,6,23:02:27
286,9,6,23:03:02
57,9,6,23:04:36
276,9,6,23:04:48
395,9,6,23:05:21
122,9,6,23:05:31
122,9,6,23:05:31
12,9,6,23:06:08
385,9,6,23:06:33
274,9,6,23:08:52
320,9,6,23:08:53
278,9,6,23:09:27
255,9,6,23:10:23
349,9,6,23:10:35
424,9,6,23:10:40
85,9,6,23:10:47
173,9,6,23:10:50
404,9,6,23:11:01
181,9,6,23:11:06
335,9,6,23:11:23
115,9,6,23:11:24
35,9,6,23:11:37
77,9,6,23:12:44
208,9,6,23:12:53
152,9,6,23:13:38
281,9,6,23:13:56
170,9,6,23:14:21
124,9,6,23:14:27
431,9,6,23:14:30
222,9,6,23:14:32
261,9,6,23:14:39
171,9,6,23:14:48
138,9,6,23:15:49
215,9,6,23:15:56
215,9,6,23:16:32
410,9,6,23:17:09
303,9,6,23:17:35
36,9,6,23:18:16
42,9,6,23:18:37
120,9,6,23:18:37
42,9,6,23:19:25
369,9,6,23:20:36
408,9,6,23:21:03
161,9,6,23:21:46
67,9,6,23:21:57
406,9,6,23:22:51
417,9,6,23:23:41
59,9,6,23:23:57
237,9,6,23:24:54
50,9,6,23:25:17
129,9,6,23:25:35
59,9,6,23:26:00
10,9,6,23:26:23
73,9,6,23:26:40
137,9,6,23:27:15
331,9,6,23:27:20
59,9,6,23:28:01
354,9,6,23:28:50
64,9,6,23:29:08
167,9,6,23:29:13
140,9,6,23:29:14
312,9,6,23:30:06
392,9,6,23:30:09
345,9,6,23:30:21
59,9,6,23:30:29
179,9,6,23:30:30
175,9,6,23:30:38
79,9,6,23:30:48
54,9,6,23:31:31
422,9,6,23:31:40
212,9,6,23:32:13
373,9,6,23:33:07
357,9,6,23:33:15
106,9,6,23:33:23
106,9,6,23:33:23
350,9,6,23:33:25
24,9,6,23:33:47
248,9,6,23:33:57
347,9,6,23:34:06
398,9,6,23:34:17
195,9,6,23:35:02
449,9,6,23:35:11
446,9,6,23:35:20
170,9,6,23:35:32
64,9,6,23:35:37
432,9,6,23:36:24
341,9,6,23:37:36
173,9,6,23:37:48
78,9,6,23:38:23
139,9,6,23:39:47
377,9,6,23:40:09
292,9,6,23:41:43
284,9,6,23:41:58
164,9,6,23:42:43
149,9,6,23:42:44
332,9,6,23:44:56
426,9,6,23:46:03
187,9,6,23:46:34
187,9,6,23:46:36
351,9,6,23:46:58
307,9,6,23:47:33
38,9,6,23:48:57
215,9,6,23:49:09
312,9,6,23:49:49
339,9,6,23:50:19
197,9,6,23:50:30
276,9,6,23:50:31
226,9,6,23:50:38
336,9,6,23:51:03
59,9,6,23:51:23
239,9,6,23:51:32
123,9,6,23:51:56
245,9,6,23:53:29
308,9,6,23:53:48
404,9,6,23:53:51
18,9,6,23:56:08
357,9,6,23:57:28
6,9,6,23:57:39
374,9,6,23:57:59
304,9,6,23:58:02
9,9,6,23:59:55
169,10,7,00:00:03
195,10,7,00:00:32
13,10,7,00:00:35
225,10,7,00:00:54
298,10,7,00:01:04
367,10,7,00:01:11
388,10,7,00:01:15
174,10,7,00:01:17
114,10,7,00:01:38
312,10,7,00:01:38
267,10,7,00:01:38
139,10,7,00:01:46
160,10,7,00:01:47
323,10,7,00:02:13
213,10,7,00:02:14
456,10,7,00:02:17
58,10,7,00:02:20
143,10,7,00:02:32
137,10,7,00:02:50
121,10,7,00:03:09
419,10,7,00:03:18
102,10,7,00:03:49
103,10,7,00:03:54
177,10,7,00:03:54
352,10,7,00:04:05
116,10,7,00:04:51
394,10,7,00:04:56
275,10,7,00:05:09
115,10,7,00:05:42
335,10,7,00:05:46
383,10,7,00:06:19
414,10,7,00:06:23
34,10,7,00:06:26
327,10,7,00:06:41
34,10,7,00:06:48
317,10,7,00:06:53
357,10,7,00:07:11
280,10,7,00:07:13
81,10,7,00:07:24
360,10,7,00:08:05
70,10,7,00:08:07
14,10,7,00:08:25
421,10,7,00:08:29
12,10,7,00:09:19
258,10,7,00:09:55
18,10,7,00:10:15
86,10,7,00:10:34
368,10,7,00:10:50
63,10,7,00:10:51
207,10,7,00:11:06
399,10,7,00:11:10
56,10,7,00:11:24
184,10,7,00:11:36
460,10,7,00:11:44
334,10,7,00:12:11
261,10,7,00:12:30
337,10,7,00:13:47
420,10,7,00:13:49
265,10,7,00:13:49
298,10,7,00:13:55
298,10,7,00:14:11
243,10,7,00:15:28
277,10,7,00:15:48
408,10,7,00:16:08
396,10,7,00:16:25
452,10,7,00:16:33
112,10,7,00:16:43
132,10,7,00:17:07
328,10,7,00:17:10
181,10,7,00:17:15
318,10,7,00:17:37
301,10,7,00:18:35
190,10,7,00:18:50
255,10,7,00:19:05
203,10,7,00:19:08
387,10,7,00:19:37
207,10,7,00:20:25
319,10,7,00:20:50
404,10,7,00:20:55
269,10,7,00:21:10
294,10,7,00:21:26
354,10,7,00:21:46
131,10,7,00:22:22
254,10,7,00:22:37
140,10,7,00:22:40
241,10,7,00:24:18
293,10,7,00:24:41
321,10,7,00:26:07
127,10,7,00:27:50
447,10,7,00:27:52
109,10,7,00:27:59
93,10,7,00:28:25
371,10,7,00:28:44
351,10,7,00:29:01
222,10,7,00:29:01
350,10,7,00:29:10
51,10,7,00:30:33
216,10,7,00:32:39
425,10,7,00:33:28
415,10,7,00:33:33
417,10,7,00:34:27
386,10,7,00:36:12
236,10,7,00:36:28
412,10,7,00:36:38
367,10,7,00:36:53
324,10,7,00:36:54
147,10,7,00:37:13
457,10,7,00:38:50
434,10,7,00:39:12
155,10,7,00:40:10
187,10,7,00:41:16
187,10,7,00:41:16
187,10,7,00:41:19
287,10,7,00:44:25
249,10,7,00:44:30
44,10,7,00:46:03
162,10,7,00:46:29
300,10,7,00:47:31
458,10,7,00:48:47
247,10,7,00:49:06
466,10,7,00:50:07
430,10,7,00:52:53
197,10,7,00:54:39
360,10,7,00:56:10
358,10,7,00:57:29
290,10,7,01:00:19
41,10,7,01:00:22
248,10,7,01:00:54
170,10,7,01:01:04
66,10,7,01:01:48
188,10,7,01:03:01
88,10,7,01:04:42
427,10,7,01:07:48
163,10,7,01:10:47
175,10,7,01:11:52
379,10,7,01:11:52
450,10,7,01:11:53
172,10,7,01:11:57
101,10,7,01:12:05
376,10,7,01:12:41
21,10,7,01:12:42
283,10,7,01:12:57
10,10,7,01:12:57
69,10,7,01:13:50
454,10,7,01:14:20
106,10,7,01:14:24
118,10,7,01:14:34
19,10,7,01:14:36
278,10,7,01:14:39
216,10,7,01:14:48
180,10,7,01:14:59
116,10,7,01:15:07
284,10,7,01:16:08
303,10,7,01:17:12
179,10,7,01:17:43
380,10,7,01:17:52
452,10,7,01:18:56
266,10,7,01:19:05
154,10,7,01:21:00
465,10,7,01:22:17
220,10,7,01:23:22
406,10,7,01:23:44
262,10,7,01:23:45
91,10,7,01:24:18
238,10,7,01:24:33
289,10,7,01:25:19
369,10,7,01:26:01
202,10,7,01:27:02
15,10,7,01:27:05
256,10,7,01:29:38
406,10,7,01:29:45
148,10,7,01:31:50
297,10,7,01:35:16
97,10,7,01:37:18
113,10,7,01:37:27
345,10,7,01:37:44
189,10,7,01:38:20
413,10,7,01:39:39
39,10,7,01:39:46
281,10,7,01:40:07
291,10,7,01:41:59
291,10,7,01:42:00
296,10,7,01:42:43
198,10,7,01:46:45
145,10,7,01:47:33
49,10,7,01:48:17
302,10,7,01:50:55
268,10,7,01:53:54
13,10,7,02:03:06
25,10,7,02:03:34
347,10,7,02:03:54
111,10,7,02:08:22
131,10,7,02:11:56
271,10,7,02:13:08
445,10,7,02:14:54
314,10,7,02:15:07
131,10,7,02:24:40
370,10,7,02:26:34
81,10,7,02:28:52
157,10,7,02:29:41
444,10,7,02:32:07
243,10,7,02:32:26
136,10,7,02:32:50
196,10,7,02:38:38
10,10,7,02:44:21
410,10,7,02:46:03
226,10,7,02:48:54
116,10,7,02:53:39
278,10,7,02:59:04
177,10,7,02:59:51
234,10,7,03:05:53
380,10,7,03:06:22
120,10,7,03:08:30
180,10,7,03:11:25
83,10,7,03:12:40
398,10,7,03:12:43
269,10,7,03:14:38
380,10,7,03:18:56
10,10,7,03:19:17
19,10,7,03:26:57
50,10,7,03:33:58
347,10,7,03:36:35
25,10,7,03:47:18
364,10,7,03:51:30
170,10,7,03:52:48
306,10,7,04:01:04
179,10,7,04:22:01
348,10,7,04:24:02
226,10,7,04:25:47
278,10,7,04:32:40
218,10,7,05:06:59
355,10,7,05:18:29
199,10,7,05:23:48
458,10,7,05:30:26
174,10,7,05:55:18
186,10,7,06:21:27
356,10,7,06:23:22
356,10,7,06:23:23
438,10,7,06:24:44
322,10,7,06:25:11
305,10,7,06:25:54
14,10,7,06:33:50
3,10,7,06:40:46
361,10,7,06:41:20
47,10,7,06:43:02
385,10,7,06:44:41
408,10,7,06:45:48
153,10,7,06:47:24
16,10,7,06:51:57
147,10,7,06:52:46
424,10,7,06:56:14
463,10,7,07:01:23
210,10,7,07:02:19
141,10,7,07:02:19
394,10,7,07:02:20
50,10,7,07:02:35
161,10,7,07:04:51
181,10,7,07:06:24
194,10,7,07:06:27
28,10,7,07:06:59
418,10,7,07:07:28
73,10,7,07:09:55
263,10,7,07:10:14
401,10,7,07:10:48
167,10,7,07:11:33
74,10,7,07:13:38
437,10,7,07:14:15
362,10,7,07:14:37
258,10,7,07:16:24
104,10,7,07:16:32
418,10,7,07:16:54
442,10,7,07:20:08
125,10,7,07:20:32
192,10,7,07:21:26
104,10,7,07:22:23
87,10,7,07:24:50
30,10,7,07:25:07
239,10,7,07:25:18
76,10,7,07:25:40
67,10,7,07:25:45
467,10,7,07:26:14
291,10,7,07:26:55
252,10,7,07:27:26
317,10,7,07:27:28
108,10,7,07:28:07
20,10,7,07:29:11
346,10,7,07:30:05
452,10,7,07:30:24
234,10,7,07:30:32
93,10,7,07:31:20
237,10,7,07:32:22
56,10,7,07:32:35
259,10,7,07:32:38
376,10,7,07:33:08
99,10,7,07:33:55
100,10,7,07:34:04
119,10,7,07:35:05
276,10,7,07:35:58
114,10,7,07:36:19
393,10,7,07:36:50
350,10,7,07:37:17
10,10,7,07:37:25
86,10,7,07:38:29
440,10,7,07:39:58
168,10,7,07:39:58
90,10,7,07:40:02
46,10,7,07:40:04
225,10,7,07:40:13
377,10,7,07:40:14
221,10,7,07:40:52
150,10,7,07:41:29
185,10,7,07:41:55
182,10,7,07:42:40
207,10,7,07:43:17
140,10,7,07:44:56
173,10,7,07:45:48
284,10,7,07:46:14
290,10,7,07:46:23
121,10,7,07:47:12
354,10,7,07:47:15
301,10,7,07:47:24
286,10,7,07:47:32
292,10,7,07:48:08
25,10,7,07:48:45
392,10,7,07:49:07
147,10,7,07:50:20
135,10,7,07:50:42
212,10,7,07:51:39
360,10,7,07:52:12
274,10,7,07:52:22
156,10,7,07:53:21
245,10,7,07:54:16
27,10,7,07:56:28
277,10,7,07:57:59
244,10,7,07:58:02
217,10,7,07:58:13
417,10,7,07:59:02
423,10,7,07:59:12
18,10,7,07:59:48
372,10,7,08:00:07
85,10,7,08:00:24
249,10,7,08:00:34
267,10,7,08:00:37
85,10,7,08:00:44
308,10,7,08:01:24
204,10,7,08:01:43
43,10,7,08:02:06
183,10,7,08:03:13
337,10,7,08:03:43
465,10,7,08:04:51
332,10,7,08:05:31
435,10,7,08:05:40
381,10,7,08:07:00
131,10,7,08:07:31
68,10,7,08:08:34
31,10,7,08:09:26
420,10,7,08:10:54
363,10,7,08:11:46
299,10,7,08:12:05
406,10,7,08:12:59
257,10,7,08:13:16
213,10,7,08:13:20
388,10,7,08:13:26
412,10,7,08:13:56
374,10,7,08:13:59
335,10,7,08:14:26
32,10,7,08:14:34
336,10,7,08:15:00
37,10,7,08:15:36
390,10,7,08:15:41
344,10,7,08:15:56
365,10,7,08:19:05
222,10,7,08:19:35
331,10,7,08:20:50
74,10,7,08:22:33
83,10,7,08:22:46
238,10,7,08:23:01
36,10,7,08:23:04
338,10,7,08:23:09
318,10,7,08:23:24
110,10,7,08:23:27
345,10,7,08:23:40
127,10,7,08:24:16
312,10,7,08:24:16
231,10,7,08:25:05
329,10,7,08:25:37
82,10,7,08:26:07
151,10,7,08:27:02
269,10,7,08:27:14
131,10,7,08:27:36
5,10,7,08:27:39
29,10,7,08:29:28
325,10,7,08:30:38
218,10,7,08:30:42
371,10,7,08:30:45
253,10,7,08:30:53
330,10,7,08:31:37
456,10,7,08:31:44
223,10,7,08:31:58
320,10,7,08:33:17
63,10,7,08:33:41
232,10,7,08:34:03
395,10,7,08:34:04
118,10,7,08:34:26
289,10,7,08:35:41
117,10,7,08:36:30
60,10,7,08:37:42
39,10,7,08:38:09
128,10,7,08:38:24
383,10,7,08:38:47
425,10,7,08:38:57
115,10,7,08:39:38
306,10,7,08:41:07
163,10,7,08:41:10
45,10,7,08:41:22
203,10,7,08:41:40
428,10,7,08:41:48
150,10,7,08:44:27
187,10,7,08:44:57
187,10,7,08:44:57
312,10,7,08:45:01
1,10,7,08:45:05
413,10,7,08:45:17
240,10,7,08:45:19
64,10,7,08:46:00
219,10,7,08:46:38
408,10,7,08:47:35
54,10,7,08:47:45
396,10,7,08:48:02
438,10,7,08:48:06
450,10,7,08:48:15
264,10,7,08:48:16
171,10,7,08:48:17
323,10,7,08:48:34
343,10,7,08:48:53
191,10,7,08:48:57
76,10,7,08:49:44
95,10,7,08:49:52
327,10,7,08:49:53
397,10,7,08:50:03
221,10,7,08:50:03
356,10,7,08:50:10
302,10,7,08:50:18
200,10,7,08:50:31
10,10,7,08:50:37
467,10,7,08:50:42
49,10,7,08:50:54
332,10,7,08:50:56
17,10,7,08:50:59
120,10,7,08:51:01
122,10,7,08:51:03
122,10,7,08:51:03
37,10,7,08:51:12
147,10,7,08:51:29
80,10,7,08:51:33
305,10,7,08:51:39
181,10,7,08:51:46
186,10,7,08:52:10
321,10,7,08:52:27
248,10,7,08:53:07
174,10,7,08:53:44
422,10,7,08:54:05
23,10,7,08:54:23
149,10,7,08:54:33
14,10,7,08:54:38
12,10,7,08:54:58
44,10,7,08:55:54
419,10,7,08:55:58
271,10,7,08:56:21
342,10,7,08:56:22
144,10,7,08:56:36
12,10,7,08:57:41
69,10,7,08:57:50
30,10,7,08:58:37
225,10,7,08:59:19
292,10,7,08:59:39
132,10,7,08:59:49
366,10,7,08:59:49
10,10,7,09:00:11
198,10,7,09:00:48
394,10,7,09:01:20
50,10,7,09:01:27
6,10,7,09:01:36
224,10,7,09:01:47
93,10,7,09:01:49
84,10,7,09:01:56
145,10,7,09:02:00
190,10,7,09:02:23
133,10,7,09:02:31
423,10,7,09:03:16
266,10,7,09:03:59
7,10,7,09:05:02
210,10,7,09:05:40
103,10,7,09:05:52
246,10,7,09:06:09
152,10,7,09:06:16
189,10,7,09:06:38
55,10,7,09:06:39
391,10,7,09:07:18
105,10,7,09:07:38
201,10,7,09:07:42
394,10,7,09:08:10
81,10,7,09:09:41
250,10,7,09:10:57
11,10,7,09:12:15
8,10,7,09:12:16
436,10,7,09:12:25
451,10,7,09:13:23
396,10,7,09:13:55
155,10,7,09:13:58
12,10,7,09:15:12
273,10,7,09:15:27
59,10,7,09:16:30
449,10,7,09:16:31
402,10,7,09:16:43
20,10,7,09:19:00
293,10,7,09:19:09
119,10,7,09:19:37
415,10,7,09:19:51
142,10,7,09:20:11
102,10,7,09:20:57
445,10,7,09:21:23
38,10,7,09:23:13
285,10,7,09:23:51
263,10,7,09:24:03
313,10,7,09:24:34
123,10,7,09:25:02
357,10,7,09:25:09
432,10,7,09:25:22
351,10,7,09:25:56
434,10,7,09:28:49
262,10,7,09:28:50
388,10,7,09:29:33
148,10,7,09:29:56
251,10,7,09:30:22
192,10,7,09:31:28
165,10,7,09:31:46
26,10,7,09:32:04
77,10,7,09:32:10
163,10,7,09:32:17
159,10,7,09:33:32
315,10,7,09:35:23
61,10,7,09:35:35
307,10,7,09:35:48
324,10,7,09:35:53
346,10,7,09:35:58
126,10,7,09:36:04
228,10,7,09:36:17
241,10,7,09:38:05
442,10,7,09:38:19
392,10,7,09:39:09
39,10,7,09:39:11
225,10,7,09:39:12
271,10,7,09:39:12
9,10,7,09:39:35
255,10,7,09:39:36
150,10,7,09:39:39
33,10,7,09:40:16
74,10,7,09:40:36
129,10,7,09:41:06
235,10,7,09:41:21
460,10,7,09:41:34
66,10,7,09:41:49
226,10,7,09:42:54
107,10,7,09:43:16
3,10,7,09:43:43
455,10,7,09:44:21
108,10,7,09:44:34
430,10,7,09:44:36
414,10,7,09:44:53
4,10,7,09:44:53
453,10,7,09:44:59
429,10,7,09:45:09
345,10,7,09:45:49
224,10,7,09:45:54
265,10,7,09:46:04
18,10,7,09:46:08
52,10,7,09:46:08
458,10,7,09:46:24
134,10,7,09:46:34
52,10,7,09:46:35
336,10,7,09:46:37
286,10,7,09:46:46
304,10,7,09:46:48
168,10,7,09:46:52
145,10,7,09:46:59
205,10,7,09:47:05
458,10,7,09:47:34
156,10,7,09:48:17
76,10,7,09:48:51
461,10,7,09:49:04
233,10,7,09:49:35
270,10,7,09:50:05
283,10,7,09:50:36
91,10,7,09:50:46
53,10,7,09:50:49
40,10,7,09:51:30
97,10,7,09:52:04
88,10,7,09:52:11
294,10,7,09:52:11
97,10,7,09:52:19
459,10,7,09:52:33
98,10,7,09:52:42
46,10,7,09:53:33
367,10,7,09:53:36
260,10,7,09:54:17
65,10,7,09:54:29
177,10,7,09:54:36
164,10,7,09:54:40
418,10,7,09:55:13
20,10,7,09:55:33
247,10,7,09:56:04
160,10,7,09:56:14
321,10,7,09:56:40
72,10,7,09:56:51
310,10,7,09:57:06
133,10,7,09:57:10
208,10,7,09:57:50
57,10,7,09:57:57
316,10,7,09:58:05
221,10,7,09:58:16
404,10,7,09:58:22
292,10,7,09:58:24
96,10,7,09:58:46
305,10,7,09:59:09
16,10,7,09:59:12
252,10,7,09:59:24
405,10,7,09:59:48
344,10,7,10:00:07
229,10,7,10:00:20
158,10,7,10:00:25
113,10,7,10:00:31
286,10,7,10:00:37
25,10,7,10:00:52
280,10,7,10:00:54
243,10,7,10:00:58
217,10,7,10:01:00
435,10,7,10:01:09
25,10,7,10:01:22
360,10,7,10:01:25
267,10,7,10:01:47
3,10,7,10:01:51
350,10,7,10:01:54
242,10,7,10:02:21
194,10,7,10:02:31
304,10,7,10:02:32
88,10,7,10:02:33
88,10,7,10:02:33
368,10,7,10:03:17
392,10,7,10:03:36
213,10,7,10:03:38
188,10,7,10:03:54
74,10,7,10:03:58
59,10,7,10:04:08
399,10,7,10:04:53
258,10,7,10:07:03
358,10,7,10:07:23
272,10,7,10:07:48
214,10,7,10:07:51
157,10,7,10:07:53
56,10,7,10:07:56
119,10,7,10:07:57
332,10,7,10:08:15
70,10,7,10:09:17
409,10,7,10:09:24
47,10,7,10:10:45
424,10,7,10:10:49
439,10,7,10:12:26
381,10,7,10:12:28
121,10,7,10:13:05
345,10,7,10:13:12
42,10,7,10:13:27
22,10,7,10:13:39
115,10,7,10:13:40
167,10,7,10:13:40
55,10,7,10:13:57
13,10,7,10:14:03
361,10,7,10:14:16
81,10,7,10:14:22
135,10,7,10:14:24
465,10,7,10:14:28
331,10,7,10:14:33
175,10,7,10:15:03
118,10,7,10:15:09
385,10,7,10:15:14
139,10,7,10:15:31
322,10,7,10:16:00
221,10,7,10:16:02
59,10,7,10:16:21
152,10,7,10:16:30
438,10,7,10:16:50
259,10,7,10:17:20
234,10,7,10:17:22
124,10,7,10:17:58
186,10,7,10:18:51
42,10,7,10:19:11
120,10,7,10:19:47
28,10,7,10:20:15
204,10,7,10:20:22
75,10,7,10:21:30
348,10,7,10:21:34
156,10,7,10:22:03
324,10,7,10:22:22
124,10,7,10:22:55
59,10,7,10:23:14
35,10,7,10:23:26
406,10,7,10:23:34
279,10,7,10:23:38
93,10,7,10:23:53
308,10,7,10:24:03
90,10,7,10:24:28
222,10,7,10:24:47
237,10,7,10:25:17
132,10,7,10:25:51
143,10,7,10:26:54
312,10,7,10:27:23
296,10,7,10:28:41
77,10,7,10:28:43
202,10,7,10:29:33
124,10,7,10:29:46
89,10,7,10:29:47
82,10,7,10:29:49
313,10,7,10:29:56
124,10,7,10:30:02
319,10,7,10:30:15
452,10,7,10:30:45
349,10,7,10:31:10
124,10,7,10:32:04
182,10,7,10:32:41
239,10,7,10:33:55
339,10,7,10:35:50
137,10,7,10:36:43
311,10,7,10:37:23
25,10,7,10:37:23
124,10,7,10:37:34
297,10,7,10:38:02
92,10,7,10:38:13
124,10,7,10:38:14
43,10,7,10:38:25
161,10,7,10:40:34
127,10,7,10:41:53
112,10,7,10:42:07
48,10,7,10:44:36
253,10,7,10:44:50
395,10,7,10:45:29
106,10,7,10:45:56
463,10,7,10:46:20
334,10,7,10:47:35
207,10,7,10:47:48
100,10,7,10:48:02
421,10,7,10:50:13
260,10,7,10:52:23
65,10,7,10:53:30
271,10,7,10:53:32
41,10,7,10:53:37
45,10,7,10:53:37
276,10,7,10:54:06
111,10,7,10:54:11
303,10,7,10:54:32
54,10,7,10:54:42
42,10,7,10:54:42
86,10,7,10:54:47
168,10,7,10:54:49
84,10,7,10:54:49
359,10,7,10:54:52
433,10,7,10:55:57
413,10,7,10:55:58
287,10,7,10:56:02
409,10,7,10:56:19
393,10,7,10:56:21
34,10,7,10:56:32
186,10,7,10:57:07
39,10,7,10:57:09
410,10,7,10:57:32
429,10,7,10:57:46
242,10,7,10:58:24
336,10,7,10:58:32
244,10,7,10:58:42
308,10,7,10:58:55
343,10,7,10:59:08
141,10,7,10:59:12
57,10,7,11:00:43
17,10,7,11:01:08
181,10,7,11:01:08
1,10,7,11:01:23
420,10,7,11:01:47
377,10,7,11:01:47
447,10,7,11:01:51
314,10,7,11:01:53
74,10,7,11:02:57
300,10,7,11:03:08
206,10,7,11:03:14
116,10,7,11:03:20
115,10,7,11:03:23
78,10,7,11:03:30
449,10,7,11:04:01
31,10,7,11:04:03
164,10,7,11:04:04
85,10,7,11:04:23
264,10,7,11:05:06
105,10,7,11:05:27
400,10,7,11:06:10
323,10,7,11:06:15
312,10,7,11:06:21
180,10,7,11:06:32
183,10,7,11:07:41
48,10,7,11:08:09
170,10,7,11:08:24
307,10,7,11:08:30
441,10,7,11:09:09
36,10,7,11:09:42
27,10,7,11:09:49
275,10,7,11:09:57
410,10,7,11:10:01
169,10,7,11:10:08
376,10,7,11:10:09
445,10,7,11:10:23
280,10,7,11:10:55
403,10,7,11:12:51
163,10,7,11:12:53
349,10,7,11:13:56
414,10,7,11:14:34
261,10,7,11:14:38
123,10,7,11:15:25
367,10,7,11:15:26
155,10,7,11:15:44
3,10,7,11:15:53
351,10,7,11:16:19
331,10,7,11:16:44
190,10,7,11:17:37
97,10,7,11:18:19
73,10,7,11:18:53
451,10,7,11:19:04
266,10,7,11:19:39
375,10,7,11:19:58
229,10,7,11:20:05
363,10,7,11:20:42
267,10,7,11:20:46
298,10,7,11:21:12
337,10,7,11:21:46
335,10,7,11:21:54
310,10,7,11:22:41
295,10,7,11:22:58
8,10,7,11:22:58
391,10,7,11:23:16
350,10,7,11:23:24
328,10,7,11:24:31
22,10,7,11:24:33
50,10,7,11:25:10
251,10,7,11:25:34
351,10,7,11:25:54
414,10,7,11:27:04
171,10,7,11:27:19
281,10,7,11:27:31
255,10,7,11:27:48
91,10,7,11:27:48
26,10,7,11:27:50
428,10,7,11:27:56
462,10,7,11:28:49
61,10,7,11:28:54
290,10,7,11:29:18
238,10,7,11:29:30
340,10,7,11:30:56
388,10,7,11:31:14
151,10,7,11:31:33
145,10,7,11:31:35
244,10,7,11:31:38
133,10,7,11:31:52
245,10,7,11:32:03
200,10,7,11:32:06
201,10,7,11:32:17
396,10,7,11:32:51
240,10,7,11:32:59
401,10,7,11:34:25
274,10,7,11:35:41
151,10,7,11:35:48
325,10,7,11:37:15
119,10,7,11:37:27
151,10,7,11:37:51
108,10,7,11:38:01
263,10,7,11:38:41
341,10,7,11:39:42
130,10,7,11:39:51
29,10,7,11:40:09
327,10,7,11:40:33
415,10,7,11:41:25
246,10,7,11:42:16
252,10,7,11:42:22
109,10,7,11:42:23
277,10,7,11:42:25
87,10,7,11:42:40
456,10,7,11:42:49
460,10,7,11:42:53
123,10,7,11:43:00
123,10,7,11:43:00
438,10,7,11:44:00
411,10,7,11:44:14
379,10,7,11:44:21
452,10,7,11:46:07
285,10,7,11:46:26
302,10,7,11:46:39
289,10,7,11:47:54
100,10,7,11:47:54
184,10,7,11:47:59
153,10,7,11:49:46
256,10,7,11:49:56
124,10,7,11:50:07
369,10,7,11:50:11
345,10,7,11:51:55
338,10,7,11:52:36
304,10,7,11:52:43
175,10,7,11:54:21
203,10,7,11:54:30
241,10,7,11:55:18
159,10,7,11:56:19
383,10,7,11:57:12
185,10,7,11:58:41
315,10,7,11:59:36
216,10,7,11:59:41
466,10,7,12:00:26
15,10,7,12:00:30
66,10,7,12:00:42
189,10,7,12:00:46
101,10,7,12:00:54
104,10,7,12:01:17
132,10,7,12:01:52
73,10,7,12:03:02
292,10,7,12:03:44
138,10,7,12:04:14
79,10,7,12:04:27
247,10,7,12:04:33
137,10,7,12:04:38
5,10,7,12:04:58
412,10,7,12:05:31
423,10,7,12:05:56
388,10,7,12:07:30
149,10,7,12:07:52
253,10,7,12:08:54
382,10,7,12:08:59
212,10,7,12:09:25
305,10,7,12:09:39
255,10,7,12:09:44
35,10,7,12:10:16
351,10,7,12:10:41
204,10,7,12:10:49
364,10,7,12:11:06
269,10,7,12:11:23
103,10,7,12:11:45
347,10,7,12:11:49
97,10,7,12:12:01
55,10,7,12:12:24
380,10,7,12:12:37
25,10,7,12:13:03
276,10,7,12:13:14
288,10,7,12:13:23
374,10,7,12:13:52
186,10,7,12:13:54
287,10,7,12:14:08
250,10,7,12:15:42
409,10,7,12:15:58
98,10,7,12:16:08
422,10,7,12:16:09
178,10,7,12:17:26
86,10,7,12:17:38
64,10,7,12:17:54
227,10,7,12:18:04
60,10,7,12:18:05
387,10,7,12:18:14
425,10,7,12:18:15
216,10,7,12:18:19
371,10,7,12:18:47
168,10,7,12:18:59
304,10,7,12:19:23
314,10,7,12:19:33
188,10,7,12:19:44
113,10,7,12:20:11
113,10,7,12:20:25
330,10,7,12:21:12
193,10,7,12:21:24
85,10,7,12:21:43
210,10,7,12:22:32
306,10,7,12:22:47
135,10,7,12:22:50
406,10,7,12:22:50
266,10,7,12:24:06
26,10,7,12:24:37
332,10,7,12:24:41
252,10,7,12:25:22
65,10,7,12:25:34
172,10,7,12:26:02
280,10,7,12:26:15
419,10,7,12:27:05
392,10,7,12:27:16
319,10,7,12:27:22
251,10,7,12:27:32
182,10,7,12:27:52
3,10,7,12:27:58
144,10,7,12:28:07
72,10,7,12:28:20
117,10,7,12:28:23
160,10,7,12:28:43
360,10,7,12:28:48
313,10,7,12:29:21
229,10,7,12:29:26
200,10,7,12:29:30
236,10,7,12:29:43
156,10,7,12:30:35
49,10,7,12:30:41
434,10,7,12:30:42
84,10,7,12:31:06
451,10,7,12:31:47
92,10,7,12:32:03
92,10,7,12:32:03
92,10,7,12:32:04
309,10,7,12:32:16
186,10,7,12:33:11
435,10,7,12:33:12
52,10,7,12:33:28
52,10,7,12:33:41
12,10,7,12:34:12
75,10,7,12:34:19
430,10,7,12:34:21
122,10,7,12:34:53
122,10,7,12:34:54
59,10,7,12:35:02
40,10,7,12:35:54
45,10,7,12:36:05
108,10,7,12:36:43
14,10,7,12:37:03
237,10,7,12:37:22
359,10,7,12:37:23
257,10,7,12:37:23
46,10,7,12:37:48
331,10,7,12:38:45
296,10,7,12:39:14
282,10,7,12:39:40
353,10,7,12:39:51
402,10,7,12:40:33
241,10,7,12:40:37
445,10,7,12:40:47
223,10,7,12:42:04
128,10,7,12:42:13
258,10,7,12:42:31
218,10,7,12:43:13
76,10,7,12:43:32
370,10,7,12:43:38
273,10,7,12:44:35
12,10,7,12:46:00
101,10,7,12:46:09
167,10,7,12:46:10
32,10,7,12:46:14
355,10,7,12:46:38
121,10,7,12:46:41
156,10,7,12:47:18
87,10,7,12:47:41
174,10,7,12:48:06
164,10,7,12:48:21
273,10,7,12:49:02
239,10,7,12:49:34
82,10,7,12:51:18
358,10,7,12:51:26
322,10,7,12:52:02
11,10,7,12:52:13
416,10,7,12:52:33
18,10,7,12:53:21
119,10,7,12:55:02
116,10,7,12:55:10
42,10,7,12:55:14
44,10,7,12:55:20
357,10,7,12:55:31
173,10,7,12:55:41
10,10,7,12:55:46
91,10,7,12:56:04
457,10,7,12:56:20
195,10,7,12:56:33
61,10,7,12:56:33
458,10,7,12:56:46
372,10,7,12:57:14
450,10,7,12:57:15
65,10,7,12:57:17
324,10,7,12:57:18
57,10,7,12:57:46
224,10,7,12:57:48
86,10,7,12:57:54
191,10,7,12:57:58
270,10,7,12:58:19
362,10,7,12:58:21
304,10,7,12:58:23
329,10,7,12:58:35
454,10,7,12:59:13
79,10,7,12:59:17
148,10,7,12:59:53
120,10,7,13:00:11
134,10,7,13:00:41
242,10,7,13:00:45
178,10,7,13:01:33
38,10,7,13:01:59
420,10,7,13:02:29
217,10,7,13:02:53
411,10,7,13:04:04
308,10,7,13:04:34
336,10,7,13:04:38
114,10,7,13:04:43
312,10,7,13:04:52
216,10,7,13:04:57
216,10,7,13:04:57
225,10,7,13:05:16
310,10,7,13:05:56
319,10,7,13:06:03
283,10,7,13:06:08
452,10,7,13:06:38
215,10,7,13:07:29
326,10,7,13:07:49
393,10,7,13:07:54
421,10,7,13:09:15
291,10,7,13:09:36
356,10,7,13:10:23
47,10,7,13:11:04
440,10,7,13:11:06
99,10,7,13:11:11
342,10,7,13:11:32
350,10,7,13:12:12
168,10,7,13:13:21
214,10,7,13:13:58
278,10,7,13:14:18
307,10,7,13:14:36
327,10,7,13:14:45
125,10,7,13:16:17
118,10,7,13:16:41
315,10,7,13:16:45
238,10,7,13:17:11
255,10,7,13:17:13
7,10,7,13:17:20
462,10,7,13:18:10
194,10,7,13:18:48
400,10,7,13:19:13
179,10,7,13:19:21
93,10,7,13:19:36
317,10,7,13:19:42
231,10,7,13:19:45
123,10,7,13:20:03
330,10,7,13:20:13
33,10,7,13:20:25
84,10,7,13:20:51
106,10,7,13:21:48
314,10,7,13:22:31
319,10,7,13:23:07
432,10,7,13:23:42
36,10,7,13:23:48
72,10,7,13:24:12
59,10,7,13:24:17
318,10,7,13:24:26
360,10,7,13:24:36
255,10,7,13:24:45
184,10,7,13:24:48
19,10,7,13:25:05
91,10,7,13:25:09
31,10,7,13:25:12
237,10,7,13:25:22
228,10,7,13:25:23
241,10,7,13:25:35
107,10,7,13:25:40
375,10,7,13:26:04
45,10,7,13:26:06
122,10,7,13:26:13
207,10,7,13:26:13
122,10,7,13:26:13
253,10,7,13:26:14
306,10,7,13:26:19
1,10,7,13:26:30
115,10,7,13:26:41
286,10,7,13:27:05
69,10,7,13:27:10
287,10,7,13:27:16
135,10,7,13:27:21
62,10,7,13:27:31
446,10,7,13:27:34
279,10,7,13:27:36
68,10,7,13:27:56
351,10,7,13:28:16
309,10,7,13:28:27
56,10,7,13:28:42
303,10,7,13:28:54
137,10,7,13:29:07
137,10,7,13:29:08
4,10,7,13:29:27
221,10,7,13:29:43
235,10,7,13:30:39
437,10,7,13:31:02
316,10,7,13:31:05
3,10,7,13:31:22
204,10,7,13:31:52
441,10,7,13:32:19
186,10,7,13:32:45
34,10,7,13:33:21
173,10,7,13:33:37
459,10,7,13:33:59
163,10,7,13:34:08
162,10,7,13:34:11
467,10,7,13:35:29
337,10,7,13:36:01
109,10,7,13:37:42
293,10,7,13:38:04
150,10,7,13:38:08
89,10,7,13:40:21
352,10,7,13:41:32
378,10,7,13:41:34
175,10,7,13:42:13
92,10,7,13:42:45
208,10,7,13:42:56
344,10,7,13:43:03
344,10,7,13:43:04
243,10,7,13:44:19
57,10,7,13:44:29
105,10,7,13:45:02
425,10,7,13:45:35
278,10,7,13:46:41
35,10,7,13:46:52
446,10,7,13:47:33
385,10,7,13:47:48
182,10,7,13:49:07
35,10,7,13:49:21
340,10,7,13:50:03
399,10,7,13:50:14
418,10,7,13:50:15
320,10,7,13:51:53
43,10,7,13:52:06
465,10,7,13:53:41
275,10,7,13:53:48
97,10,7,13:53:54
161,10,7,13:54:07
268,10,7,13:54:35
176,10,7,13:54:42
403,10,7,13:55:30
40,10,7,13:55:49
252,10,7,13:56:42
160,10,7,13:57:13
110,10,7,13:58:00
301,10,7,13:59:49
355,10,7,13:59:57
142,10,7,14:00:03
102,10,7,14:04:29
263,10,7,14:06:05
435,10,7,14:07:52
319,10,7,14:11:39
381,10,7,14:13:44
54,10,7,14:14:09
445,10,7,14:14:22
357,10,7,14:14:31
51,10,7,14:15:45
368,10,7,14:16:49
242,10,7,14:16:56
364,10,7,14:16:56
20,10,7,14:19:48
269,10,7,14:20:07
169,10,7,14:20:07
411,10,7,14:20:29
406,10,7,14:20:42
32,10,7,14:21:06
36,10,7,14:21:11
283,10,7,14:21:18
285,10,7,14:21:26
395,10,7,14:21:32
175,10,7,14:21:36
294,10,7,14:21:39
84,10,7,14:21:45
199,10,7,14:22:02
64,10,7,14:22:19
304,10,7,14:22:23
21,10,7,14:22:26
426,10,7,14:22:29
138,10,7,14:22:38
285,10,7,14:22:42
237,10,7,14:22:49
188,10,7,14:22:51
335,10,7,14:23:05
216,10,7,14:23:19
439,10,7,14:23:23
323,10,7,14:23:25
421,10,7,14:23:30
314,10,7,14:23:41
230,10,7,14:24:00
367,10,7,14:24:25
119,10,7,14:24:43
219,10,7,14:24:53
204,10,7,14:24:59
25,10,7,14:25:04
143,10,7,14:25:05
130,10,7,14:25:13
148,10,7,14:25:18
258,10,7,14:25:50
359,10,7,14:26:03
133,10,7,14:26:17
136,10,7,14:26:25
422,10,7,14:26:40
404,10,7,14:27:48
55,10,7,14:28:01
312,10,7,14:28:09
284,10,7,14:28:13
265,10,7,14:28:20
44,10,7,14:28:26
457,10,7,14:28:47
10,10,7,14:28:51
198,10,7,14:29:19
112,10,7,14:29:28
462,10,7,14:29:33
359,10,7,14:29:45
314,10,7,14:30:13
246,10,7,14:31:05
12,10,7,14:31:21
78,10,7,14:31:34
343,10,7,14:32:41
63,10,7,14:32:50
313,10,7,14:32:51
383,10,7,14:32:59
18,10,7,14:33:32
83,10,7,14:34:22
262,10,7,14:35:58
72,10,7,14:35:59
195,10,7,14:37:00
244,10,7,14:37:06
373,10,7,14:37:23
413,10,7,14:37:37
84,10,7,14:37:37
264,10,7,14:37:41
23,10,7,14:39:09
410,10,7,14:39:11
410,10,7,14:39:11
152,10,7,14:39:41
17,10,7,14:39:48
251,10,7,14:40:14
277,10,7,14:40:19
141,10,7,14:40:35
309,10,7,14:41:08
397,10,7,14:41:39
376,10,7,14:42:22
95,10,7,14:42:32
298,10,7,14:43:26
127,10,7,14:43:39
361,10,7,14:44:21
13,10,7,14:44:22
160,10,7,14:45:07
48,10,7,14:46:01
442,10,7,14:46:27
310,10,7,14:46:29
255,10,7,14:46:31
155,10,7,14:47:39
11,10,7,14:48:08
427,10,7,14:48:42
128,10,7,14:48:53
117,10,7,14:49:01
109,10,7,14:49:03
354,10,7,14:49:16
461,10,7,14:49:34
226,10,7,14:51:18
350,10,7,14:52:55
34,10,7,14:53:23
167,10,7,14:53:47
289,10,7,14:54:24
249,10,7,14:54:35
281,10,7,14:55:15
423,10,7,14:55:15
297,10,7,14:55:46
73,10,7,14:56:09
464,10,7,14:56:23
331,10,7,14:56:24
239,10,7,14:58:01
345,10,7,14:59:27
220,10,7,14:59:40
278,10,7,15:01:30
245,10,7,15:01:31
351,10,7,15:02:28
68,10,7,15:02:54
424,10,7,15:03:31
233,10,7,15:04:53
396,10,7,15:05:07
240,10,7,15:05:24
369,10,7,15:06:02
444,10,7,15:06:38
359,10,7,15:06:41
9,10,7,15:07:00
261,10,7,15:07:29
222,10,7,15:08:18
348,10,7,15:08:19
288,10,7,15:08:34
332,10,7,15:10:37
10,10,7,15:10:50
250,10,7,15:11:50
43,10,7,15:12:06
450,10,7,15:13:10
139,10,7,15:14:13
134,10,7,15:15:12
44,10,7,15:15:13
354,10,7,15:15:48
193,10,7,15:16:14
315,10,7,15:17:13
449,10,7,15:17:24
229,10,7,15:18:27
192,10,7,15:18:36
201,10,7,15:20:15
213,10,7,15:20:22
57,10,7,15:21:52
328,10,7,15:22:06
355,10,7,15:22:08
149,10,7,15:22:24
320,10,7,15:23:09
203,10,7,15:23:39
176,10,7,15:27:58
363,10,7,15:28:45
244,10,7,15:29:55
457,10,7,15:30:02
193,10,7,15:30:18
409,10,7,15:30:43
378,10,7,15:31:02
99,10,7,15:32:46
120,10,7,15:32:53
161,10,7,15:33:29
101,10,7,15:33:31
312,10,7,15:33:46
447,10,7,15:33:50
318,10,7,15:33:50
257,10,7,15:34:28
154,10,7,15:35:41
34,10,7,15:35:59
248,10,7,15:39:45
11,10,7,15:40:08
292,10,7,15:40:25
217,10,7,15:40:45
358,10,7,15:41:24
172,10,7,15:42:36
325,10,7,15:42:38
433,10,7,15:43:03
466,10,7,15:43:53
379,10,7,15:44:27
208,10,7,15:44:28
33,10,7,15:45:05
412,10,7,15:45:44
390,10,7,15:45:46
29,10,7,15:45:57
388,10,7,15:46:16
7,10,7,15:47:36
338,10,7,15:48:23
238,10,7,15:48:26
190,10,7,15:51:05
190,10,7,15:51:42
335,10,7,15:52:21
125,10,7,15:52:26
237,10,7,15:53:12
50,10,7,15:53:16
221,10,7,15:53:39
8,10,7,15:54:42
263,10,7,15:54:59
6,10,7,15:56:19
243,10,7,15:57:24
314,10,7,15:58:02
430,10,7,15:58:14
430,10,7,15:59:27
183,10,7,16:00:16
445,10,7,16:01:57
79,10,7,16:02:27
359,10,7,16:03:58
76,10,7,16:05:12
163,10,7,16:05:16
156,10,7,16:05:27
124,10,7,16:06:00
377,10,7,16:11:34
162,10,7,16:16:26
174,10,7,16:16:44
358,10,7,16:20:07
395,10,7,16:20:30
219,10,7,16:21:04
150,10,7,16:21:10
177,10,7,16:21:18
73,10,7,16:22:07
341,10,7,16:22:29
84,10,7,16:22:53
273,10,7,16:22:55
26,10,7,16:22:55
184,10,7,16:22:58
47,10,7,16:23:04
428,10,7,16:23:07
118,10,7,16:23:15
271,10,7,16:23:21
88,10,7,16:23:21
202,10,7,16:23:26
37,10,7,16:23:31
381,10,7,16:23:31
436,10,7,16:23:42
259,10,7,16:23:46
153,10,7,16:23:51
378,10,7,16:23:55
129,10,7,16:23:55
164,10,7,16:24:06
104,10,7,16:24:09
441,10,7,16:25:12
229,10,7,16:25:16
265,10,7,16:25:18
1,10,7,16:25:25
107,10,7,16:25:28
418,10,7,16:25:29
53,10,7,16:25:35
60,10,7,16:25:41
385,10,7,16:25:42
278,10,7,16:25:55
332,10,7,16:25:59
247,10,7,16:26:26
241,10,7,16:26:47
108,10,7,16:26:58
307,10,7,16:27:24
276,10,7,16:28:07
410,10,7,16:28:25
411,10,7,16:28:34
344,10,7,16:28:47
267,10,7,16:29:05
115,10,7,16:29:23
83,10,7,16:29:28
416,10,7,16:29:35
367,10,7,16:29:35
175,10,7,16:29:43
14,10,7,16:29:43
451,10,7,16:30:03
45,10,7,16:30:05
61,10,7,16:30:10
112,10,7,16:30:18
70,10,7,16:30:20
255,10,7,16:31:14
285,10,7,16:31:31
260,10,7,16:31:58
218,10,7,16:32:01
279,10,7,16:32:21
258,10,7,16:32:34
236,10,7,16:32:41
223,10,7,16:32:46
398,10,7,16:33:38
406,10,7,16:33:53
167,10,7,16:34:24
77,10,7,16:34:33
311,10,7,16:34:51
335,10,7,16:34:54
434,10,7,16:36:05
197,10,7,16:36:08
460,10,7,16:36:24
252,10,7,16:38:02
327,10,7,16:38:26
424,10,7,16:38:29
228,10,7,16:38:59
303,10,7,16:39:14
296,10,7,16:39:16
173,10,7,16:39:21
275,10,7,16:39:29
317,10,7,16:39:37
80,10,7,16:39:42
388,10,7,16:39:45
97,10,7,16:40:02
370,10,7,16:40:16
326,10,7,16:40:36
237,10,7,16:40:39
161,10,7,16:40:43
28,10,7,16:40:47
89,10,7,16:40:51
356,10,7,16:40:55
392,10,7,16:41:35
195,10,7,16:41:37
426,10,7,16:41:54
355,10,7,16:42:10
170,10,7,16:42:48
35,10,7,16:42:52
401,10,7,16:42:56
17,10,7,16:42:59
5,10,7,16:43:08
171,10,7,16:43:17
72,10,7,16:43:17
422,10,7,16:43:31
459,10,7,16:43:50
15,10,7,16:44:22
343,10,7,16:44:23
144,10,7,16:44:24
55,10,7,16:44:24
351,10,7,16:44:27
43,10,7,16:44:28
220,10,7,16:44:32
10,10,7,16:45:01
42,10,7,16:45:26
42,10,7,16:45:43
304,10,7,16:46:47
189,10,7,16:47:03
46,10,7,16:47:22
4,10,7,16:47:32
415,10,7,16:47:54
92,10,7,16:48:35
374,10,7,16:48:52
289,10,7,16:49:30
65,10,7,16:49:33
191,10,7,16:49:45
427,10,7,16:50:29
187,10,7,16:51:05
187,10,7,16:51:05
49,10,7,16:51:12
432,10,7,16:51:13
57,10,7,16:51:54
348,10,7,16:52:08
404,10,7,16:52:26
32,10,7,16:53:19
225,10,7,16:53:41
467,10,7,16:53:51
458,10,7,16:53:55
282,10,7,16:54:18
38,10,7,16:54:19
312,10,7,16:54:44
176,10,7,16:55:11
122,10,7,16:55:57
122,10,7,16:55:57
102,10,7,16:56:50
399,10,7,16:56:56
435,10,7,16:57:36
284,10,7,16:57:39
87,10,7,16:58:37
149,10,7,16:58:48
168,10,7,16:58:58
16,10,7,16:59:10
342,10,7,16:59:30
210,10,7,16:59:53
449,10,7,17:00:24
441,10,7,17:00:30
251,10,7,17:01:01
441,10,7,17:01:16
128,10,7,17:01:28
238,10,7,17:02:33
205,10,7,17:02:43
179,10,7,17:03:10
98,10,7,17:03:12
380,10,7,17:03:39
169,10,7,17:04:52
90,10,7,17:04:53
155,10,7,17:05:34
253,10,7,17:05:39
222,10,7,17:05:41
393,10,7,17:05:49
454,10,7,17:06:14
105,10,7,17:06:30
186,10,7,17:07:02
284,10,7,17:07:07
250,10,7,17:07:24
202,10,7,17:07:33
204,10,7,17:08:38
46,10,7,17:09:53
111,10,7,17:09:59
303,10,7,17:11:49
83,10,7,17:14:01
338,10,7,17:14:06
21,10,7,17:14:36
322,10,7,17:14:47
222,10,7,17:15:00
286,10,7,17:16:09
351,10,7,17:16:10
192,10,7,17:17:02
444,10,7,17:17:38
208,10,7,17:19:29
34,10,7,17:19:56
34,10,7,17:20:37
403,10,7,17:20:41
34,10,7,17:20:46
201,10,7,17:20:47
34,10,7,17:20:57
34,10,7,17:21:04
34,10,7,17:21:57
34,10,7,17:22:05
397,10,7,17:22:16
175,10,7,17:22:56
52,10,7,17:23:12
34,10,7,17:23:39
34,10,7,17:23:47
52,10,7,17:23:58
34,10,7,17:24:02
455,10,7,17:24:09
308,10,7,17:26:09
456,10,7,17:26:15
95,10,7,17:27:07
258,10,7,17:27:15
401,10,7,17:28:16
325,10,7,17:28:58
34,10,7,17:29:06
96,10,7,17:29:16
12,10,7,17:29:33
307,10,7,17:29:40
129,10,7,17:29:56
124,10,7,17:30:00
217,10,7,17:31:08
402,10,7,17:31:10
235,10,7,17:31:37
242,10,7,17:33:03
452,10,7,17:33:13
178,10,7,17:33:41
50,10,7,17:34:04
138,10,7,17:35:12
362,10,7,17:35:26
159,10,7,17:35:29
414,10,7,17:36:23
220,10,7,17:36:33
100,10,7,17:36:40
43,10,7,17:36:45
79,10,7,17:38:19
274,10,7,17:38:44
371,10,7,17:38:46
196,10,7,17:39:02
352,10,7,17:39:18
30,10,7,17:39:53
200,10,7,17:43:21
50,10,7,17:43:54
298,10,7,17:44:46
238,10,7,17:44:47
354,10,7,17:47:40
157,10,7,17:48:25
316,10,7,17:48:49
319,10,7,17:49:00
133,10,7,17:50:13
137,10,7,17:51:13
103,10,7,17:51:22
238,10,7,17:51:34
59,10,7,17:51:58
156,10,7,17:52:18
295,10,7,17:55:04
314,10,7,17:55:37
119,10,7,17:55:42
418,10,7,17:55:46
423,10,7,17:55:50
460,10,7,17:55:50
281,10,7,17:55:51
278,10,7,17:55:52
434,10,7,17:55:57
148,10,7,17:56:10
13,10,7,17:56:19
49,10,7,17:56:24
422,10,7,17:56:24
318,10,7,17:56:28
224,10,7,17:56:33
241,10,7,17:56:37
113,10,7,17:56:54
237,10,7,17:56:55
304,10,7,17:56:57
344,10,7,17:57:05
252,10,7,17:57:07
357,10,7,17:57:11
464,10,7,17:57:23
310,10,7,17:57:47
115,10,7,17:57:57
53,10,7,17:58:01
70,10,7,17:58:02
293,10,7,17:58:08
373,10,7,17:58:15
363,10,7,17:58:27
151,10,7,17:58:27
375,10,7,17:58:34
123,10,7,17:58:43
90,10,7,17:58:44
180,10,7,17:58:48
321,10,7,17:58:51
300,10,7,17:59:05
366,10,7,17:59:14
185,10,7,17:59:33
343,10,7,17:59:35
359,10,7,17:59:55
10,10,7,18:00:09
425,10,7,18:00:21
245,10,7,18:00:30
445,10,7,18:00:35
22,10,7,18:00:50
409,10,7,18:00:51
461,10,7,18:01:18
410,10,7,18:01:38
292,10,7,18:01:54
387,10,7,18:02:01
447,10,7,18:02:12
459,10,7,18:02:23
44,10,7,18:02:29
336,10,7,18:02:31
152,10,7,18:02:34
153,10,7,18:02:50
226,10,7,18:03:35
255,10,7,18:03:48
452,10,7,18:05:10
217,10,7,18:05:49
174,10,7,18:05:56
120,10,7,18:06:05
188,10,7,18:07:30
9,10,7,18:07:58
399,10,7,18:07:58
439,10,7,18:08:08
134,10,7,18:08:18
268,10,7,18:08:28
340,10,7,18:08:29
375,10,7,18:11:00
26,10,7,18:11:05
201,10,7,18:11:09
130,10,7,18:11:09
67,10,7,18:11:18
336,10,7,18:11:30
109,10,7,18:11:41
396,10,7,18:12:06
353,10,7,18:12:10
350,10,7,18:12:48
194,10,7,18:14:20
309,10,7,18:14:29
68,10,7,18:14:50
364,10,7,18:15:07
334,10,7,18:16:15
294,10,7,18:16:18
127,10,7,18:16:49
156,10,7,18:17:11
432,10,7,18:17:49
122,10,7,18:18:49
122,10,7,18:18:49
91,10,7,18:19:48
307,10,7,18:20:06
466,10,7,18:20:15
426,10,7,18:21:06
58,10,7,18:21:11
73,10,7,18:21:12
465,10,7,18:21:53
126,10,7,18:22:31
54,10,7,18:22:41
142,10,7,18:23:11
358,10,7,18:24:41
11,10,7,18:25:15
175,10,7,18:26:00
299,10,7,18:26:56
313,10,7,18:28:36
331,10,7,18:28:39
256,10,7,18:29:11
330,10,7,18:29:15
36,10,7,18:29:53
15,10,7,18:30:31
40,10,7,18:30:55
103,10,7,18:31:09
65,10,7,18:31:17
406,10,7,18:31:48
405,10,7,18:33:37
303,10,7,18:34:09
227,10,7,18:34:44
58,10,7,18:34:48
319,10,7,18:35:03
33,10,7,18:35:24
331,10,7,18:35:37
188,10,7,18:35:45
7,10,7,18:36:41
129,10,7,18:36:57
304,10,7,18:37:46
217,10,7,18:37:48
462,10,7,18:38:08
171,10,7,18:38:10
127,10,7,18:39:01
368,10,7,18:39:17
20,10,7,18:39:22
378,10,7,18:39:47
154,10,7,18:41:00
433,10,7,18:42:44
233,10,7,18:43:22
319,10,7,18:44:43
345,10,7,18:45:42
357,10,7,18:46:39
411,10,7,18:46:41
398,10,7,18:47:11
459,10,7,18:49:20
426,10,7,18:50:19
202,10,7,18:56:18
306,10,7,18:56:37
261,10,7,18:57:09
288,10,7,18:57:42
199,10,7,18:59:11
330,10,7,18:59:27
48,10,7,18:59:28
85,10,7,19:01:40
419,10,7,19:02:24
326,10,7,19:04:01
265,10,7,19:06:00
129,10,7,19:06:14
403,10,7,19:07:56
181,10,7,19:09:27
161,10,7,19:10:41
93,10,7,19:11:26
219,10,7,19:12:09
447,10,7,19:13:15
379,10,7,19:14:38
428,10,7,19:15:29
310,10,7,19:15:35
423,10,7,19:16:21
312,10,7,19:16:42
61,10,7,19:17:09
359,10,7,19:19:26
79,10,7,19:19:29
217,10,7,19:19:38
8,10,7,19:19:51
106,10,7,19:22:56
164,10,7,19:24:11
314,10,7,19:24:28
78,10,7,19:24:30
173,10,7,19:24:32
107,10,7,19:24:41
63,10,7,19:24:56
436,10,7,19:25:26
445,10,7,19:25:41
261,10,7,19:25:51
100,10,7,19:25:59
271,10,7,19:26:48
349,10,7,19:27:03
171,10,7,19:27:39
320,10,7,19:28:11
426,10,7,19:28:42
329,10,7,19:31:04
195,10,7,19:31:04
97,10,7,19:31:17
148,10,7,19:31:24
307,10,7,19:31:35
143,10,7,19:31:55
216,10,7,19:32:15
81,10,7,19:32:42
177,10,7,19:32:52
146,10,7,19:34:19
163,10,7,19:35:36
276,10,7,19:36:45
84,10,7,19:37:07
123,10,7,19:38:54
108,10,7,19:39:29
201,10,7,19:39:46
125,10,7,19:39:52
384,10,7,19:41:03
4,10,7,19:42:03
186,10,7,19:42:09
75,10,7,19:43:51
176,10,7,19:43:52
397,10,7,19:45:02
44,10,7,19:47:43
357,10,7,19:47:56
349,10,7,19:50:27
167,10,7,19:53:30
370,10,7,19:54:12
213,10,7,19:56:10
396,10,7,19:57:18
84,10,7,19:58:43
45,10,7,19:58:49
215,10,7,19:59:10
270,10,7,19:59:15
79,10,7,20:00:53
316,10,7,20:01:19
35,10,7,20:02:05
140,10,7,20:02:49
444,10,7,20:04:08
74,10,7,20:05:33
82,10,7,20:06:04
165,10,7,20:09:18
405,10,7,20:10:10
380,10,7,20:11:03
269,10,7,20:11:09
335,10,7,20:11:51
429,10,7,20:11:54
10,10,7,20:12:07
178,10,7,20:12:17
282,10,7,20:12:27
446,10,7,20:12:32
416,10,7,20:12:35
246,10,7,20:12:40
467,10,7,20:13:18
367,10,7,20:13:32
140,10,7,20:13:36
312,10,7,20:14:03
421,10,7,20:14:14
393,10,7,20:14:34
351,10,7,20:14:48
308,10,7,20:14:54
432,10,7,20:15:30
374,10,7,20:15:56
427,10,7,20:16:12
21,10,7,20:17:16
56,10,7,20:17:59
243,10,7,20:19:22
370,10,7,20:21:04
63,10,7,20:21:08
156,10,7,20:21:21
376,10,7,20:22:35
88,10,7,20:23:34
59,10,7,20:24:15
58,10,7,20:25:13
441,10,7,20:25:35
360,10,7,20:26:00
415,10,7,20:27:37
367,10,7,20:28:44
440,10,7,20:29:55
179,10,7,20:30:06
53,10,7,20:32:43
220,10,7,20:34:32
406,10,7,20:34:48
238,10,7,20:40:40
48,10,7,20:41:26
188,10,7,20:41:41
161,10,7,20:41:54
7,10,7,20:42:02
205,10,7,20:43:08
139,10,7,20:44:08
265,10,7,20:47:50
395,10,7,20:47:56
142,10,7,20:49:44
344,10,7,20:51:18
271,10,7,20:55:09
268,10,7,20:55:39
419,10,7,20:56:06
360,10,7,20:56:58
278,10,7,20:59:39
19,10,7,21:00:27
363,10,7,21:00:52
355,10,7,21:02:44
203,10,7,21:04:21
174,10,7,21:08:54
43,10,7,21:09:35
110,10,7,21:10:06
27,10,7,21:14:38
159,10,7,21:15:16
201,10,7,21:15:50
269,10,7,21:17:22
456,10,7,21:17:48
79,10,7,21:19:47
196,10,7,21:22:08
50,10,7,21:23:31
439,10,7,21:23:59
227,10,7,21:24:37
405,10,7,21:25:22
327,10,7,21:26:06
338,10,7,21:26:58
409,10,7,21:28:31
220,10,7,21:31:53
97,10,7,21:33:09
73,10,7,21:33:28
146,10,7,21:35:16
9,10,7,21:37:26
455,10,7,21:38:36
463,10,7,21:38:43
410,10,7,21:40:05
90,10,7,21:40:11
18,10,7,21:42:17
357,10,7,21:42:26
424,10,7,21:42:45
39,10,7,21:44:19
262,10,7,21:45:22
101,10,7,21:46:49
183,10,7,21:48:47
66,10,7,21:49:10
124,10,7,21:50:47
201,10,7,21:51:49
222,10,7,21:52:04
25,10,7,21:59:29
400,10,7,21:59:39
228,10,7,21:59:48
354,10,7,22:00:35
37,10,7,22:01:35
254,10,7,22:03:22
363,10,7,22:04:24
32,10,7,22:06:42
258,10,7,22:08:44
108,10,7,22:09:29
46,10,7,22:20:29
459,10,7,22:21:34
89,10,7,22:22:45
170,10,7,22:24:54
55,10,7,22:28:02
339,10,7,22:31:31
413,10,7,22:33:08
245,10,7,22:34:01
426,10,7,22:34:15
161,10,7,22:34:31
64,10,7,22:35:58
155,10,7,22:36:59
34,10,7,22:38:38
34,10,7,22:38:50
306,10,7,22:39:08
34,10,7,22:39:12
34,10,7,22:39:26
3,10,7,22:39:33
388,10,7,22:39:48
34,10,7,22:40:03
34,10,7,22:40:16
34,10,7,22:40:44
34,10,7,22:41:19
441,10,7,22:41:34
34,10,7,22:41:44
34,10,7,22:41:52
307,10,7,22:42:10
229,10,7,22:42:11
34,10,7,22:42:21
395,10,7,22:42:25
34,10,7,22:43:02
34,10,7,22:43:15
34,10,7,22:44:52
84,10,7,22:46:20
205,10,7,22:47:33
290,10,7,22:48:39
206,10,7,22:49:38
184,10,7,22:49:38
148,10,7,22:50:16
402,10,7,22:51:26
417,10,7,22:52:08
403,10,7,22:54:07
79,10,7,22:54:26
157,10,7,22:54:46
241,10,7,22:54:55
171,10,7,22:55:09
58,10,7,22:55:10
60,10,7,22:55:28
167,10,7,22:55:35
152,10,7,22:57:47
277,10,7,22:57:52
382,10,7,23:00:46
213,10,7,23:00:55
395,10,7,23:01:17
441,10,7,23:02:25
351,10,7,23:02:41
362,10,7,23:02:42
408,10,7,23:02:56
461,10,7,23:04:06
217,10,7,23:04:21
52,10,7,23:04:41
316,10,7,23:04:50
22,10,7,23:09:00
379,10,7,23:10:11
165,10,7,23:12:18
233,10,7,23:13:13
371,10,7,23:13:30
76,10,7,23:13:45
361,10,7,23:18:39
137,10,7,23:18:59
50,10,7,23:19:33
363,10,7,23:20:47
85,10,7,23:20:54
268,10,7,23:21:02
85,10,7,23:21:18
85,10,7,23:23:10
289,10,7,23:24:23
51,10,7,23:25:43
249,10,7,23:26:14
294,10,7,23:26:41
132,10,7,23:28:05
126,10,7,23:28:59
173,10,7,23:32:12
312,10,7,23:32:22
404,10,7,23:32:52
406,10,7,23:32:59
59,10,7,23:33:00
163,10,7,23:33:09
314,10,7,23:33:10
334,10,7,23:33:10
174,10,7,23:33:14
396,10,7,23:33:14
318,10,7,23:33:15
304,10,7,23:33:17
42,10,7,23:33:20
422,10,7,23:33:22
451,10,7,23:33:22
432,10,7,23:33:28
385,10,7,23:33:30
449,10,7,23:33:34
430,10,7,23:33:59
56,10,7,23:34:00
329,10,7,23:34:15
368,10,7,23:34:16
351,10,7,23:34:19
324,10,7,23:34:31
185,10,7,23:34:42
201,10,7,23:34:45
80,10,7,23:34:59
188,10,7,23:35:02
255,10,7,23:35:12
218,10,7,23:35:31
215,10,7,23:35:34
224,10,7,23:35:35
331,10,7,23:35:37
447,10,7,23:35:37
310,10,7,23:35:44
30,10,7,23:35:46
303,10,7,23:35:53
445,10,7,23:36:07
306,10,7,23:36:11
91,10,7,23:36:13
88,10,7,23:36:14
462,10,7,23:36:14
394,10,7,23:36:17
50,10,7,23:36:39
195,10,7,23:36:51
230,10,7,23:36:55
38,10,7,23:37:10
326,10,7,23:37:13
465,10,7,23:37:20
23,10,7,23:37:30
307,10,7,23:37:41
372,10,7,23:37:41
65,10,7,23:37:42
341,10,7,23:37:44
100,10,7,23:37:49
162,10,7,23:37:52
398,10,7,23:38:00
319,10,7,23:38:01
180,10,7,23:38:09
438,10,7,23:38:19
107,10,7,23:38:19
225,10,7,23:38:20
109,10,7,23:38:24
259,10,7,23:38:27
108,10,7,23:38:37
39,10,7,23:38:40
437,10,7,23:38:46
245,10,7,23:39:07
308,10,7,23:39:09
380,10,7,23:39:17
192,10,7,23:39:38
291,10,7,23:40:03
439,10,7,23:40:08
68,10,7,23:40:17
20,10,7,23:40:17
360,10,7,23:40:17
366,10,7,23:40:30
134,10,7,23:41:08
405,10,7,23:41:12
421,10,7,23:41:20
231,10,7,23:41:22
158,10,7,23:41:25
428,10,7,23:41:31
373,10,7,23:41:50
246,10,7,23:41:57
356,10,7,23:42:12
10,10,7,23:42:20
410,10,7,23:42:27
243,10,7,23:42:31
266,10,7,23:42:33
411,10,7,23:42:34
181,10,7,23:43:46
456,10,7,23:43:48
350,10,7,23:44:07
425,10,7,23:44:52
114,10,7,23:44:56
143,10,7,23:44:58
117,10,7,23:45:10
54,10,7,23:45:22
358,10,7,23:45:24
1,10,7,23:45:49
168,10,7,23:46:07
309,10,7,23:46:26
219,10,7,23:46:28
461,10,7,23:46:41
142,10,7,23:46:58
377,10,7,23:48:24
146,10,7,23:48:36
78,10,7,23:48:48
457,10,7,23:49:06
344,10,7,23:49:28
197,10,7,23:49:31
150,10,7,23:50:04
238,10,7,23:50:10
344,10,7,23:50:12
175,10,7,23:50:19
396,10,7,23:50:21
387,10,7,23:50:39
347,10,7,23:52:11
467,10,7,23:52:28
280,10,7,23:52:31
26,10,7,23:54:32
21,10,7,23:54:37
330,10,7,23:54:40
49,10,7,23:54:42
378,10,7,23:54:43
101,10,7,23:54:46
29,10,7,23:54:48
86,10,7,23:55:00
237,10,7,23:55:05
273,10,7,23:55:11
87,10,7,23:55:14
216,10,7,23:55:18
87,10,7,23:55:31
309,10,7,23:55:40
354,10,7,23:56:02
273,10,7,23:56:06
140,10,7,23:56:38
60,10,7,23:57:03
255,10,7,23:57:11
14,10,7,23:57:24
434,10,7,23:57:26
120,10,7,23:58:29
122,10,7,23:58:45
122,10,7,23:58:45
429,10,7,23:58:50
264,10,7,23:58:59
300,10,7,23:58:59
373,10,7,23:59:12
359,10,7,23:59:13
193,10,7,23:59:36
311,10,7,23:59:36
75,10,7,23:59:51
359,11,1,00:00:23
188,11,1,00:00:25
408,11,1,00:00:26
406,11,1,00:00:33
295,11,1,00:00:43
123,11,1,00:00:48
236,11,1,00:00:53
192,11,1,00:00:56
64,11,1,00:01:17
369,11,1,00:01:21
132,11,1,00:01:34
156,11,1,00:01:40
156,11,1,00:01:40
298,11,1,00:01:49
69,11,1,00:01:52
323,11,1,00:01:54
258,11,1,00:01:58
278,11,1,00:02:00
181,11,1,00:02:02
47,11,1,00:02:10
68,11,1,00:02:14
37,11,1,00:02:14
432,11,1,00:02:27
287,11,1,00:02:28
70,11,1,00:02:43
86,11,1,00:02:44
312,11,1,00:02:53
425,11,1,00:02:56
438,11,1,00:03:20
460,11,1,00:03:22
154,11,1,00:03:35
378,11,1,00:03:56
394,11,1,00:03:59
306,11,1,00:04:01
160,11,1,00:04:03
415,11,1,00:04:19
161,11,1,00:04:22
437,11,1,00:04:29
291,11,1,00:04:30
115,11,1,00:04:36
457,11,1,00:04:49
44,11,1,00:05:17
174,11,1,00:05:18
13,11,1,00:05:18
39,11,1,00:05:23
56,11,1,00:05:26
15,11,1,00:05:27
81,11,1,00:05:30
1,11,1,00:05:31
351,11,1,00:05:45
404,11,1,00:05:59
413,11,1,00:06:00
289,11,1,00:06:07
335,11,1,00:06:12
275,11,1,00:06:15
419,11,1,00:06:33
131,11,1,00:06:35
194,11,1,00:07:06
355,11,1,00:07:11
101,11,1,00:07:32
137,11,1,00:07:39
458,11,1,00:08:00
381,11,1,00:08:09
192,11,1,00:08:18
207,11,1,00:08:38
337,11,1,00:08:42
299,11,1,00:09:00
176,11,1,00:09:22
163,11,1,00:09:23
426,11,1,00:09:23
313,11,1,00:10:03
205,11,1,00:10:09
149,11,1,00:10:12
189,11,1,00:10:16
271,11,1,00:10:19
106,11,1,00:10:20
459,11,1,00:10:29
136,11,1,00:10:30
184,11,1,00:10:31
297,11,1,00:10:35
91,11,1,00:10:36
204,11,1,00:10:37
84,11,1,00:10:40
434,11,1,00:10:43
464,11,1,00:10:45
225,11,1,00:11:23
224,11,1,00:11:29
108,11,1,00:11:38
314,11,1,00:11:44
157,11,1,00:11:45
243,11,1,00:11:58
18,11,1,00:12:01
259,11,1,00:12:11
116,11,1,00:12:41
132,11,1,00:12:50
242,11,1,00:12:57
90,11,1,00:12:59
28,11,1,00:13:21
143,11,1,00:13:32
5,11,1,00:14:15
336,11,1,00:14:19
6,11,1,00:15:08
57,11,1,00:15:30
391,11,1,00:15:33
120,11,1,00:16:16
7,11,1,00:16:26
191,11,1,00:16:39
241,11,1,00:16:58
273,11,1,00:17:22
226,11,1,00:17:34
281,11,1,00:17:50
33,11,1,00:18:07
129,11,1,00:18:17
197,11,1,00:18:36
201,11,1,00:18:38
300,11,1,00:19:15
202,11,1,00:19:21
222,11,1,00:19:33
321,11,1,00:19:49
50,11,1,00:20:13
294,11,1,00:20:29
451,11,1,00:21:07
399,11,1,00:21:17
103,11,1,00:22:47
380,11,1,00:22:57
455,11,1,00:23:13
293,11,1,00:23:25
379,11,1,00:23:30
97,11,1,00:23:36
367,11,1,00:23:48
240,11,1,00:24:40
31,11,1,00:25:00
199,11,1,00:27:05
155,11,1,00:27:26
175,11,1,00:27:40
284,11,1,00:27:42
53,11,1,00:27:56
390,11,1,00:28:29
322,11,1,00:28:57
416,11,1,00:29:11
370,11,1,00:29:33
10,11,1,00:31:36
161,11,1,00:31:58
332,11,1,00:32:36
63,11,1,00:32:52
102,11,1,00:32:53
136,11,1,00:33:08
319,11,1,00:33:20
77,11,1,00:34:05
454,11,1,00:34:47
36,11,1,00:35:21
344,11,1,00:35:51
273,11,1,00:35:52
4,11,1,00:35:59
350,11,1,00:36:15
303,11,1,00:36:45
149,11,1,00:36:48
317,11,1,00:37:00
115,11,1,00:37:02
19,11,1,00:38:19
261,11,1,00:41:52
301,11,1,00:42:14
187,11,1,00:43:09
187,11,1,00:43:10
422,11,1,00:44:19
324,11,1,00:44:19
371,11,1,00:44:49
300,11,1,00:45:24
224,11,1,00:45:51
213,11,1,00:46:03
14,11,1,00:46:23
123,11,1,00:47:55
203,11,1,00:49:04
127,11,1,00:50:13
238,11,1,00:50:50
308,11,1,00:51:57
446,11,1,00:52:20
195,11,1,00:53:58
177,11,1,00:54:57
110,11,1,00:54:58
152,11,1,00:55:14
227,11,1,00:55:55
279,11,1,00:55:56
444,11,1,00:57:12
349,11,1,01:00:58
9,11,1,01:01:31
102,11,1,01:02:53
41,11,1,01:03:20
427,11,1,01:03:29
308,11,1,01:03:44
283,11,1,01:04:00
84,11,1,01:04:02
451,11,1,01:04:54
268,11,1,01:05:08
223,11,1,01:05:31
248,11,1,01:06:31
61,11,1,01:07:19
390,11,1,01:07:33
120,11,1,01:11:38
229,11,1,01:12:17
155,11,1,01:15:28
115,11,1,01:19:26
345,11,1,01:22:11
18,11,1,01:23:12
352,11,1,01:26:14
96,11,1,01:27:16
285,11,1,01:29:51
340,11,1,01:29:56
410,11,1,01:30:03
121,11,1,01:31:01
146,11,1,01:33:36
265,11,1,01:34:05
58,11,1,01:35:01
375,11,1,01:39:54
165,11,1,01:41:31
320,11,1,01:47:10
417,11,1,01:49:58
74,11,1,01:50:14
179,11,1,01:50:42
417,11,1,01:50:55
357,11,1,01:55:27
27,11,1,01:58:27
442,11,1,02:01:04
44,11,1,02:06:11
69,11,1,02:07:13
450,11,1,02:07:33
172,11,1,02:14:15
131,11,1,02:14:41
49,11,1,02:16:26
427,11,1,02:18:13
216,11,1,02:18:42
266,11,1,02:21:17
335,11,1,02:21:23
201,11,1,02:21:38
289,11,1,02:21:59
18,11,1,02:22:14
281,11,1,02:25:16
249,11,1,02:28:05
399,11,1,02:33:08
312,11,1,02:38:41
180,11,1,02:40:02
380,11,1,02:44:29
10,11,1,02:48:50
1,11,1,02:54:13
312,11,1,03:05:59
334,11,1,03:15:37
58,11,1,03:16:11
349,11,1,03:33:08
416,11,1,03:49:46
455,11,1,03:58:41
19,11,1,04:17:56
434,11,1,04:24:31
177,11,1,05:10:26
131,11,1,05:14:15
455,11,1,05:14:50
334,11,1,05:27:45
428,11,1,05:47:05
108,11,1,06:07:25
331,11,1,06:07:31
13,11,1,06:21:08
424,11,1,06:27:16
186,11,1,06:29:35
156,11,1,06:34:09
134,11,1,06:35:07
46,11,1,06:36:10
305,11,1,06:39:16
441,11,1,06:40:58
418,11,1,06:42:43
376,11,1,06:44:03
401,11,1,06:46:19
350,11,1,06:47:40
120,11,1,06:48:36
313,11,1,06:53:01
180,11,1,06:54:34
93,11,1,06:57:26
406,11,1,06:59:03
361,11,1,06:59:27
288,11,1,06:59:45
259,11,1,07:01:30
305,11,1,07:01:51
28,11,1,07:02:10
161,11,1,07:02:52
356,11,1,07:05:39
148,11,1,07:06:15
304,11,1,07:09:54
83,11,1,07:10:29
218,11,1,07:11:51
320,11,1,07:13:57
132,11,1,07:15:35
174,11,1,07:15:41
362,11,1,07:15:53
358,11,1,07:20:24
73,11,1,07:20:39
119,11,1,07:22:53
274,11,1,07:24:03
260,11,1,07:25:17
121,11,1,07:26:09
332,11,1,07:28:18
269,11,1,07:28:23
371,11,1,07:28:24
234,11,1,07:28:29
273,11,1,07:29:02
30,11,1,07:29:03
433,11,1,07:29:16
442,11,1,07:29:40
12,11,1,07:30:05
249,11,1,07:30:36
310,11,1,07:30:44
257,11,1,07:32:05
318,11,1,07:32:07
409,11,1,07:33:18
107,11,1,07:35:15
348,11,1,07:35:22
123,11,1,07:35:48
242,11,1,07:38:04
412,11,1,07:38:19
403,11,1,07:39:32
3,11,1,07:41:08
303,11,1,07:41:22
383,11,1,07:41:29
110,11,1,07:43:08
337,11,1,07:43:36
394,11,1,07:44:33
420,11,1,07:45:23
425,11,1,07:46:23
100,11,1,07:46:30
67,11,1,07:47:23
250,11,1,07:48:17
144,11,1,07:48:21
85,11,1,07:49:41
85,11,1,07:49:57
378,11,1,07:49:57
253,11,1,07:50:24
440,11,1,07:52:23
258,11,1,07:53:26
286,11,1,07:54:24
181,11,1,07:56:40
56,11,1,07:57:18
29,11,1,07:58:40
125,11,1,07:59:01
351,11,1,08:00:28
408,11,1,08:00:38
204,11,1,08:00:38
20,11,1,08:00:41
374,11,1,08:03:19
392,11,1,08:03:32
302,11,1,08:03:56
59,11,1,08:04:22
163,11,1,08:04:27
263,11,1,08:04:44
355,11,1,08:04:53
299,11,1,08:04:59
429,11,1,08:06:05
159,11,1,08:06:42
304,11,1,08:06:49
308,11,1,08:06:57
365,11,1,08:08:56
447,11,1,08:09:43
54,11,1,08:10:05
413,11,1,08:10:21
385,11,1,08:10:40
114,11,1,08:10:53
145,11,1,08:11:36
183,11,1,08:12:21
37,11,1,08:13:15
466,11,1,08:15:58
225,11,1,08:16:55
50,11,1,08:17:10
405,11,1,08:17:49
134,11,1,08:18:14
231,11,1,08:18:14
32,11,1,08:18:24
322,11,1,08:18:26
213,11,1,08:19:54
213,11,1,08:21:02
25,11,1,08:22:10
372,11,1,08:23:20
223,11,1,08:23:45
388,11,1,08:24:24
301,11,1,08:25:55
277,11,1,08:26:34
463,11,1,08:26:55
425,11,1,08:27:00
224,11,1,08:27:56
337,11,1,08:28:56
96,11,1,08:29:12
35,11,1,08:29:12
385,11,1,08:29:53
451,11,1,08:30:00
396,11,1,08:30:02
123,11,1,08:30:40
81,11,1,08:31:06
64,11,1,08:31:37
310,11,1,08:31:57
363,11,1,08:32:19
418,11,1,08:32:28
306,11,1,08:32:35
350,11,1,08:32:35
103,11,1,08:33:46
293,11,1,08:34:44
233,11,1,08:34:49
342,11,1,08:34:59
262,11,1,08:35:17
139,11,1,08:35:30
287,11,1,08:36:12
428,11,1,08:36:34
167,11,1,08:39:55
331,11,1,08:40:46
93,11,1,08:40:57
416,11,1,08:41:08
173,11,1,08:41:31
168,11,1,08:42:43
216,11,1,08:43:32
188,11,1,08:43:44
282,11,1,08:44:03
112,11,1,08:44:20
52,11,1,08:45:41
186,11,1,08:45:50
244,11,1,08:46:25
285,11,1,08:47:36
222,11,1,08:47:50
198,11,1,08:47:57
218,11,1,08:48:21
334,11,1,08:48:37
377,11,1,08:48:43
90,11,1,08:48:47
194,11,1,08:48:57
160,11,1,08:49:18
467,11,1,08:49:36
117,11,1,08:50:30
350,11,1,08:50:48
65,11,1,08:51:20
454,11,1,08:51:29
406,11,1,08:52:45
76,11,1,08:53:00
240,11,1,08:53:19
1,11,1,08:53:43
432,11,1,08:53:50
113,11,1,08:54:00
148,11,1,08:54:12
325,11,1,08:55:07
60,11,1,08:55:12
439,11,1,08:55:36
99,11,1,08:56:11
21,11,1,08:56:31
318,11,1,08:56:40
462,11,1,08:56:44
185,11,1,08:57:17
294,11,1,08:57:24
267,11,1,08:57:28
251,11,1,08:57:37
424,11,1,08:58:45
420,11,1,08:59:50
348,11,1,08:59:57
252,11,1,09:00:03
460,11,1,09:00:47
38,11,1,09:00:56
5,11,1,09:01:12
110,11,1,09:01:40
7,11,1,09:01:55
361,11,1,09:02:12
79,11,1,09:02:23
151,11,1,09:02:25
31,11,1,09:03:28
192,11,1,09:03:40
452,11,1,09:04:09
275,11,1,09:04:22
86,11,1,09:04:50
100,11,1,09:05:10
261,11,1,09:05:43
122,11,1,09:05:51
122,11,1,09:05:51
381,11,1,09:06:55
392,11,1,09:07:20
200,11,1,09:07:32
135,11,1,09:07:50
135,11,1,09:07:52
438,11,1,09:07:56
436,11,1,09:08:23
290,11,1,09:08:44
423,11,1,09:09:49
331,11,1,09:10:25
39,11,1,09:10:29
232,11,1,09:11:04
326,11,1,09:11:25
289,11,1,09:11:59
422,11,1,09:12:39
229,11,1,09:13:25
8,11,1,09:15:21
246,11,1,09:15:41
259,11,1,09:15:55
226,11,1,09:16:30
343,11,1,09:17:31
14,11,1,09:17:40
321,11,1,09:18:28
26,11,1,09:20:28
366,11,1,09:20:48
242,11,1,09:23:25
77,11,1,09:23:36
399,11,1,09:24:01
45,11,1,09:24:34
181,11,1,09:25:32
431,11,1,09:25:54
193,11,1,09:26:29
149,11,1,09:26:46
349,11,1,09:27:46
123,11,1,09:28:03
223,11,1,09:28:13
115,11,1,09:28:17
332,11,1,09:28:45
418,11,1,09:28:48
324,11,1,09:28:50
237,11,1,09:29:26
238,11,1,09:29:29
91,11,1,09:29:45
360,11,1,09:30:18
119,11,1,09:30:23
30,11,1,09:31:25
152,11,1,09:31:27
132,11,1,09:31:32
442,11,1,09:32:42
284,11,1,09:32:56
305,11,1,09:33:15
368,11,1,09:35:03
418,11,1,09:36:11
277,11,1,09:36:17
156,11,1,09:38:59
247,11,1,09:40:00
312,11,1,09:40:11
241,11,1,09:41:11
101,11,1,09:42:03
43,11,1,09:42:22
334,11,1,09:42:49
212,11,1,09:43:03
105,11,1,09:43:09
161,11,1,09:43:10
163,11,1,09:43:32
459,11,1,09:43:42
198,11,1,09:43:44
315,11,1,09:44:10
133,11,1,09:44:20
214,11,1,09:44:21
420,11,1,09:44:30
219,11,1,09:46:02
419,11,1,09:46:47
239,11,1,09:46:58
435,11,1,09:47:47
307,11,1,09:48:06
395,11,1,09:48:20
12,11,1,09:48:34
137,11,1,09:48:53
181,11,1,09:49:42
63,11,1,09:50:37
437,11,1,09:50:38
297,11,1,09:51:40
174,11,1,09:51:55
61,11,1,09:52:56
281,11,1,09:53:47
203,11,1,09:53:56
456,11,1,09:54:56
46,11,1,09:55:24
140,11,1,09:55:27
89,11,1,09:55:36
138,11,1,09:55:40
449,11,1,09:55:42
164,11,1,09:56:58
17,11,1,09:57:10
9,11,1,09:57:24
358,11,1,09:58:24
248,11,1,09:58:52
459,11,1,09:59:18
150,11,1,09:59:23
327,11,1,09:59:24
195,11,1,09:59:31
145,11,1,09:59:42
99,11,1,09:59:56
255,11,1,10:00:54
42,11,1,10:01:09
386,11,1,10:01:23
430,11,1,10:02:00
432,11,1,10:02:09
292,11,1,10:02:47
50,11,1,10:03:00
68,11,1,10:03:03
181,11,1,10:03:13
245,11,1,10:03:23
425,11,1,10:03:36
126,11,1,10:03:49
205,11,1,10:03:53
416,11,1,10:04:20
421,11,1,10:04:28
238,11,1,10:04:57
16,11,1,10:05:01
52,11,1,10:05:02
318,11,1,10:05:03
220,11,1,10:05:12
74,11,1,10:05:58
309,11,1,10:06:01
132,11,1,10:06:21
82,11,1,10:06:25
189,11,1,10:06:28
243,11,1,10:07:02
336,11,1,10:07:24
20,11,1,10:08:44
92,11,1,10:08:45
311,11,1,10:08:55
329,11,1,10:09:27
405,11,1,10:09:38
70,11,1,10:09:53
375,11,1,10:10:17
225,11,1,10:10:34
298,11,1,10:10:35
157,11,1,10:10:58
441,11,1,10:11:05
51,11,1,10:11:07
429,11,1,10:12:04
401,11,1,10:12:40
279,11,1,10:12:56
441,11,1,10:13:15
365,11,1,10:13:45
93,11,1,10:14:54
56,11,1,10:15:20
426,11,1,10:15:20
171,11,1,10:15:39
142,11,1,10:15:57
84,11,1,10:16:18
67,11,1,10:17:16
316,11,1,10:17:51
221,11,1,10:17:52
354,11,1,10:17:55
163,11,1,10:17:58
326,11,1,10:18:55
178,11,1,10:19:53
367,11,1,10:20:31
143,11,1,10:21:28
351,11,1,10:21:31
4,11,1,10:21:48
10,11,1,10:23:08
50,11,1,10:23:24
48,11,1,10:23:47
340,11,1,10:24:32
394,11,1,10:24:33
86,11,1,10:24:59
240,11,1,10:25:05
117,11,1,10:25:48
207,11,1,10:26:02
168,11,1,10:26:48
225,11,1,10:27:14
332,11,1,10:27:17
68,11,1,10:28:16
253,11,1,10:28:19
171,11,1,10:28:36
22,11,1,10:28:41
345,11,1,10:28:47
26,11,1,10:28:56
119,11,1,10:29:35
55,11,1,10:29:37
256,11,1,10:29:39
99,11,1,10:29:43
295,11,1,10:29:54
110,11,1,10:29:55
466,11,1,10:29:57
76,11,1,10:30:00
40,11,1,10:30:10
14,11,1,10:30:25
379,11,1,10:30:42
264,11,1,10:31:08
116,11,1,10:31:32
405,11,1,10:31:53
296,11,1,10:31:56
118,11,1,10:32:25
53,11,1,10:33:54
102,11,1,10:34:08
423,11,1,10:34:41
175,11,1,10:34:58
420,11,1,10:35:05
346,11,1,10:35:13
467,11,1,10:36:06
73,11,1,10:36:11
250,11,1,10:36:27
210,11,1,10:36:37
160,11,1,10:36:51
304,11,1,10:36:53
337,11,1,10:37:13
247,11,1,10:37:20
409,11,1,10:38:30
1,11,1,10:38:30
390,11,1,10:38:36
403,11,1,10:38:49
235,11,1,10:39:11
47,11,1,10:39:12
25,11,1,10:39:12
328,11,1,10:39:37
36,11,1,10:41:25
30,11,1,10:41:43
465,11,1,10:42:15
115,11,1,10:42:29
348,11,1,10:42:37
127,11,1,10:43:53
433,11,1,10:43:59
286,11,1,10:44:00
341,11,1,10:44:13
357,11,1,10:44:29
277,11,1,10:44:50
200,11,1,10:44:57
275,11,1,10:46:32
291,11,1,10:46:36
362,11,1,10:47:16
21,11,1,10:48:28
301,11,1,10:48:41
153,11,1,10:48:50
146,11,1,10:49:13
104,11,1,10:49:32
307,11,1,10:51:20
434,11,1,10:51:42
188,11,1,10:51:57
257,11,1,10:52:23
44,11,1,10:53:34
37,11,1,10:54:44
381,11,1,10:54:49
408,11,1,10:55:21
330,11,1,10:55:31
187,11,1,10:55:54
156,11,1,10:56:31
425,11,1,10:56:39
322,11,1,10:58:08
335,11,1,10:58:48
442,11,1,10:59:13
347,11,1,11:00:35
460,11,1,11:00:36
177,11,1,11:01:42
65,11,1,11:01:47
303,11,1,11:03:09
274,11,1,11:04:20
58,11,1,11:04:53
137,11,1,11:06:03
320,11,1,11:06:38
359,11,1,11:07:05
310,11,1,11:07:39
218,11,1,11:07:56
113,11,1,11:09:06
19,11,1,11:09:38
411,11,1,11:09:55
269,11,1,11:10:12
452,11,1,11:10:25
432,11,1,11:11:15
128,11,1,11:11:23
319,11,1,11:11:23
263,11,1,11:12:18
129,11,1,11:12:22
13,11,1,11:12:23
275,11,1,11:13:16
159,11,1,11:15:04
285,11,1,11:15:12
155,11,1,11:15:45
63,11,1,11:16:03
369,11,1,11:16:33
45,11,1,11:16:38
208,11,1,11:17:32
338,11,1,11:18:06
266,11,1,11:18:36
72,11,1,11:19:20
380,11,1,11:19:48
306,11,1,11:20:07
203,11,1,11:20:57
457,11,1,11:21:16
167,11,1,11:21:17
101,11,1,11:21:27
79,11,1,11:21:27
133,11,1,11:22:37
213,11,1,11:23:22
99,11,1,11:23:36
184,11,1,11:24:23
103,11,1,11:24:28
317,11,1,11:24:29
29,11,1,11:25:17
195,11,1,11:25:26
106,11,1,11:25:46
125,11,1,11:26:39
161,11,1,11:26:58
264,11,1,11:28:25
202,11,1,11:28:29
392,11,1,11:28:49
355,11,1,11:28:50
363,11,1,11:29:06
95,11,1,11:29:30
445,11,1,11:29:59
302,11,1,11:30:07
141,11,1,11:30:10
299,11,1,11:31:18
412,11,1,11:31:23
162,11,1,11:31:32
461,11,1,11:31:56
316,11,1,11:32:06
170,11,1,11:32:16
93,11,1,11:32:46
194,11,1,11:33:39
15,11,1,11:33:55
18,11,1,11:38:29
179,11,1,11:40:19
192,11,1,11:41:16
99,11,1,11:42:07
234,11,1,11:42:09
435,11,1,11:42:41
382,11,1,11:43:07
51,11,1,11:43:14
391,11,1,11:43:20
307,11,1,11:43:37
354,11,1,11:44:05
218,11,1,11:44:06
330,11,1,11:44:22
8,11,1,11:44:52
409,11,1,11:46:33
406,11,1,11:46:39
108,11,1,11:47:54
387,11,1,11:48:19
373,11,1,11:48:41
426,11,1,11:49:18
447,11,1,11:50:13
342,11,1,11:50:16
115,11,1,11:50:29
70,11,1,11:50:32
395,11,1,11:52:22
7,11,1,11:52:38
462,11,1,11:52:40
238,11,1,11:53:03
261,11,1,11:54:00
14,11,1,11:54:55
116,11,1,11:56:49
317,11,1,11:58:22
276,11,1,11:58:33
74,11,1,11:58:44
427,11,1,12:01:48
290,11,1,12:03:05
175,11,1,12:03:26
144,11,1,12:04:24
75,11,1,12:05:03
419,11,1,12:05:42
312,11,1,12:05:52
288,11,1,12:06:07
130,11,1,12:06:55
437,11,1,12:07:21
169,11,1,12:07:26
161,11,1,12:07:28
32,11,1,12:09:23
200,11,1,12:09:34
120,11,1,12:09:51
151,11,1,12:10:16
34,11,1,12:10:23
173,11,1,12:11:04
131,11,1,12:11:05
12,11,1,12:11:13
133,11,1,12:11:15
375,11,1,12:12:21
52,11,1,12:12:53
87,11,1,12:12:58
184,11,1,12:13:05
26,11,1,12:13:05
136,11,1,12:13:07
198,11,1,12:13:08
204,11,1,12:13:13
404,11,1,12:13:14
259,11,1,12:13:15
400,11,1,12:13:19
247,11,1,12:13:19
135,11,1,12:13:23
61,11,1,12:13:25
383,11,1,12:13:27
232,11,1,12:13:34
413,11,1,12:13:36
45,11,1,12:13:48
410,11,1,12:13:58
303,11,1,12:14:03
459,11,1,12:14:04
168,11,1,12:14:11
207,11,1,12:14:15
361,11,1,12:14:17
326,11,1,12:14:19
428,11,1,12:14:22
68,11,1,12:14:23
296,11,1,12:14:31
27,11,1,12:14:33
109,11,1,12:14:38
39,11,1,12:14:41
396,11,1,12:14:44
242,11,1,12:14:47
304,11,1,12:14:50
248,11,1,12:15:11
390,11,1,12:15:13
436,11,1,12:15:19
17,11,1,12:15:30
244,11,1,12:15:38
146,11,1,12:15:39
81,11,1,12:15:52
143,11,1,12:15:55
28,11,1,12:15:56
188,11,1,12:16:27
69,11,1,12:16:31
19,11,1,12:16:37
344,11,1,12:16:43
16,11,1,12:16:48
138,11,1,12:16:54
370,11,1,12:17:00
411,11,1,12:17:25
394,11,1,12:17:25
117,11,1,12:17:30
20,11,1,12:17:33
256,11,1,12:17:37
367,11,1,12:17:39
84,11,1,12:17:40
452,11,1,12:17:43
25,11,1,12:18:01
9,11,1,12:18:03
439,11,1,12:18:18
363,11,1,12:18:31
369,11,1,12:18:38
341,11,1,12:18:44
18,11,1,12:18:44
434,11,1,12:18:44
306,11,1,12:18:54
464,11,1,12:18:55
14,11,1,12:18:56
189,11,1,12:19:02
377,11,1,12:19:11
205,11,1,12:19:12
150,11,1,12:19:16
42,11,1,12:19:27
310,11,1,12:19:33
177,11,1,12:19:37
430,11,1,12:19:47
21,11,1,12:19:54
10,11,1,12:20:22
53,11,1,12:20:26
241,11,1,12:20:34
368,11,1,12:20:35
258,11,1,12:20:40
216,11,1,12:20:44
222,11,1,12:20:46
163,11,1,12:20:57
155,11,1,12:20:58
111,11,1,12:21:04
119,11,1,12:21:04
181,11,1,12:21:08
456,11,1,12:21:08
17,11,1,12:21:10
361,11,1,12:21:17
6,11,1,12:21:39
405,11,1,12:21:41
387,11,1,12:22:08
223,11,1,12:22:12
91,11,1,12:22:13
348,11,1,12:22:33
332,11,1,12:22:39
97,11,1,12:22:44
218,11,1,12:22:54
392,11,1,12:22:55
86,11,1,12:22:56
193,11,1,12:22:59
118,11,1,12:23:03
15,11,1,12:23:14
122,11,1,12:23:33
122,11,1,12:23:33
423,11,1,12:23:47
331,11,1,12:24:11
458,11,1,12:24:22
314,11,1,12:24:44
291,11,1,12:25:02
18,11,1,12:25:16
85,11,1,12:25:17
318,11,1,12:25:23
267,11,1,12:25:48
175,11,1,12:25:50
307,11,1,12:25:56
327,11,1,12:26:01
417,11,1,12:26:09
418,11,1,12:26:30
250,11,1,12:26:33
374,11,1,12:26:37
409,11,1,12:26:42
147,11,1,12:26:47
420,11,1,12:26:50
450,11,1,12:27:09
324,11,1,12:27:14
46,11,1,12:27:34
278,11,1,12:27:48
365,11,1,12:27:49
30,11,1,12:27:53
73,11,1,12:27:58
266,11,1,12:28:55
321,11,1,12:29:17
416,11,1,12:29:27
119,11,1,12:29:37
289,11,1,12:29:46
90,11,1,12:30:07
148,11,1,12:30:40
227,11,1,12:31:55
137,11,1,12:32:34
60,11,1,12:32:38
60,11,1,12:32:39
145,11,1,12:34:43
442,11,1,12:34:50
78,11,1,12:34:51
167,11,1,12:35:19
31,11,1,12:35:19
430,11,1,12:35:26
435,11,1,12:35:33
415,11,1,12:35:36
83,11,1,12:35:39
335,11,1,12:35:49
459,11,1,12:36:18
237,11,1,12:36:18
56,11,1,12:36:22
38,11,1,12:36:36
319,11,1,12:36:45
22,11,1,12:38:27
186,11,1,12:38:46
385,11,1,12:39:17
171,11,1,12:39:23
123,11,1,12:40:03
107,11,1,12:40:56
281,11,1,12:40:58
340,11,1,12:41:16
160,11,1,12:41:30
25,11,1,12:41:41
25,11,1,12:42:06
149,11,1,12:42:21
278,11,1,12:42:21
226,11,1,12:43:24
126,11,1,12:43:41
112,11,1,12:44:11
252,11,1,12:44:24
104,11,1,12:44:39
296,11,1,12:45:07
36,11,1,12:45:44
403,11,1,12:46:06
388,11,1,12:47:12
12,11,1,12:47:32
113,11,1,12:47:58
263,11,1,12:48:48
430,11,1,12:48:50
156,11,1,12:49:02
97,11,1,12:49:05
316,11,1,12:49:05
59,11,1,12:49:20
463,11,1,12:49:29
463,11,1,12:50:20
311,11,1,12:50:22
308,11,1,12:50:50
460,11,1,12:51:36
83,11,1,12:51:50
467,11,1,12:52:02
420,11,1,12:52:11
262,11,1,12:52:16
92,11,1,12:52:48
183,11,1,12:53:04
185,11,1,12:53:05
82,11,1,12:53:33
338,11,1,12:54:07
279,11,1,12:54:08
367,11,1,12:54:22
55,11,1,12:54:23
221,11,1,12:54:41
69,11,1,12:55:06
252,11,1,12:55:08
371,11,1,12:55:14
52,11,1,12:55:28
372,11,1,12:55:46
355,11,1,12:56:39
281,11,1,12:57:27
4,11,1,12:57:29
44,11,1,12:57:33
246,11,1,12:58:26
440,11,1,12:58:35
424,11,1,12:59:03
323,11,1,12:59:14
40,11,1,12:59:47
14,11,1,12:59:51
362,11,1,13:00:07
132,11,1,13:00:23
47,11,1,13:00:24
239,11,1,13:00:47
411,11,1,13:01:16
393,11,1,13:01:28
201,11,1,13:01:30
378,11,1,13:01:33
291,11,1,13:01:42
233,11,1,13:01:58
89,11,1,13:02:12
76,11,1,13:03:19
210,11,1,13:03:43
191,11,1,13:04:28
297,11,1,13:04:46
256,11,1,13:04:52
308,11,1,13:04:53
171,11,1,13:04:57
405,11,1,13:05:02
343,11,1,13:05:18
406,11,1,13:05:19
421,11,1,13:05:44
236,11,1,13:07:25
170,11,1,13:08:03
57,11,1,13:08:23
351,11,1,13:08:45
357,11,1,13:08:53
50,11,1,13:09:33
245,11,1,13:09:59
63,11,1,13:09:59
457,11,1,13:10:12
208,11,1,13:10:25
108,11,1,13:11:28
271,11,1,13:11:31
306,11,1,13:12:59
268,11,1,13:13:15
327,11,1,13:13:23
293,11,1,13:13:27
7,11,1,13:13:28
305,11,1,13:13:40
178,11,1,13:13:43
282,11,1,13:14:01
98,11,1,13:14:07
199,11,1,13:14:14
121,11,1,13:14:20
238,11,1,13:15:07
284,11,1,13:15:21
32,11,1,13:15:28
105,11,1,13:15:46
335,11,1,13:15:53
156,11,1,13:16:09
114,11,1,13:16:15
114,11,1,13:16:15
234,11,1,13:16:17
153,11,1,13:16:19
385,11,1,13:16:47
263,11,1,13:16:48
304,11,1,13:17:07
444,11,1,13:17:13
97,11,1,13:17:20
84,11,1,13:17:27
161,11,1,13:17:37
207,11,1,13:17:42
283,11,1,13:18:53
298,11,1,13:19:19
345,11,1,13:19:27
412,11,1,13:19:27
231,11,1,13:19:43
115,11,1,13:19:43
356,11,1,13:20:02
336,11,1,13:20:07
33,11,1,13:20:17
224,11,1,13:20:38
354,11,1,13:20:53
87,11,1,13:21:12
382,11,1,13:21:15
300,11,1,13:21:38
348,11,1,13:22:06
79,11,1,13:22:21
352,11,1,13:22:21
86,11,1,13:22:22
165,11,1,13:22:25
43,11,1,13:22:36
260,11,1,13:23:04
152,11,1,13:23:16
322,11,1,13:23:26
217,11,1,13:24:46
133,11,1,13:26:01
159,11,1,13:26:24
426,11,1,13:26:37
104,11,1,13:26:44
379,11,1,13:27:19
465,11,1,13:28:09
344,11,1,13:28:28
184,11,1,13:28:29
411,11,1,13:28:39
44,11,1,13:28:50
353,11,1,13:28:57
265,11,1,13:30:05
188,11,1,13:30:31
13,11,1,13:30:42
317,11,1,13:30:52
109,11,1,13:31:00
170,11,1,13:31:09
147,11,1,13:32:14
141,11,1,13:32:15
401,11,1,13:33:18
303,11,1,13:34:04
427,11,1,13:34:19
422,11,1,13:36:24
277,11,1,13:37:55
177,11,1,13:38:14
65,11,1,13:39:18
34,11,1,13:39:40
34,11,1,13:39:48
423,11,1,13:40:48
313,11,1,13:40:58
124,11,1,13:41:25
218,11,1,13:42:16
68,11,1,13:42:41
261,11,1,13:45:24
23,11,1,13:45:41
406,11,1,13:45:54
48,11,1,13:46:09
303,11,1,13:46:18
112,11,1,13:47:04
3,11,1,13:48:27
149,11,1,13:48:53
373,11,1,13:49:34
247,11,1,13:49:39
190,11,1,13:50:43
146,11,1,13:50:58
307,11,1,13:52:27
196,11,1,13:53:23
195,11,1,13:53:29
75,11,1,13:56:06
11,11,1,13:56:15
251,11,1,13:56:29
360,11,1,13:56:29
197,11,1,13:56:36
338,11,1,13:57:19
14,11,1,13:57:19
278,11,1,13:57:23
54,11,1,13:57:26
64,11,1,13:57:30
255,11,1,13:58:03
155,11,1,13:58:54
388,11,1,13:59:08
238,11,1,13:59:19
181,11,1,13:59:21
381,11,1,13:59:23
79,11,1,13:59:27
21,11,1,13:59:48
88,11,1,13:59:55
95,11,1,13:59:59
142,11,1,14:00:17
347,11,1,14:00:22
364,11,1,14:00:48
312,11,1,14:00:52
203,11,1,14:00:54
349,11,1,14:01:45
170,11,1,14:01:48
8,11,1,14:01:52
244,11,1,14:02:20
292,11,1,14:02:22
77,11,1,14:02:46
249,11,1,14:03:25
139,11,1,14:04:37
146,11,1,14:05:03
414,11,1,14:06:01
354,11,1,14:06:06
140,11,1,14:06:39
3,11,1,14:07:01
393,11,1,14:07:13
68,11,1,14:07:16
113,11,1,14:07:29
42,11,1,14:11:21
82,11,1,14:12:43
395,11,1,14:15:29
356,11,1,14:16:18
198,11,1,14:16:39
66,11,1,14:19:00
327,11,1,14:20:59
128,11,1,14:21:15
103,11,1,14:21:34
286,11,1,14:21:58
405,11,1,14:22:04
310,11,1,14:22:11
160,11,1,14:23:03
433,11,1,14:24:56
292,11,1,14:27:17
429,11,1,14:27:19
316,11,1,14:27:40
93,11,1,14:27:47
138,11,1,14:27:50
319,11,1,14:28:06
410,11,1,14:30:02
97,11,1,14:30:53
217,11,1,14:32:36
101,11,1,14:33:07
156,11,1,14:33:24
93,11,1,14:35:20
201,11,1,14:37:37
125,11,1,14:39:13
461,11,1,14:39:34
169,11,1,14:40:30
287,11,1,14:40:36
151,11,1,14:40:37
38,11,1,14:41:51
112,11,1,14:42:10
359,11,1,14:43:28
359,11,1,14:43:28
150,11,1,14:46:07
167,11,1,14:46:42
290,11,1,14:46:58
164,11,1,14:47:02
80,11,1,14:47:44
156,11,1,14:49:13
302,11,1,14:49:25
262,11,1,14:49:56
455,11,1,14:50:48
242,11,1,14:51:47
284,11,1,14:53:01
358,11,1,14:53:43
309,11,1,14:54:33
236,11,1,14:56:08
222,11,1,14:58:12
222,11,1,14:58:12
344,11,1,14:58:53
195,11,1,14:59:11
317,11,1,15:00:01
29,11,1,15:00:15
300,11,1,15:01:03
350,11,1,15:02:09
194,11,1,15:02:15
366,11,1,15:02:54
440,11,1,15:04:56
418,11,1,15:06:46
343,11,1,15:07:32
312,11,1,15:11:03
411,11,1,15:12:24
136,11,1,15:12:44
247,11,1,15:13:38
262,11,1,15:13:56
414,11,1,15:14:08
105,11,1,15:15:29
444,11,1,15:16:15
338,11,1,15:17:02
100,11,1,15:18:03
179,11,1,15:18:38
175,11,1,15:19:24
462,11,1,15:19:30
282,11,1,15:20:04
399,11,1,15:20:16
17,11,1,15:21:19
108,11,1,15:21:29
87,11,1,15:21:30
99,11,1,15:22:12
189,11,1,15:22:24
368,11,1,15:22:52
116,11,1,15:23:32
75,11,1,15:25:08
467,11,1,15:25:13
4,11,1,15:27:33
435,11,1,15:27:34
392,11,1,15:28:20
341,11,1,15:29:48
217,11,1,15:30:25
276,11,1,15:31:10
202,11,1,15:31:22
229,11,1,15:31:25
436,11,1,15:32:10
68,11,1,15:32:24
124,11,1,15:32:44
263,11,1,15:33:42
442,11,1,15:35:35
441,11,1,15:36:48
188,11,1,15:36:52
44,11,1,15:38:03
391,11,1,15:41:10
185,11,1,15:41:10
26,11,1,15:42:06
320,11,1,15:42:44
307,11,1,15:43:10
323,11,1,15:43:36
327,11,1,15:43:55
55,11,1,15:43:57
285,11,1,15:45:17
54,11,1,15:47:06
235,11,1,15:47:09
243,11,1,15:47:36
326,11,1,15:48:24
221,11,1,15:48:47
109,11,1,15:50:42
188,11,1,15:51:32
240,11,1,15:51:51
351,11,1,15:52:25
222,11,1,15:52:25
357,11,1,15:52:49
325,11,1,15:53:46
239,11,1,15:54:10
15,11,1,15:54:15
32,11,1,15:54:54
226,11,1,15:55:24
400,11,1,15:57:28
90,11,1,16:00:07
73,11,1,16:00:15
138,11,1,16:01:04
338,11,1,16:01:44
403,11,1,16:01:55
207,11,1,16:03:12
9,11,1,16:03:21
84,11,1,16:04:41
227,11,1,16:07:47
288,11,1,16:08:22
50,11,1,16:09:09
193,11,1,16:09:38
137,11,1,16:09:39
67,11,1,16:11:30
163,11,1,16:11:48
154,11,1,16:13:22
316,11,1,16:14:44
58,11,1,16:15:29
218,11,1,16:15:43
417,11,1,16:16:14
184,11,1,16:16:57
178,11,1,16:17:25
252,11,1,16:18:34
395,11,1,16:19:28
374,11,1,16:20:49
118,11,1,16:21:30
180,11,1,16:21:32
360,11,1,16:21:51
299,11,1,16:22:26
451,11,1,16:23:38
261,11,1,16:23:51
279,11,1,16:25:38
10,11,1,16:26:16
406,11,1,16:27:15
169,11,1,16:27:43
115,11,1,16:29:51
426,11,1,16:30:18
127,11,1,16:33:28
18,11,1,16:34:10
300,11,1,16:34:55
297,11,1,16:35:00
107,11,1,16:35:00
357,11,1,16:35:09
253,11,1,16:35:17
54,11,1,16:36:28
444,11,1,16:37:44
318,11,1,16:37:58
111,11,1,16:38:07
409,11,1,16:39:12
200,11,1,16:39:14
398,11,1,16:41:59
325,11,1,16:44:37
92,11,1,16:44:49
383,11,1,16:45:10
300,11,1,16:45:48
227,11,1,16:47:13
120,11,1,16:47:19
79,11,1,16:47:32
392,11,1,16:47:41
39,11,1,16:49:19
277,11,1,16:50:24
438,11,1,16:50:52
413,11,1,16:51:00
32,11,1,16:53:35
447,11,1,16:54:50
156,11,1,16:55:35
411,11,1,16:56:19
418,11,1,16:57:44
280,11,1,16:58:01
329,11,1,16:58:06
141,11,1,16:59:16
72,11,1,16:59:26
356,11,1,17:02:16
157,11,1,17:03:04
147,11,1,17:05:09
394,11,1,17:05:13
434,11,1,17:05:21
52,11,1,17:07:29
393,11,1,17:08:18
112,11,1,17:10:20
312,11,1,17:11:14
250,11,1,17:11:18
193,11,1,17:11:45
345,11,1,17:12:36
269,11,1,17:13:14
201,11,1,17:13:53
75,11,1,17:14:48
245,11,1,17:16:05
219,11,1,17:16:20
11,11,1,17:16:24
316,11,1,17:17:49
66,11,1,17:17:50
196,11,1,17:18:08
404,11,1,17:18:32
169,11,1,17:19:32
263,11,1,17:20:50
372,11,1,17:22:45
217,11,1,17:24:00
446,11,1,17:24:28
421,11,1,17:24:32
388,11,1,17:24:41
23,11,1,17:25:48
437,11,1,17:25:59
161,11,1,17:26:39
208,11,1,17:28:31
430,11,1,17:28:31
385,11,1,17:29:01
257,11,1,17:29:01
137,11,1,17:30:14
262,11,1,17:30:30
359,11,1,17:32:04
300,11,1,17:32:34
171,11,1,17:32:44
183,11,1,17:33:13
319,11,1,17:34:10
117,11,1,17:37:24
270,11,1,17:37:45
263,11,1,17:38:10
317,11,1,17:38:30
167,11,1,17:42:15
85,11,1,17:43:05
423,11,1,17:44:34
120,11,1,17:44:52
330,11,1,17:46:06
457,11,1,17:47:00
370,11,1,17:48:38
366,11,1,17:49:09
369,11,1,17:49:52
48,11,1,17:50:04
99,11,1,17:51:11
133,11,1,17:52:31
276,11,1,17:54:35
405,11,1,17:54:50
458,11,1,17:55:08
449,11,1,17:55:52
128,11,1,17:57:04
125,11,1,17:57:25
278,11,1,17:58:52
124,11,1,18:00:15
193,11,1,18:04:36
101,11,1,18:04:39
169,11,1,18:05:22
134,11,1,18:06:27
387,11,1,18:07:18
135,11,1,18:14:06
379,11,1,18:14:39
54,11,1,18:15:03
74,11,1,18:15:05
140,11,1,18:15:33
60,11,1,18:15:44
123,11,1,18:17:43
160,11,1,18:19:02
34,11,1,18:19:27
38,11,1,18:19:32
34,11,1,18:19:36
185,11,1,18:19:38
34,11,1,18:19:43
34,11,1,18:19:52
235,11,1,18:19:53
34,11,1,18:19:59
34,11,1,18:20:07
164,11,1,18:20:10
34,11,1,18:20:26
34,11,1,18:20:44
34,11,1,18:20:52
34,11,1,18:21:00
34,11,1,18:21:27
34,11,1,18:21:35
34,11,1,18:21:48
18,11,1,18:22:23
34,11,1,18:22:24
82,11,1,18:22:57
132,11,1,18:22:58
267,11,1,18:23:57
324,11,1,18:24:34
130,11,1,18:28:32
73,11,1,18:30:30
251,11,1,18:31:45
344,11,1,18:32:21
18,11,1,18:32:25
286,11,1,18:34:59
201,11,1,18:35:59
406,11,1,18:36:18
155,11,1,18:36:18
213,11,1,18:36:33
14,11,1,18:36:34
327,11,1,18:39:07
307,11,1,18:39:15
44,11,1,18:42:13
320,11,1,18:42:28
162,11,1,18:42:57
186,11,1,18:46:31
174,11,1,18:47:59
290,11,1,18:50:32
53,11,1,18:51:13
217,11,1,18:51:43
146,11,1,18:53:23
179,11,1,18:54:30
97,11,1,18:55:11
76,11,1,18:55:37
159,11,1,18:56:16
37,11,1,18:58:34
264,11,1,18:59:05
43,11,1,19:00:20
151,11,1,19:01:10
317,11,1,19:02:34
149,11,1,19:03:05
50,11,1,19:07:54
456,11,1,19:08:16
142,11,1,19:12:02
460,11,1,19:12:22
100,11,1,19:12:27
49,11,1,19:13:28
138,11,1,19:14:32
141,11,1,19:14:47
4,11,1,19:15:05
61,11,1,19:15:06
32,11,1,19:15:52
449,11,1,19:17:19
310,11,1,19:18:35
89,11,1,19:19:21
316,11,1,19:19:32
355,11,1,19:20:02
127,11,1,19:23:02
338,11,1,19:24:40
392,11,1,19:25:29
424,11,1,19:27:30
358,11,1,19:29:26
314,11,1,19:29:31
55,11,1,19:29:57
196,11,1,19:32:13
353,11,1,19:32:28
103,11,1,19:33:01
359,11,1,19:34:34
300,11,1,19:34:56
66,11,1,19:36:23
228,11,1,19:38:54
25,11,1,19:39:19
430,11,1,19:40:14
466,11,1,19:40:23
118,11,1,19:40:37
396,11,1,19:40:46
222,11,1,19:40:47
50,11,1,19:40:52
459,11,1,19:40:53
86,11,1,19:40:54
439,11,1,19:40:54
59,11,1,19:40:55
409,11,1,19:40:55
99,11,1,19:40:56
426,11,1,19:40:58
311,11,1,19:41:00
304,11,1,19:41:02
280,11,1,19:41:10
104,11,1,19:41:13
220,11,1,19:41:16
70,11,1,19:41:16
92,11,1,19:41:17
21,11,1,19:41:18
171,11,1,19:41:19
40,11,1,19:41:20
415,11,1,19:41:22
219,11,1,19:41:24
432,11,1,19:41:33
187,11,1,19:41:34
187,11,1,19:41:34
8,11,1,19:41:40
72,11,1,19:41:44
184,11,1,19:41:45
335,11,1,19:41:49
399,11,1,19:41:49
33,11,1,19:41:51
10,11,1,19:41:53
113,11,1,19:42:11
452,11,1,19:42:12
326,11,1,19:42:20
116,11,1,19:42:21
192,11,1,19:42:23
278,11,1,19:42:45
362,11,1,19:42:49
318,11,1,19:42:49
307,11,1,19:42:51
271,11,1,19:42:51
170,11,1,19:42:53
143,11,1,19:42:56
445,11,1,19:42:59
91,11,1,19:43:07
255,11,1,19:43:07
247,11,1,19:43:37
67,11,1,19:43:39
357,11,1,19:43:50
296,11,1,19:44:09
434,11,1,19:44:14
1,11,1,19:44:16
350,11,1,19:44:30
428,11,1,19:44:32
450,11,1,19:44:54
51,11,1,19:45:14
391,11,1,19:45:39
47,11,1,19:45:50
96,11,1,19:45:56
11,11,1,19:45:58
185,11,1,19:46:02
377,11,1,19:46:08
458,11,1,19:46:18
292,11,1,19:46:26
68,11,1,19:46:36
95,11,1,19:46:46
75,11,1,19:47:07
447,11,1,19:47:21
411,11,1,19:47:22
322,11,1,19:47:43
208,11,1,19:48:03
123,11,1,19:48:11
388,11,1,19:48:16
390,11,1,19:48:22
464,11,1,19:48:23
182,11,1,19:48:25
365,11,1,19:48:56
392,11,1,19:49:00
90,11,1,19:49:03
297,11,1,19:49:07
112,11,1,19:49:30
277,11,1,19:49:35
422,11,1,19:49:35
312,11,1,19:49:46
423,11,1,19:49:58
218,11,1,19:50:38
451,11,1,19:50:49
122,11,1,19:50:55
122,11,1,19:50:55
5,11,1,19:51:03
444,11,1,19:51:10
22,11,1,19:51:11
3,11,1,19:51:12
467,11,1,19:51:22
107,11,1,19:51:40
78,11,1,19:52:04
261,11,1,19:52:13
364,11,1,19:52:26
168,11,1,19:52:36
133,11,1,19:53:49
289,11,1,19:54:45
88,11,1,19:55:38
52,11,1,19:56:05
79,11,1,19:56:58
57,11,1,19:57:04
427,11,1,19:58:25
256,11,1,19:59:08
332,11,1,19:59:09
230,11,1,19:59:15
137,11,1,19:59:33
173,11,1,20:00:34
263,11,1,20:00:36
73,11,1,20:00:46
63,11,1,20:00:53
382,11,1,20:02:21
367,11,1,20:04:35
83,11,1,20:05:31
400,11,1,20:06:58
201,11,1,20:08:05
352,11,1,20:08:34
385,11,1,20:09:52
385,11,1,20:10:08
393,11,1,20:10:41
93,11,1,20:10:42
36,11,1,20:11:37
114,11,1,20:11:46
237,11,1,20:12:37
55,11,1,20:14:44
101,11,1,20:15:19
136,11,1,20:15:34
26,11,1,20:16:30
87,11,1,20:16:59
387,11,1,20:17:20
329,11,1,20:17:28
376,11,1,20:18:00
378,11,1,20:18:06
398,11,1,20:18:13
349,11,1,20:18:31
363,11,1,20:20:19
319,11,1,20:20:22
9,11,1,20:20:54
380,11,1,20:22:35
217,11,1,20:23:51
372,11,1,20:25:25
188,11,1,20:25:31
16,11,1,20:28:01
281,11,1,20:28:08
278,11,1,20:28:14
395,11,1,20:28:18
83,11,1,20:28:23
406,11,1,20:28:30
208,11,1,20:28:43
204,11,1,20:28:47
310,11,1,20:28:49
233,11,1,20:28:50
361,11,1,20:29:01
414,11,1,20:29:05
108,11,1,20:29:30
309,11,1,20:29:30
276,11,1,20:29:32
171,11,1,20:29:32
143,11,1,20:29:32
120,11,1,20:29:34
59,11,1,20:29:36
247,11,1,20:29:37
454,11,1,20:29:37
225,11,1,20:29:37
45,11,1,20:29:38
429,11,1,20:29:38
14,11,1,20:29:40
323,11,1,20:29:41
428,11,1,20:29:43
42,11,1,20:29:51
223,11,1,20:29:54
317,11,1,20:29:58
421,11,1,20:30:05
413,11,1,20:30:07
304,11,1,20:30:19
186,11,1,20:30:22
221,11,1,20:30:24
195,11,1,20:30:28
375,11,1,20:30:35
98,11,1,20:30:35
240,11,1,20:30:37
175,11,1,20:31:04
54,11,1,20:31:10
412,11,1,20:31:15
232,11,1,20:31:25
360,11,1,20:31:27
46,11,1,20:31:34
216,11,1,20:32:02
49,11,1,20:32:03
348,11,1,20:32:06
433,11,1,20:32:07
115,11,1,20:32:14
307,11,1,20:33:06
230,11,1,20:33:07
425,11,1,20:33:09
287,11,1,20:33:12
234,11,1,20:34:06
455,11,1,20:34:09
461,11,1,20:34:16
167,11,1,20:35:34
61,11,1,20:36:02
178,11,1,20:36:34
438,11,1,20:36:43
128,11,1,20:36:57
243,11,1,20:37:41
231,11,1,20:39:02
163,11,1,20:39:03
363,11,1,20:39:38
164,11,1,20:40:23
321,11,1,20:40:24
374,11,1,20:41:03
304,11,1,20:41:55
331,11,1,20:42:31
220,11,1,20:42:37
383,11,1,20:43:11
465,11,1,20:44:07
284,11,1,20:44:18
427,11,1,20:45:14
165,11,1,20:45:14
423,11,1,20:45:53
406,11,1,20:46:31
200,11,1,20:48:02
343,11,1,20:49:01
50,11,1,20:50:00
180,11,1,20:50:04
291,11,1,20:50:38
250,11,1,20:51:25
372,11,1,20:52:27
327,11,1,20:52:44
264,11,1,20:52:49
404,11,1,20:53:12
336,11,1,20:53:44
431,11,1,20:53:57
397,11,1,20:54:31
35,11,1,20:54:39
361,11,1,20:54:53
446,11,1,20:55:12
119,11,1,20:55:22
84,11,1,20:56:03
168,11,1,20:57:50
130,11,1,20:57:55
193,11,1,20:58:20
312,11,1,20:58:21
129,11,1,20:59:18
380,11,1,21:00:50
354,11,1,21:01:48
191,11,1,21:02:48
100,11,1,21:04:01
95,11,1,21:04:59
79,11,1,21:05:51
144,11,1,21:06:49
325,11,1,21:06:59
382,11,1,21:09:04
106,11,1,21:11:14
316,11,1,21:11:36
48,11,1,21:11:49
66,11,1,21:12:27
148,11,1,21:12:40
217,11,1,21:12:43
303,11,1,21:13:43
391,11,1,21:14:31
139,11,1,21:17:27
466,11,1,21:17:29
101,11,1,21:17:44
195,11,1,21:18:11
49,11,1,21:18:22
132,11,1,21:18:27
410,11,1,21:18:29
118,11,1,21:18:31
170,11,1,21:18:34
450,11,1,21:18:34
192,11,1,21:18:35
215,11,1,21:18:42
75,11,1,21:18:50
253,11,1,21:18:59
44,11,1,21:19:02
210,11,1,21:19:21
18,11,1,21:19:22
72,11,1,21:19:28
129,11,1,21:19:36
189,11,1,21:19:41
205,11,1,21:19:58
6,11,1,21:20:03
280,11,1,21:20:26
328,11,1,21:20:37
159,11,1,21:21:27
252,11,1,21:21:55
216,11,1,21:21:59
52,11,1,21:22:09
290,11,1,21:22:11
316,11,1,21:22:36
379,11,1,21:23:07
145,11,1,21:23:14
324,11,1,21:24:04
437,11,1,21:24:22
368,11,1,21:24:31
395,11,1,21:25:34
25,11,1,21:25:43
25,11,1,21:26:03
344,11,1,21:26:34
169,11,1,21:27:13
340,11,1,21:27:24
436,11,1,21:27:27
309,11,1,21:27:58
125,11,1,21:28:01
411,11,1,21:28:38
433,11,1,21:29:05
467,11,1,21:29:17
433,11,1,21:29:35
220,11,1,21:30:04
219,11,1,21:30:14
458,11,1,21:30:38
362,11,1,21:30:40
318,11,1,21:30:45
165,11,1,21:31:13
223,11,1,21:31:55
50,11,1,21:32:12
222,11,1,21:32:17
418,11,1,21:32:19
127,11,1,21:32:35
346,11,1,21:32:54
177,11,1,21:33:00
278,11,1,21:33:02
335,11,1,21:33:31
463,11,1,21:34:16
111,11,1,21:34:18
419,11,1,21:34:22
112,11,1,21:34:31
102,11,1,21:34:38
190,11,1,21:34:57
246,11,1,21:35:10
153,11,1,21:35:17
64,11,1,21:35:19
283,11,1,21:35:22
401,11,1,21:35:30
315,11,1,21:35:32
167,11,1,21:35:39
173,11,1,21:35:51
368,11,1,21:37:34
156,11,1,21:37:36
307,11,1,21:38:17
244,11,1,21:38:22
201,11,1,21:38:32
25,11,1,21:38:45
103,11,1,21:38:56
110,11,1,21:40:05
289,11,1,21:40:05
14,11,1,21:40:22
268,11,1,21:40:38
287,11,1,21:41:22
245,11,1,21:41:59
298,11,1,21:43:15
78,11,1,21:43:31
394,11,1,21:43:33
228,11,1,21:43:39
228,11,1,21:43:47
23,11,1,21:43:50
140,11,1,21:45:15
273,11,1,21:45:57
172,11,1,21:46:18
291,11,1,21:47:00
222,11,1,21:47:07
194,11,1,21:47:29
239,11,1,21:47:31
376,11,1,21:48:54
309,11,1,21:49:31
5,11,1,21:49:41
59,11,1,21:50:01
451,11,1,21:50:03
439,11,1,21:50:36
124,11,1,21:53:06
277,11,1,21:53:21
213,11,1,21:53:22
182,11,1,21:54:25
273,11,1,21:54:36
313,11,1,21:55:06
273,11,1,21:55:27
281,11,1,21:55:31
130,11,1,21:55:56
179,11,1,21:56:10
347,11,1,21:56:58
312,11,1,21:57:19
271,11,1,21:57:34
91,11,1,21:57:50
445,11,1,21:57:59
52,11,1,21:59:18
131,11,1,22:05:14
354,11,1,22:05:20
403,11,1,22:05:20
393,11,1,22:05:32
273,11,1,22:08:53
345,11,1,22:09:06
292,11,1,22:09:11
7,11,1,22:12:47
60,11,1,22:16:07
34,11,1,22:18:34
141,11,1,22:19:07
405,11,1,22:20:17
269,11,1,22:24:39
370,11,1,22:24:52
162,11,1,22:25:07
195,11,1,22:25:46
349,11,1,22:27:10
201,11,1,22:27:26
360,11,1,22:33:08
354,11,1,22:35:55
140,11,1,22:36:27
430,11,1,22:37:14
121,11,1,22:37:45
203,11,1,22:40:26
125,11,1,22:40:33
121,11,1,22:41:12
417,11,1,22:42:27
188,11,1,22:42:30
45,11,1,22:43:28
373,11,1,22:44:24
226,11,1,22:45:25
18,11,1,22:45:47
238,11,1,22:47:02
342,11,1,22:47:23
388,11,1,22:47:38
398,11,1,22:49:19
284,11,1,22:49:25
445,11,1,22:50:02
274,11,1,22:51:44
3,11,1,22:51:44
406,11,1,22:55:49
388,11,1,22:56:37
293,11,1,22:56:57
42,11,1,23:02:32
138,11,1,23:02:54
152,11,1,23:03:54
275,11,1,23:05:10
456,11,1,23:05:54
444,11,1,23:07:45
395,11,1,23:08:39
143,11,1,23:08:52
98,11,1,23:10:32
173,11,1,23:12:20
59,11,1,23:12:47
326,11,1,23:12:49
228,11,1,23:12:51
228,11,1,23:12:52
84,11,1,23:12:54
99,11,1,23:12:56
135,11,1,23:12:56
314,11,1,23:12:57
294,11,1,23:13:01
264,11,1,23:13:02
110,11,1,23:13:08
350,11,1,23:13:09
265,11,1,23:13:20
237,11,1,23:13:25
116,11,1,23:13:29
171,11,1,23:13:29
335,11,1,23:13:39
70,11,1,23:13:45
14,11,1,23:13:55
121,11,1,23:13:57
175,11,1,23:14:00
156,11,1,23:14:08
184,11,1,23:14:24
234,11,1,23:14:34
434,11,1,23:14:35
216,11,1,23:15:12
44,11,1,23:15:14
15,11,1,23:15:34
306,11,1,23:15:38
409,11,1,23:15:45
202,11,1,23:15:57
107,11,1,23:16:21
317,11,1,23:16:24
391,11,1,23:16:38
118,11,1,23:16:43
43,11,1,23:16:53
441,11,1,23:17:02
324,11,1,23:17:20
390,11,1,23:17:42
300,11,1,23:17:51
467,11,1,23:17:55
414,11,1,23:18:05
278,11,1,23:18:07
177,11,1,23:18:14
42,11,1,23:18:16
410,11,1,23:18:19
446,11,1,23:18:20
238,11,1,23:18:20
133,11,1,23:18:29
244,11,1,23:18:31
347,11,1,23:18:40
370,11,1,23:18:40
229,11,1,23:18:48
337,11,1,23:19:03
47,11,1,23:19:06
289,11,1,23:19:10
277,11,1,23:19:13
112,11,1,23:19:13
287,11,1,23:19:14
323,11,1,23:19:14
317,11,1,23:19:15
311,11,1,23:19:22
120,11,1,23:19:30
203,11,1,23:19:32
317,11,1,23:19:33
132,11,1,23:19:50
122,11,1,23:19:52
122,11,1,23:19:52
425,11,1,23:19:54
61,11,1,23:19:59
224,11,1,23:20:23
182,11,1,23:20:56
207,11,1,23:21:01
81,11,1,23:21:07
255,11,1,23:21:39
351,11,1,23:21:55
174,11,1,23:22:04
149,11,1,23:22:05
7,11,1,23:22:06
249,11,1,23:22:08
88,11,1,23:22:26
115,11,1,23:22:30
330,11,1,23:22:57
108,11,1,23:22:58
223,11,1,23:23:02
343,11,1,23:23:06
411,11,1,23:23:25
161,11,1,23:23:42
324,11,1,23:23:44
163,11,1,23:24:09
376,11,1,23:24:16
465,11,1,23:24:21
146,11,1,23:24:40
308,11,1,23:24:41
160,11,1,23:24:47
121,11,1,23:25:55
296,11,1,23:25:58
225,11,1,23:26:00
33,11,1,23:26:26
201,11,1,23:27:01
282,11,1,23:27:04
432,11,1,23:27:25
364,11,1,23:27:37
415,11,1,23:27:56
190,11,1,23:27:58
319,11,1,23:28:00
290,11,1,23:28:10
175,11,1,23:28:27
262,11,1,23:28:39
38,11,1,23:28:52
404,11,1,23:28:59
28,11,1,23:29:23
11,11,1,23:29:45
375,11,1,23:30:05
449,11,1,23:30:24
283,11,1,23:31:24
230,11,1,23:31:24
366,11,1,23:32:10
264,11,1,23:32:16
431,11,1,23:32:19
57,11,1,23:32:39
24,11,1,23:33:02
9,11,1,23:33:15
318,11,1,23:33:17
241,11,1,23:33:21
134,11,1,23:33:23
421,11,1,23:33:27
87,11,1,23:33:44
63,11,1,23:33:56
84,11,1,23:34:44
15,11,1,23:34:46
380,11,1,23:34:59
302,11,1,23:35:58
128,11,1,23:36:00
451,11,1,23:36:17
329,11,1,23:36:28
218,11,1,23:36:46
155,11,1,23:37:05
236,11,1,23:37:08
52,11,1,23:37:33
243,11,1,23:38:07
332,11,1,23:38:42
21,11,1,23:38:58
79,11,1,23:39:06
120,11,1,23:39:08
35,11,1,23:39:16
170,11,1,23:39:34
327,11,1,23:41:25
222,11,1,23:41:26
359,11,1,23:41:29
300,11,1,23:41:33
12,11,1,23:42:15
282,11,1,23:42:20
57,11,1,23:43:15
193,11,1,23:43:25
17,11,1,23:43:27
228,11,1,23:43:39
50,11,1,23:44:28
129,11,1,23:44:48
25,11,1,23:44:53
352,11,1,23:45:39
303,11,1,23:45:47
143,11,1,23:45:59
440,11,1,23:46:14
78,11,1,23:46:48
316,11,1,23:48:37
312,11,1,23:48:44
315,11,1,23:49:39
268,11,1,23:50:09
192,11,1,23:50:26
346,11,1,23:50:48
259,11,1,23:51:04
291,11,1,23:51:44
141,11,1,23:52:58
109,11,1,23:53:48
295,11,1,23:55:22
279,11,1,23:55:54
10,11,1,23:55:58
182,11,1,23:56:27
376,11,1,23:58:34
4,11,1,23:58:55
6,11,1,23:59:35
