user_id,day,day_of_week,time,latitude,longitude,weather
408,1,5,00:00:35,31.192464000000001,121.589707,overcast
86,1,5,00:01:24,31.293523,121.494843,overcast
86,1,5,00:01:30,31.293523,121.494843,overcast
37,1,5,00:04:52,31.292793273925781,121.49522399902344,overcast
152,1,5,00:04:53,31.300419000000002,121.501677,overcast
278,1,5,00:05:03,31.303632736206055,121.50495910644533,overcast
303,1,5,00:05:37,31.299900054931641,121.5009765625,overcast
115,1,5,00:07:01,31.292279000000001,121.496999,overcast
115,1,5,00:07:01,31.292279000000001,121.496999,overcast
115,1,5,00:07:02,31.292279000000001,121.496999,overcast
115,1,5,00:07:04,31.292279000000001,121.496999,overcast
115,1,5,00:07:05,31.292279000000001,121.496999,overcast
115,1,5,00:07:08,31.292279000000001,121.496999,overcast
115,1,5,00:07:42,31.292221999999999,121.49700300000001,overcast
115,1,5,00:07:47,31.292221999999999,121.49700300000001,overcast
437,1,5,00:07:59,31.300031661987305,121.50185394287109,overcast
464,1,5,00:08:29,31.291723000000001,121.497049,overcast
188,1,5,00:09:21,31.303407669067383,121.49424743652344,overcast
386,1,5,00:10:02,31.193990707397461,121.5895538330078,overcast
347,1,5,00:10:06,31.041000366210938,121.44123840332033,overcast
137,1,5,00:11:19,31.292214999999999,121.496532,overcast
137,1,5,00:11:53,31.292214999999999,121.496532,overcast
467,1,5,00:14:14,31.30011,121.5018,overcast
349,1,5,00:14:42,31.300357000000002,121.50169,overcast
196,1,5,00:15:29,31.197606,121.44506199999999,overcast
202,1,5,00:15:42,31.194362000000002,121.586561,overcast
302,1,5,00:16:20,31.303294000000001,121.494011,overcast
202,1,5,00:16:42,31.194362000000002,121.586561,overcast
202,1,5,00:16:42,31.194362000000002,121.586561,overcast
384,1,5,00:19:20,31.294641494750977,121.49758911132812,overcast
241,1,5,00:19:36,31.302351000000002,121.491828,overcast
14,1,5,00:19:49,31.197298,121.44504499999999,overcast
300,1,5,00:23:32,31.29487419128418,121.49797058105467,overcast
300,1,5,00:23:38,31.294887542724609,121.49794006347656,overcast
430,1,5,00:23:46,31.192544937133789,121.58803558349609,overcast
430,1,5,00:23:49,31.192541122436523,121.58803558349609,overcast
179,1,5,00:24:47,31.193698883056641,121.59261322021484,overcast
465,1,5,00:24:58,31.304580000000001,121.48990000000001,overcast
179,1,5,00:25:01,31.193765640258789,121.5927276611328,overcast
179,1,5,00:25:24,31.193778991699219,121.59259033203124,overcast
352,1,5,00:39:29,31.302619,121.503783,overcast
85,1,5,00:42:32,31.299294,121.501587,overcast
3,1,5,00:46:57,31.192365646362305,121.58755493164062,overcast
3,1,5,00:47:16,31.192361831665039,121.58755493164062,overcast
3,1,5,00:47:26,31.192359924316406,121.58755493164062,overcast
410,1,5,00:56:25,31.304931,121.50589100000001,overcast
434,1,5,00:59:40,31.293893000000001,121.49838200000001,overcast
269,1,5,01:12:30,31.177602,121.59435000000001,light rain
243,1,5,01:45:01,31.192343000000001,121.58824300000001,light rain
243,1,5,01:45:15,31.192343000000001,121.58824300000001,light rain
243,1,5,01:45:54,31.192278000000002,121.58830500000001,light rain
73,1,5,07:09:02,31.192193,121.588365,light rain
320,1,5,07:26:25,31.293339,121.495667,light rain
213,1,5,07:44:29,31.300324,121.501689,overcast
408,1,5,07:47:41,31.192508,121.58969399999999,light rain
432,1,5,07:50:44,31.293298,121.495716,overcast
432,1,5,07:51:03,31.293237000000001,121.495726,overcast
322,1,5,08:00:29,31.192724999999999,121.592776,light rain
236,1,5,08:02:38,31.192815780639648,121.5876922607422,light rain
148,1,5,08:03:36,31.301370620727539,121.50564575195312,overcast
344,1,5,08:04:45,31.300234,121.499758,overcast
344,1,5,08:05:01,31.300234,121.499758,overcast
395,1,5,08:07:35,31.302068999999999,121.49304600000001,overcast
82,1,5,08:08:04,31.297208786010746,121.49979400634766,overcast
323,1,5,08:10:43,31.302612,121.50169099999999,overcast
192,1,5,08:17:50,31.192416999999999,121.58798299999999,light rain
192,1,5,08:17:51,31.192416999999999,121.58798299999999,light rain
217,1,5,08:18:06,31.296406999999999,121.503086,overcast
123,1,5,08:27:21,31.192653,121.58981300000001,light rain
208,1,5,08:28:54,31.301767000000002,121.50009,overcast
337,1,5,08:34:52,31.300836563110352,121.49688720703124,light rain
389,1,5,08:39:40,31.196922000000001,121.444529,light rain
158,1,5,08:49:52,31.192905,121.594097,overcast
394,1,5,08:53:59,31.301749999999998,121.500365,overcast
156,1,5,08:54:06,31.300152000000001,121.499515,overcast
394,1,5,08:54:22,31.301749999999998,121.500365,overcast
120,1,5,08:59:19,31.196863174438477,121.44479370117188,overcast
431,1,5,09:00:31,31.292197999999999,121.49715,overcast
120,1,5,09:02:54,31.196872711181641,121.44479370117188,overcast
120,1,5,09:03:48,31.196872711181641,121.44480133056641,overcast
120,1,5,09:04:07,31.196863174438477,121.44479370117188,overcast
60,1,5,09:05:29,31.336539999999999,121.4944,overcast
234,1,5,09:06:14,31.197418212890625,121.44465637207033,overcast
234,1,5,09:06:31,31.197418212890625,121.44465637207033,overcast
234,1,5,09:06:32,31.197418212890625,121.44465637207033,overcast
374,1,5,09:08:59,31.194375000000001,121.58657599999999,overcast
307,1,5,09:11:43,31.297279357910156,121.49977111816406,light rain
386,1,5,09:14:51,31.1939697265625,121.58954620361328,overcast
235,1,5,09:15:56,31.301725387573239,121.50003814697266,light rain
235,1,5,09:16:00,31.301694869995117,121.50007629394533,light rain
241,1,5,09:16:55,31.302347999999999,121.49183600000001,light rain
337,1,5,09:18:01,31.300886154174805,121.49692535400391,light rain
337,1,5,09:18:02,31.300886154174805,121.49692535400391,light rain
337,1,5,09:18:03,31.300886154174805,121.49692535400391,light rain
337,1,5,09:18:05,31.300876617431641,121.49696350097656,light rain
452,1,5,09:22:46,31.300312042236328,121.49712371826172,light rain
115,1,5,09:22:53,31.290557,121.501966,light rain
369,1,5,09:23:28,31.292825698852539,121.49526214599609,light rain
27,1,5,09:26:03,31.302610397338867,121.50385284423828,light rain
128,1,5,09:27:29,31.197959999999998,121.44601,light rain
108,1,5,09:31:32,31.302092999999999,121.500129,light rain
385,1,5,09:33:54,31.197118759155273,121.44516754150391,overcast
132,1,5,09:33:58,31.030732,121.446117,overcast
408,1,5,09:36:46,31.193100999999999,121.594116,overcast
408,1,5,09:36:48,31.193100999999999,121.594116,overcast
93,1,5,09:37:36,31.193342208862305,121.58978271484376,overcast
429,1,5,09:37:43,31.297893999999999,121.49875299999999,overcast
445,1,5,09:37:43,31.300132000000001,121.499439,overcast
445,1,5,09:37:47,31.300132000000001,121.499439,overcast
114,1,5,09:37:48,31.300621,121.49723,overcast
93,1,5,09:37:55,31.193325042724609,121.58975219726562,overcast
408,1,5,09:38:21,31.193104999999999,121.59410099999999,overcast
252,1,5,09:38:23,31.200782775878903,121.44581604003906,overcast
408,1,5,09:39:15,31.193104000000002,121.59410699999999,overcast
445,1,5,09:39:24,31.300132000000001,121.499439,overcast
408,1,5,09:39:27,31.193104000000002,121.59410699999999,overcast
275,1,5,09:42:03,31.294620999999999,121.499359,overcast
357,1,5,09:45:00,31.193179000000001,121.594115,overcast
244,1,5,09:45:06,31.191489000000001,121.593639,overcast
435,1,5,09:45:14,31.192644999999999,121.587681,overcast
435,1,5,09:45:14,31.192644999999999,121.587681,overcast
291,1,5,09:47:36,31.194496999999998,121.589558,overcast
143,1,5,09:48:21,31.299758911132812,121.50032806396484,overcast
259,1,5,09:49:12,31.302772000000001,121.503609,overcast
87,1,5,09:49:16,31.299901962280273,121.49962615966795,overcast
428,1,5,09:50:05,31.338327,121.49995,overcast
12,1,5,09:50:08,31.193096000000001,121.59418700000001,overcast
359,1,5,09:51:53,31.300136999999999,121.49942,overcast
168,1,5,09:53:00,31.301624298095703,121.50017547607422,overcast
357,1,5,09:53:02,31.193095,121.59411900000001,overcast
149,1,5,09:53:17,31.196842193603516,121.44461059570312,overcast
317,1,5,09:53:24,31.192806243896484,121.59075164794922,overcast
12,1,5,09:53:32,31.193090000000002,121.594105,overcast
213,1,5,09:54:40,31.299795,121.50010899999999,overcast
218,1,5,09:56:12,31.197040557861328,121.44399261474609,overcast
120,1,5,09:56:32,31.197050094604492,121.4438934326172,overcast
120,1,5,09:56:39,31.197092056274418,121.44406127929688,overcast
1,1,5,09:58:10,31.299817000000001,121.499003,overcast
160,1,5,09:58:51,31.299987000000002,121.499523,overcast
5,1,5,09:59:48,31.29796,121.501,overcast
375,1,5,09:59:48,22.627040999999998,113.807861,cloudy
300,1,5,10:00:56,31.300106048583984,121.49983215332033,overcast
105,1,5,10:04:23,31.192977905273441,121.59004974365234,overcast
105,1,5,10:04:27,31.19304084777832,121.58995056152344,overcast
351,1,5,10:05:57,31.29273796081543,121.49690246582033,overcast
351,1,5,10:05:57,31.29273796081543,121.49690246582033,overcast
159,1,5,10:06:40,31.190989999999999,121.591086,overcast
382,1,5,10:12:48,31.303806000000002,121.4911,overcast
240,1,5,10:13:42,31.299942016601559,121.49965667724609,overcast
219,1,5,10:14:18,31.193923999999999,121.59263,overcast
246,1,5,10:16:02,31.301996231079102,121.50014495849609,overcast
159,1,5,10:16:48,31.190650000000002,121.591342,overcast
412,1,5,10:18:21,31.303660000000001,121.494424,overcast
137,1,5,10:18:57,31.298922999999998,121.50094799999999,overcast
137,1,5,10:19:09,31.298922999999998,121.50094799999999,overcast
254,1,5,10:19:37,31.302493999999999,121.49285,overcast
188,1,5,10:19:46,31.303382873535156,121.49419403076172,overcast
306,1,5,10:20:50,31.300388000000002,121.49750299999999,overcast
306,1,5,10:20:50,31.300388000000002,121.49750299999999,overcast
306,1,5,10:21:10,31.300388000000002,121.49750299999999,overcast
306,1,5,10:21:10,31.300388000000002,121.49750299999999,overcast
306,1,5,10:21:15,31.300388000000002,121.49750299999999,overcast
391,1,5,10:21:36,31.192719,121.589191,overcast
179,1,5,10:24:35,31.192277908325195,121.58760833740234,overcast
290,1,5,10:24:54,31.300049000000001,121.50047600000001,overcast
290,1,5,10:24:59,31.300049000000001,121.50047600000001,overcast
36,1,5,10:28:28,31.29741096496582,121.4998016357422,overcast
430,1,5,10:29:11,31.193849563598633,121.59279632568359,overcast
430,1,5,10:29:14,31.193946838378903,121.59288024902344,overcast
46,1,5,10:30:51,31.198262,121.44450500000001,overcast
46,1,5,10:30:53,31.198262,121.44450500000001,overcast
163,1,5,10:33:35,31.301378,121.50042999999999,overcast
163,1,5,10:33:43,31.301378,121.50042999999999,overcast
186,1,5,10:36:13,31.301654815673828,121.50005340576172,overcast
433,1,5,10:36:24,31.197160720825195,121.4438934326172,overcast
186,1,5,10:36:33,31.301691055297852,121.50006866455078,overcast
163,1,5,10:36:57,31.301378,121.50042999999999,overcast
226,1,5,10:37:35,31.305472000000002,121.501783,overcast
395,1,5,10:45:42,31.306345,121.504632,overcast
160,1,5,10:46:46,31.300027,121.499545,overcast
148,1,5,10:46:54,31.302486419677734,121.50418853759766,overcast
298,1,5,11:01:58,31.197237014770508,121.44382476806641,overcast
298,1,5,11:02:01,31.197257995605469,121.44374847412109,overcast
358,1,5,11:03:26,31.301708999999999,121.500191,overcast
247,1,5,11:03:49,31.300329999999999,121.500001,overcast
380,1,5,11:07:51,31.197355999999999,121.44517399999999,overcast
380,1,5,11:09:48,31.197441999999999,121.445089,overcast
175,1,5,11:10:14,31.192753,121.588521,overcast
363,1,5,11:11:00,31.299710000000001,121.49469999999999,overcast
345,1,5,11:17:26,31.300004999999999,121.499533,overcast
62,1,5,11:22:13,31.193085,121.59415,overcast
74,1,5,11:22:53,31.411346435546875,121.48027801513672,overcast
74,1,5,11:23:11,31.411384582519531,121.4803466796875,overcast
62,1,5,11:24:06,31.193092,121.594162,overcast
303,1,5,11:27:11,31.301506042480469,121.50071716308594,overcast
126,1,5,11:28:20,31.198260000000001,121.4468,overcast
430,1,5,11:29:01,31.193975448608398,121.59279632568359,overcast
295,1,5,11:29:43,31.197379999999999,121.44517,overcast
35,1,5,11:30:26,31.193200000000001,121.593209,overcast
81,1,5,11:32:15,31.197704315185547,121.44612884521484,overcast
334,1,5,11:32:45,31.30171,121.49992899999999,overcast
58,1,5,11:33:02,31.197170257568359,121.44387054443359,overcast
407,1,5,11:36:16,31.301600000000001,121.501085,overcast
407,1,5,11:36:25,31.301600000000001,121.501085,overcast
111,1,5,11:36:49,31.194496999999998,121.589558,overcast
28,1,5,11:37:51,31.296489715576172,121.49325561523438,overcast
171,1,5,11:38:12,31.192678999999998,121.589871,overcast
260,1,5,11:40:46,31.197835922241211,121.44506072998048,overcast
158,1,5,11:40:58,31.192926,121.594097,overcast
158,1,5,11:40:59,31.192926,121.594097,overcast
158,1,5,11:41:09,31.192913999999998,121.594095,overcast
231,1,5,11:45:36,31.303879999999999,121.49299000000001,overcast
56,1,5,11:45:53,31.3017,121.500469,overcast
56,1,5,11:45:58,31.301755,121.500179,overcast
425,1,5,11:50:59,31.301134000000001,121.5003,overcast
75,1,5,11:51:15,31.192373275756836,121.5876007080078,overcast
253,1,5,11:51:36,31.3003,121.4883,overcast
179,1,5,11:51:57,31.192239761352539,121.59084320068359,overcast
86,1,5,11:52:55,31.301749999999998,121.50002600000001,overcast
318,1,5,11:54:57,31.293867111206055,121.49795532226562,overcast
374,1,5,11:55:56,31.192430000000002,121.587824,overcast
374,1,5,11:55:57,31.192430000000002,121.587824,overcast
88,1,5,11:57:10,31.190898000000001,121.592963,overcast
88,1,5,11:57:20,31.190898000000001,121.592963,overcast
214,1,5,11:57:33,31.234690000000001,121.5117,overcast
214,1,5,11:58:35,31.234950000000001,121.5107,overcast
78,1,5,11:59:33,31.300345,121.504031,overcast
220,1,5,11:59:50,31.189489999999999,121.59659600000001,overcast
220,1,5,11:59:54,31.191711000000002,121.5924,overcast
220,1,5,11:59:54,31.191711000000002,121.5924,overcast
220,1,5,11:59:55,31.191711000000002,121.5924,overcast
354,1,5,12:00:52,31.193080999999999,121.59409599999999,overcast
362,1,5,12:00:53,31.293685,121.495362,overcast
362,1,5,12:01:03,31.293685,121.495362,overcast
327,1,5,12:02:09,31.298454284667969,121.50125885009766,overcast
241,1,5,12:02:22,31.302367,121.491812,overcast
348,1,5,12:02:48,31.301928,121.50014899999999,overcast
348,1,5,12:03:15,31.301928,121.50014899999999,overcast
214,1,5,12:03:32,31.234780000000001,121.5117,overcast
214,1,5,12:04:02,31.23507,121.5125,overcast
214,1,5,12:04:39,31.234819999999999,121.512,overcast
229,1,5,12:04:48,31.302703857421875,121.50211334228516,overcast
216,1,5,12:04:58,31.197751998901367,121.446044921875,overcast
418,1,5,12:05:03,31.302351999999999,121.492863,overcast
264,1,5,12:05:12,31.300260543823239,121.49738311767578,overcast
214,1,5,12:05:18,31.234749999999998,121.51179999999999,overcast
226,1,5,12:05:19,31.303252000000001,121.492666,overcast
264,1,5,12:05:33,31.300216674804688,121.49736785888672,overcast
264,1,5,12:05:47,31.300216674804688,121.49736785888672,overcast
264,1,5,12:05:47,31.300216674804688,121.49736785888672,overcast
226,1,5,12:06:32,31.303249999999998,121.492586,overcast
130,1,5,12:07:35,31.191005000000001,121.59296000000001,overcast
130,1,5,12:08:21,31.190998,121.592963,overcast
202,1,5,12:08:21,31.194362000000002,121.586561,overcast
116,1,5,12:12:04,31.194201,121.58918799999999,overcast
103,1,5,12:14:05,31.196925,121.44450999999999,overcast
103,1,5,12:14:12,31.196925,121.44450999999999,overcast
103,1,5,12:14:18,31.196947000000002,121.44451599999999,overcast
226,1,5,12:14:40,31.303253000000002,121.492599,overcast
273,1,5,12:14:42,31.197745999999999,121.445894,overcast
332,1,5,12:16:34,31.302879000000001,121.502021,overcast
226,1,5,12:18:10,31.303252000000001,121.492575,overcast
409,1,5,12:18:44,31.295082000000001,121.49735,overcast
409,1,5,12:18:44,31.295082000000001,121.49735,overcast
409,1,5,12:18:52,31.295082000000001,121.49735,overcast
52,1,5,12:24:50,31.191709518432617,121.59089660644533,overcast
28,1,5,12:25:30,31.302236557006836,121.49302673339844,overcast
113,1,5,12:26:31,31.196400000000001,121.44467299999999,overcast
168,1,5,12:31:01,31.301801681518555,121.50005340576172,overcast
86,1,5,12:32:09,31.301703,121.499893,overcast
207,1,5,12:32:35,31.299877166748047,121.50101470947266,overcast
207,1,5,12:32:35,31.299880981445312,121.5009765625,overcast
122,1,5,12:32:56,31.192420959472656,121.58753967285156,overcast
327,1,5,12:33:53,31.303064346313477,121.49309539794922,overcast
327,1,5,12:33:56,31.303064346313477,121.49309539794922,overcast
327,1,5,12:34:02,31.303155899047852,121.49290466308594,overcast
202,1,5,12:34:08,31.194687999999999,121.586977,overcast
458,1,5,12:34:19,31.299876999999999,121.501152,overcast
467,1,5,12:34:50,31.30172,121.4999,overcast
436,1,5,12:36:33,30.902944564819336,121.88720703125,overcast
36,1,5,12:36:43,31.296758651733398,121.50122833251952,overcast
380,1,5,12:37:03,31.198506999999999,121.445398,overcast
358,1,5,12:40:42,31.302133999999999,121.500238,overcast
363,1,5,12:42:27,31.299029999999998,121.4927,overcast
363,1,5,12:42:32,31.299029999999998,121.4927,overcast
363,1,5,12:42:33,31.299029999999998,121.4927,overcast
120,1,5,12:46:47,31.196866989135746,121.44479370117188,overcast
196,1,5,12:47:16,31.197579000000001,121.445046,overcast
196,1,5,12:47:25,31.197579000000001,121.445046,overcast
198,1,5,12:47:28,31.296900999999998,121.50039700000001,overcast
120,1,5,12:49:00,31.196872711181641,121.44481658935548,overcast
120,1,5,12:49:44,31.196868896484375,121.44483184814452,overcast
120,1,5,12:51:06,31.196868896484375,121.44481658935548,overcast
320,1,5,12:51:23,31.299645999999999,121.500556,overcast
53,1,5,12:53:11,31.299139,121.501125,overcast
246,1,5,12:54:05,31.303634643554688,121.49423217773438,overcast
13,1,5,13:00:41,31.200389999999999,121.4483,overcast
398,1,5,13:01:07,31.192516999999999,121.58813000000001,overcast
182,1,5,13:04:58,31.157881,121.80875899999999,overcast
302,1,5,13:05:00,31.301583000000001,121.50019899999999,overcast
302,1,5,13:05:01,31.301583000000001,121.50019899999999,overcast
182,1,5,13:05:48,31.159248999999999,121.813312,overcast
375,1,5,13:10:27,31.150977999999999,121.807844,overcast
65,1,5,13:12:28,31.197700000000001,121.4448,overcast
65,1,5,13:12:36,31.197700000000001,121.4448,overcast
363,1,5,13:14:20,31.297799999999999,121.4996,overcast
8,1,5,13:16:38,31.298221000000002,121.498417,overcast
115,1,5,13:16:42,31.294917999999999,121.498268,overcast
126,1,5,13:17:03,31.197469999999999,121.44499999999999,overcast
280,1,5,13:17:43,31.192502975463867,121.58777618408205,overcast
248,1,5,13:18:41,31.192492999999999,121.58781399999999,overcast
307,1,5,13:22:41,31.297267913818359,121.49986267089844,overcast
343,1,5,13:27:56,31.297181999999999,121.499916,overcast
430,1,5,13:28:18,31.193904876708984,121.59278106689452,overcast
430,1,5,13:28:50,31.193716049194336,121.5927276611328,overcast
430,1,5,13:28:52,31.193716049194336,121.5927276611328,overcast
430,1,5,13:28:52,31.193716049194336,121.5927276611328,overcast
390,1,5,13:29:58,31.182086944580082,121.6022491455078,overcast
390,1,5,13:30:16,31.182083129882812,121.60224151611328,overcast
77,1,5,13:31:05,31.297173999999998,121.49942900000001,overcast
245,1,5,13:31:40,31.206390380859375,121.45456695556641,overcast
126,1,5,13:32:47,31.19727,121.4451,overcast
340,1,5,13:34:17,31.193063735961911,121.59320068359376,overcast
340,1,5,13:34:41,31.193061828613281,121.59320831298828,overcast
3,1,5,13:34:47,31.192352294921875,121.58750915527344,overcast
88,1,5,13:37:03,31.193232999999999,121.594639,overcast
3,1,5,13:42:31,31.193071365356445,121.59060668945312,overcast
282,1,5,13:43:22,31.194299999999998,121.595236,overcast
17,1,5,13:45:27,31.227900000000002,121.546091,overcast
239,1,5,13:45:59,31.338049000000002,121.500606,overcast
320,1,5,13:46:42,31.299638000000002,121.50056499999999,overcast
460,1,5,13:48:13,31.301708000000001,121.499796,overcast
356,1,5,13:49:16,31.18975,121.300034,light rain
356,1,5,13:49:30,31.18975,121.300034,light rain
171,1,5,13:52:08,31.192402999999999,121.59276300000001,overcast
171,1,5,13:52:12,31.192402999999999,121.59276300000001,overcast
375,1,5,13:55:41,31.202276000000001,121.690989,overcast
320,1,5,13:56:30,31.299704999999999,121.500607,overcast
127,1,5,13:59:07,31.199886322021484,121.447509765625,overcast
147,1,5,14:01:27,31.294806000000001,121.497612,overcast
147,1,5,14:04:01,31.294806000000001,121.497612,overcast
449,1,5,14:11:48,31.188637,121.30691,overcast
246,1,5,14:17:04,31.299154281616211,121.50235748291016,overcast
185,1,5,14:19:26,31.191206999999999,121.593728,light rain
185,1,5,14:20:28,31.194454,121.594431,light rain
185,1,5,14:20:30,31.192240999999999,121.598635,light rain
185,1,5,14:20:32,31.192240999999999,121.598635,light rain
36,1,5,14:22:55,31.297452926635746,121.49983215332033,overcast
36,1,5,14:22:55,31.297359466552734,121.49990844726562,overcast
407,1,5,14:23:02,31.301772,121.500367,overcast
202,1,5,14:27:23,31.193138000000001,121.594083,light rain
202,1,5,14:27:23,31.193138000000001,121.594083,light rain
89,1,5,14:31:24,31.301452000000001,121.514477,light rain
240,1,5,14:34:36,31.297494888305664,121.49990081787109,cloudy
113,1,5,14:36:41,31.198250999999999,121.446822,cloudy
26,1,5,14:42:41,31.194074630737305,121.59435272216795,light rain
418,1,5,14:43:03,31.300135000000001,121.499769,cloudy
42,1,5,14:44:38,31.122486114501953,121.58141326904295,light rain
404,1,5,14:46:10,31.193859100341797,121.59430694580078,light rain
64,1,5,14:46:48,31.221864700317383,121.53867340087891,light rain
363,1,5,14:49:36,31.297270000000001,121.4999,cloudy
363,1,5,14:49:45,31.297540000000001,121.49979999999999,cloudy
386,1,5,14:50:43,31.303979873657227,121.50887298583984,cloudy
327,1,5,15:03:31,31.297903060913089,121.50092315673828,cloudy
320,1,5,15:09:41,31.299689000000001,121.500591,light rain
143,1,5,15:21:00,31.296977996826172,121.50002288818359,light rain
246,1,5,15:23:52,31.297487258911133,121.49988555908205,light rain
246,1,5,15:23:53,31.297487258911133,121.49988555908205,light rain
112,1,5,15:26:33,31.296812057495117,121.50010681152344,light rain
421,1,5,15:28:08,31.295677185058594,121.49806213378906,light rain
421,1,5,15:28:22,31.295658111572266,121.49797821044922,light rain
319,1,5,15:29:01,31.303928375244141,121.49228668212891,light rain
421,1,5,15:29:05,31.295560836791992,121.49806213378906,light rain
50,1,5,15:34:57,31.192258834838867,121.59274291992188,light rain
115,1,5,15:35:29,31.292231000000001,121.49701,cloudy
1,1,5,15:44:29,31.299975,121.49984600000001,cloudy
104,1,5,15:45:30,31.3355,121.49720000000001,cloudy
317,1,5,15:46:19,31.193962097167969,121.59488677978516,cloudy
14,1,5,15:48:02,31.228462,121.447136,cloudy
317,1,5,15:49:52,31.193925857543945,121.59489440917967,cloudy
229,1,5,15:57:40,31.302619934082031,121.50413513183594,cloudy
229,1,5,15:57:47,31.302619934082031,121.50413513183594,cloudy
229,1,5,15:58:03,31.302627563476559,121.5041046142578,cloudy
432,1,5,16:01:49,31.300342000000001,121.497153,cloudy
432,1,5,16:02:03,31.300291999999999,121.496976,cloudy
235,1,5,16:07:35,31.301937103271484,121.49215698242188,cloudy
147,1,5,16:07:41,31.300599999999999,121.4969,cloudy
303,1,5,16:12:51,31.301807403564453,121.50003814697266,cloudy
55,1,5,16:13:47,31.193666,121.59517099999999,cloudy
226,1,5,16:13:51,31.301777000000001,121.50017200000001,cloudy
226,1,5,16:14:20,31.301755,121.50006,cloudy
211,1,5,16:18:02,31.296866999999999,121.5001,cloudy
450,1,5,16:20:17,31.191489000000001,121.593639,cloudy
450,1,5,16:20:22,31.191489000000001,121.593639,cloudy
217,1,5,16:23:13,31.296395,121.50307100000001,cloudy
217,1,5,16:23:38,31.296500000000002,121.503,cloudy
100,1,5,16:40:31,31.301206000000001,121.492307,cloudy
110,1,5,16:41:29,31.246019,121.459881,cloudy
113,1,5,16:46:56,31.196400000000001,121.44467299999999,cloudy
27,1,5,16:54:54,31.302650451660156,121.50327301025391,cloudy
159,1,5,16:55:42,31.191804999999999,121.592364,cloudy
11,1,5,16:56:04,31.192588806152344,121.59280395507812,cloudy
11,1,5,16:56:07,31.192605972290039,121.59283447265624,cloudy
11,1,5,16:56:28,31.192388534545898,121.59304809570312,cloudy
69,1,5,17:03:07,31.193069458007812,121.59320831298828,cloudy
316,1,5,17:11:31,31.193429946899418,121.59519195556641,cloudy
231,1,5,17:22:33,31.303867,121.49302,cloudy
161,1,5,17:28:04,31.302941000000001,121.502039,cloudy
124,1,5,17:29:46,31.197431564331055,121.44470977783205,cloudy
124,1,5,17:30:10,31.19743537902832,121.44470977783205,cloudy
124,1,5,17:30:10,31.19743537902832,121.44470977783205,cloudy
282,1,5,17:35:35,31.194303000000001,121.59536,cloudy
262,1,5,17:37:40,31.303349999999998,121.49299999999999,cloudy
164,1,5,17:42:43,31.297675999999999,121.50023299999999,cloudy
115,1,5,17:43:39,31.292297000000001,121.496994,cloudy
245,1,5,17:49:31,31.206510543823239,121.45457458496094,cloudy
16,1,5,17:55:29,31.193899999999999,121.58978999999999,cloudy
278,1,5,18:04:26,31.301630020141602,121.50934600830078,cloudy
278,1,5,18:04:28,31.303609848022461,121.5049285888672,cloudy
133,1,5,18:05:27,31.33785,121.49939999999999,cloudy
133,1,5,18:05:56,31.337810000000001,121.49939999999999,cloudy
11,1,5,18:09:08,31.192169189453125,121.59328460693359,cloudy
123,1,5,18:13:43,31.194362000000002,121.586561,cloudy
88,1,5,18:18:44,31.193211999999999,121.594628,cloudy
252,1,5,18:18:54,31.232076644897461,121.40966033935548,cloudy
120,1,5,18:19:48,31.197427749633789,121.44508361816406,cloudy
72,1,5,18:21:11,31.291229000000001,121.487381,cloudy
431,1,5,18:22:01,31.301371,121.498071,cloudy
341,1,5,18:23:01,31.234940000000002,121.51629,cloudy
461,1,5,18:25:37,31.117899999999999,121.1746,cloudy
341,1,5,18:25:47,31.234940000000002,121.51629,cloudy
330,1,5,18:26:33,31.192554999999999,121.58977899999999,cloudy
330,1,5,18:27:01,31.192544000000002,121.589775,cloudy
157,1,5,18:28:46,31.297246932983398,121.49974822998048,cloudy
78,1,5,18:29:01,31.225225423177083,121.44730278862848,cloudy
78,1,5,18:29:04,31.227091999999999,121.44269,cloudy
78,1,5,18:29:13,31.226614000000001,121.440698,cloudy
39,1,5,18:30:19,31.193159000000001,121.593295,cloudy
39,1,5,18:30:19,31.193159000000001,121.593295,cloudy
242,1,5,18:32:09,31.297118000000001,121.499537,cloudy
242,1,5,18:32:18,31.297118000000001,121.499537,cloudy
242,1,5,18:32:28,31.297118000000001,121.499537,cloudy
78,1,5,18:33:36,31.227091999999999,121.44269,cloudy
152,1,5,18:38:09,31.300121000000001,121.49744200000001,cloudy
320,1,5,18:39:03,31.293348999999999,121.495639,cloudy
325,1,5,18:39:26,31.027850000000001,121.4323,cloudy
227,1,5,18:45:29,31.265149999999998,121.527379,cloudy
90,1,5,18:58:04,31.294526000000001,121.495853,cloudy
310,1,5,18:59:29,31.300649642944336,121.50147247314452,cloudy
279,1,5,19:07:42,31.290558000000001,121.50197,cloudy
444,1,5,19:19:56,31.290557,121.501966,cloudy
444,1,5,19:21:05,31.290557,121.501966,cloudy
444,1,5,19:21:13,31.290557,121.501966,cloudy
430,1,5,19:26:08,31.193584442138672,121.59263610839844,cloudy
430,1,5,19:26:08,31.193584442138672,121.59263610839844,cloudy
430,1,5,19:26:51,31.193813323974609,121.5927734375,cloudy
430,1,5,19:26:53,31.193813323974609,121.5927734375,cloudy
272,1,5,19:32:07,31.297170639038089,121.50033569335938,cloudy
217,1,5,19:50:08,31.296413000000001,121.503078,cloudy
115,1,5,20:32:02,31.292280000000002,121.49700900000001,sunny
115,1,5,20:32:23,31.292285,121.496999,sunny
90,1,5,20:58:01,31.294748999999999,121.49591700000001,sunny
430,1,5,21:44:48,31.193899154663089,121.59275054931641,sunny
430,1,5,21:44:57,31.193723678588867,121.59269714355467,sunny
430,1,5,21:44:59,31.193723678588867,121.59269714355467,sunny
430,1,5,21:45:00,31.193723678588867,121.59269714355467,sunny
345,1,5,22:00:23,31.197347000000001,121.44499500000001,sunny
446,1,5,22:00:30,31.240446090698239,121.49727630615234,sunny
465,1,5,22:03:28,31.302153000000001,121.501755,sunny
465,1,5,22:03:43,31.30265,121.50190000000001,sunny
442,1,5,22:03:49,31.301321000000002,121.496574,sunny
465,1,5,22:04:40,31.302182999999999,121.50184,sunny
228,1,5,22:28:45,31.197900000000001,121.44588,sunny
375,1,5,22:40:46,31.191869000000001,121.587112,sunny
390,1,5,23:00:53,31.114070892333984,121.58859252929688,sunny
217,1,5,23:10:19,31.291685000000001,121.496922,sunny
235,1,5,23:31:27,31.301870346069336,121.49217224121094,cloudy
222,1,5,23:43:02,31.293652999999999,121.49545000000001,cloudy
222,1,5,23:43:03,31.293652999999999,121.49545000000001,cloudy
410,1,5,23:54:39,31.302934,121.50383600000001,cloudy
188,2,6,00:01:34,31.303308486938477,121.494140625,cloudy
188,2,6,00:01:34,31.303308486938477,121.494140625,cloudy
241,2,6,00:01:48,31.302365000000002,121.491817,cloudy
241,2,6,00:01:51,31.302365000000002,121.491817,cloudy
225,2,6,00:02:37,31.302732467651367,121.50533294677734,cloudy
3,2,6,00:04:24,31.192361831665039,121.58755493164062,cloudy
120,2,6,00:10:13,31.196868896484375,121.44480133056641,cloudy
120,2,6,00:13:28,31.196870803833008,121.44482421875,cloudy
444,2,6,00:13:38,31.284503000000001,121.494033,cloudy
120,2,6,00:14:04,31.196866989135746,121.44480133056641,cloudy
394,2,6,00:14:39,31.293233000000001,121.495085,cloudy
394,2,6,00:14:50,31.293233000000001,121.495085,cloudy
313,2,6,00:15:16,31.292719999999999,121.49603,cloudy
338,2,6,00:15:23,31.197329,121.444918,cloudy
120,2,6,00:17:00,31.196870803833008,121.44482421875,cloudy
394,2,6,00:17:40,31.293206999999999,121.49510600000001,cloudy
398,2,6,00:18:15,31.193300000000001,121.5945,cloudy
120,2,6,00:18:57,31.196863174438477,121.44479370117188,cloudy
13,2,6,00:19:46,31.197009999999999,121.44499999999999,cloudy
217,2,6,00:20:54,31.291696000000002,121.49698600000001,cloudy
226,2,6,00:21:59,31.302422,121.493123,cloudy
137,2,6,00:23:07,31.291179,121.498323,cloudy
120,2,6,00:24:03,31.196866989135746,121.44478607177734,cloudy
120,2,6,00:24:10,31.196861267089844,121.44480133056641,cloudy
120,2,6,00:24:35,31.196874618530273,121.44482421875,cloudy
320,2,6,00:24:39,31.293210999999999,121.495656,cloudy
229,2,6,00:29:44,31.302680969238281,121.50408935546876,cloudy
229,2,6,00:30:59,31.302608489990231,121.50408935546876,cloudy
252,2,6,00:31:36,31.232105255126953,121.40975189208984,cloudy
78,2,6,00:31:53,31.300440999999999,121.501761,cloudy
252,2,6,00:32:23,31.23211669921875,121.40969085693359,cloudy
149,2,6,00:32:41,31.196844100952148,121.44463348388672,cloudy
341,2,6,00:35:02,31.301819999999999,121.49427,cloudy
197,2,6,00:35:53,31.292659759521484,121.49650573730467,cloudy
197,2,6,00:36:16,31.292638778686523,121.49651336669922,cloudy
65,2,6,00:39:07,31.198578000000001,121.44526500000001,cloudy
446,2,6,00:42:30,31.193206787109375,121.59017944335938,cloudy
248,2,6,01:12:24,31.192468999999999,121.587795,cloudy
248,2,6,01:13:09,31.192471999999999,121.58781,cloudy
179,2,6,01:27:40,31.192319869995117,121.58765411376952,cloudy
278,2,6,02:07:56,31.303634643554688,121.5049285888672,cloudy
278,2,6,02:08:18,31.3035888671875,121.50494384765624,cloudy
36,2,6,02:17:23,31.302789688110352,121.50325775146484,cloudy
320,2,6,03:54:04,31.293361999999998,121.495679,cloudy
417,2,6,04:10:06,31.300287246704102,121.50183868408205,cloudy
417,2,6,04:10:28,31.300310134887695,121.50180816650391,cloudy
361,2,6,06:43:42,31.302341999999999,121.49185300000001,sunny
115,2,6,06:50:09,31.296446,121.50774800000001,sunny
217,2,6,06:53:46,31.291692999999999,121.49698100000001,sunny
217,2,6,06:54:09,31.291692999999999,121.49698100000001,sunny
217,2,6,06:54:14,31.291739,121.49693000000001,sunny
217,2,6,06:54:23,31.291739,121.49693000000001,sunny
65,2,6,06:58:42,31.198623999999999,121.445104,sunny
126,2,6,07:02:33,31.19699,121.44450000000001,sunny
341,2,6,07:08:40,31.299766999999999,121.49876399999999,sunny
293,2,6,07:12:30,31.192464999999999,121.587948,sunny
120,2,6,07:27:30,31.196868896484375,121.44481658935548,sunny
239,2,6,07:36:54,31.333272000000001,121.49185799999999,sunny
213,2,6,07:39:05,31.298221000000002,121.498417,sunny
213,2,6,07:40:12,31.298221000000002,121.498417,sunny
213,2,6,07:40:48,31.298221000000002,121.498417,sunny
375,2,6,07:51:33,31.192549,121.5878,sunny
461,2,6,07:59:34,31.11795,121.174508,sunny
410,2,6,07:59:35,31.299630000000001,121.49933,sunny
461,2,6,08:00:30,31.11795,121.174508,sunny
461,2,6,08:01:02,31.11795,121.174508,sunny
98,2,6,08:09:03,31.197310000000002,121.444766,sunny
179,2,6,08:10:04,31.192291259765625,121.58751678466795,sunny
120,2,6,08:13:31,31.196868896484375,121.44481658935548,sunny
120,2,6,08:13:35,31.196872711181641,121.44483184814452,sunny
120,2,6,08:13:36,31.196872711181641,121.44483184814452,sunny
120,2,6,08:14:02,31.196870803833008,121.44482421875,sunny
432,2,6,08:15:49,31.293838000000001,121.495834,sunny
229,2,6,08:16:06,31.302658081054688,121.50414276123048,sunny
432,2,6,08:16:20,31.293899,121.49577499999999,sunny
266,2,6,08:34:53,31.192599999999999,121.5878,sunny
82,2,6,08:42:10,31.302806854248047,121.50578308105467,sunny
82,2,6,08:42:10,31.302806854248047,121.50578308105467,sunny
189,2,6,08:53:47,31.292887,121.496893,sunny
337,2,6,09:17:08,31.300836563110352,121.49692535400391,sunny
337,2,6,09:17:13,31.300863265991211,121.49709320068359,sunny
337,2,6,09:17:13,31.300863265991211,121.49709320068359,sunny
285,2,6,09:18:50,31.303135999999999,121.49417099999999,sunny
320,2,6,09:19:17,31.293341000000002,121.495644,sunny
285,2,6,09:19:30,31.303149999999999,121.494202,sunny
220,2,6,09:26:02,31.193096000000001,121.594154,sunny
137,2,6,09:37:28,31.301086000000002,121.499973,sunny
98,2,6,09:43:59,31.197265000000002,121.444678,sunny
115,2,6,09:44:31,31.301134999999999,121.500299,sunny
115,2,6,09:44:34,31.301134999999999,121.500299,sunny
217,2,6,09:45:41,31.298221000000002,121.498417,sunny
11,2,6,09:49:08,31.193954467773441,121.59434509277344,sunny
237,2,6,09:50:42,31.194641000000001,121.596704,sunny
237,2,6,09:50:43,31.194641000000001,121.596704,sunny
237,2,6,09:51:04,31.194641000000001,121.596704,sunny
307,2,6,09:59:33,31.291933059692383,121.50565338134766,sunny
307,2,6,09:59:34,31.291933059692383,121.50565338134766,sunny
307,2,6,10:00:17,31.291933059692383,121.50565338134766,sunny
307,2,6,10:00:17,31.291933059692383,121.50565338134766,sunny
3,2,6,10:02:45,31.192352294921875,121.58756256103516,sunny
169,2,6,10:16:33,31.274439999999998,121.44889999999999,sunny
180,2,6,10:16:49,31.193926000000001,121.58973,sunny
227,2,6,10:18:03,31.265141,121.52734599999999,sunny
219,2,6,10:32:27,31.191208,121.59372999999999,sunny
405,2,6,10:38:49,31.29302978515625,121.49436187744141,sunny
213,2,6,10:42:00,31.300366,121.501704,sunny
115,2,6,10:48:24,31.301134999999999,121.500299,sunny
74,2,6,10:56:32,31.411407470703125,121.48029327392578,sunny
300,2,6,11:04:10,31.301668167114254,121.50007629394533,sunny
127,2,6,11:04:21,31.197317123413089,121.44384765625,sunny
127,2,6,11:04:22,31.197317123413089,121.44384765625,sunny
378,2,6,11:12:50,31.299630000000001,121.49933,sunny
120,2,6,11:13:17,31.197364807128903,121.44461059570312,sunny
134,2,6,11:13:22,31.193984985351559,121.59432983398438,cloudy
120,2,6,11:13:42,31.197366714477539,121.44459533691406,sunny
245,2,6,11:13:58,31.206649780273441,121.45456695556641,sunny
134,2,6,11:14:03,31.19401741027832,121.59435272216795,cloudy
229,2,6,11:15:10,31.302726745605469,121.50408172607422,sunny
229,2,6,11:15:11,31.302726745605469,121.50408172607422,sunny
243,2,6,11:15:29,31.329882999999999,121.44396399999999,cloudy
78,2,6,11:15:35,31.301921,121.500028,sunny
359,2,6,11:15:43,31.301753000000001,121.499961,sunny
359,2,6,11:15:46,31.301753000000001,121.499961,sunny
103,2,6,11:16:15,31.196946000000001,121.44452800000001,sunny
429,2,6,11:16:49,31.298642000000001,121.49672099999999,sunny
118,2,6,11:18:14,31.193349999999999,121.593834,cloudy
118,2,6,11:19:10,31.193349999999999,121.593834,cloudy
215,2,6,11:25:34,31.197137832641602,121.44410705566406,sunny
341,2,6,11:30:28,31.192513999999999,121.592636,cloudy
341,2,6,11:30:39,31.192513999999999,121.592636,cloudy
229,2,6,11:31:02,31.302648544311523,121.50411224365234,sunny
253,2,6,11:32:16,31.301839999999999,121.4915,sunny
269,2,6,11:37:55,31.177682999999998,121.594154,cloudy
129,2,6,11:38:08,31.197081000000001,121.445179,sunny
7,2,6,11:38:18,31.191299438476559,121.59587860107422,cloudy
7,2,6,11:38:36,31.191287994384769,121.5959014892578,cloudy
377,2,6,11:43:47,31.193124999999998,121.593315,cloudy
115,2,6,11:50:37,31.301984999999998,121.506382,sunny
313,2,6,11:50:53,31.299313000000001,121.50078600000001,sunny
217,2,6,11:56:13,31.303104000000001,121.50258100000001,sunny
435,2,6,11:56:31,31.244606999999998,121.547854,cloudy
217,2,6,11:56:38,31.302985,121.50211400000001,sunny
460,2,6,11:56:56,31.302831999999999,121.50414600000001,sunny
140,2,6,11:57:11,31.301759000000001,121.50008,sunny
7,2,6,12:12:38,31.192955017089844,121.59291076660156,sunny
316,2,6,12:15:30,31.192054748535156,121.59101104736328,sunny
444,2,6,12:24:30,31.297011000000001,121.50305299999999,sunny
147,2,6,12:37:14,31.294806999999999,121.49761100000001,sunny
366,2,6,12:41:46,31.338424,121.50030700000001,sunny
320,2,6,13:10:42,31.293379999999999,121.495678,sunny
166,2,6,13:17:47,31.300608,121.49689100000001,sunny
157,2,6,13:52:12,31.293874740600582,121.49795532226562,sunny
66,2,6,14:03:02,31.193138000000001,121.594083,sunny
435,2,6,14:03:32,31.244606999999998,121.547854,sunny
435,2,6,14:04:06,31.244606999999998,121.547854,sunny
435,2,6,14:04:07,31.244606999999998,121.547854,sunny
435,2,6,14:04:07,31.244606999999998,121.547854,sunny
435,2,6,14:04:07,31.244606999999998,121.547854,sunny
435,2,6,14:05:57,31.244318,121.54731200000001,sunny
303,2,6,14:23:43,31.299459457397461,121.49983978271484,sunny
378,2,6,14:24:14,31.301770999999999,121.50036799999999,sunny
303,2,6,14:24:42,31.299430847167969,121.49972534179688,sunny
316,2,6,14:39:10,31.193321228027344,121.59457397460938,sunny
316,2,6,14:40:22,31.192975997924805,121.5948486328125,sunny
316,2,6,14:40:54,31.193187713623047,121.59449768066406,sunny
316,2,6,14:40:55,31.19318962097168,121.59463500976562,sunny
36,2,6,14:46:31,31.302804946899418,121.50328826904295,sunny
181,2,6,14:52:08,31.302379999999999,121.5043,sunny
74,2,6,15:03:36,31.411434173583984,121.48015594482422,sunny
128,2,6,15:09:10,31.195710999999999,121.45074,sunny
140,2,6,15:20:55,31.29935,121.499675,sunny
354,2,6,15:22:45,31.299344000000001,121.49967100000001,sunny
242,2,6,15:31:07,31.294551999999999,121.495755,sunny
242,2,6,15:31:08,31.294551999999999,121.495755,sunny
138,2,6,15:34:15,31.297986999999999,121.50099299999999,sunny
171,2,6,15:36:45,31.298221999999999,121.501446,sunny
171,2,6,15:36:47,31.298221999999999,121.501446,sunny
458,2,6,15:42:15,31.298221000000002,121.498417,sunny
226,2,6,15:51:16,31.30086,121.500275,sunny
229,2,6,15:56:19,31.302648544311523,121.50411224365234,sunny
229,2,6,15:59:05,31.302652359008789,121.50416564941406,sunny
430,2,6,16:20:40,31.193874359130859,121.59296417236328,sunny
430,2,6,16:20:50,31.193822860717773,121.59265899658205,sunny
439,2,6,16:26:56,31.295362000000001,121.497816,sunny
158,2,6,16:28:12,31.192992,121.59414599999999,sunny
158,2,6,16:28:17,31.192992,121.59414599999999,sunny
450,2,6,16:28:55,31.192155,121.592499,sunny
450,2,6,16:29:20,31.192155,121.592499,sunny
115,2,6,16:30:49,31.292285,121.496999,sunny
115,2,6,16:30:52,31.292285,121.496999,sunny
172,2,6,16:31:49,31.192599999999999,121.5928,sunny
431,2,6,16:33:07,31.298221000000002,121.498417,sunny
310,2,6,16:35:28,31.301731109619141,121.49994659423828,sunny
310,2,6,16:36:38,31.301752090454102,121.49996185302734,sunny
310,2,6,16:37:08,31.30174446105957,121.49994659423828,sunny
22,2,6,16:42:55,31.294963836669918,121.49802398681641,sunny
452,2,6,16:44:01,31.294979095458984,121.49784088134766,sunny
296,2,6,16:44:39,31.302810668945312,121.50408172607422,sunny
342,2,6,16:46:04,31.17736,121.5925,sunny
100,2,6,16:46:15,31.298604999999998,121.50063400000001,sunny
100,2,6,16:46:58,31.298604999999998,121.50063400000001,sunny
380,2,6,16:51:24,31.197369999999999,121.44519200000001,sunny
237,2,6,16:52:54,31.192212000000001,121.59256000000001,sunny
237,2,6,16:52:54,31.192212000000001,121.59256000000001,sunny
237,2,6,16:52:58,31.192212000000001,121.59256000000001,sunny
237,2,6,16:53:05,31.192212000000001,121.59256000000001,sunny
237,2,6,16:53:13,31.192212000000001,121.59256000000001,sunny
435,2,6,16:54:45,31.245308000000001,121.552708,sunny
430,2,6,16:56:15,31.194005966186523,121.59284973144533,sunny
430,2,6,16:56:17,31.194005966186523,121.59284973144533,sunny
248,2,6,16:56:20,31.192112999999999,121.59309399999999,sunny
163,2,6,16:58:01,31.292490000000001,121.49670399999999,sunny
163,2,6,16:58:17,31.292490000000001,121.49670399999999,sunny
163,2,6,16:58:39,31.292490000000001,121.49670399999999,sunny
163,2,6,16:58:57,31.292490000000001,121.49670399999999,sunny
163,2,6,16:59:11,31.292490000000001,121.49670399999999,sunny
117,2,6,16:59:23,31.299126999999999,121.499227,sunny
12,2,6,17:01:48,31.300103,121.498626,sunny
120,2,6,17:02:21,31.197490692138672,121.44517517089844,sunny
120,2,6,17:02:26,31.197490692138672,121.44517517089844,sunny
120,2,6,17:02:28,31.197441101074219,121.4451141357422,sunny
226,2,6,17:05:55,31.307416,121.493807,sunny
149,2,6,17:08:24,31.210935592651367,121.4724578857422,sunny
186,2,6,17:08:25,31.385335922241211,121.44084930419922,sunny
15,2,6,17:12:04,31.200526,121.585195,sunny
12,2,6,17:12:18,31.300108000000002,121.49861900000001,sunny
76,2,6,17:15:49,31.296751,121.49969900000001,sunny
432,2,6,17:18:35,31.300732,121.498575,sunny
12,2,6,17:21:17,31.299831000000001,121.499483,sunny
399,2,6,17:22:11,31.297069,121.499537,sunny
73,2,6,17:26:35,31.191814999999998,121.592922,sunny
261,2,6,17:26:56,31.29364,121.495544,sunny
12,2,6,17:29:17,31.299858,121.49947899999999,sunny
217,2,6,17:32:36,31.273852999999999,121.473259,sunny
232,2,6,17:34:45,31.194496999999998,121.589558,sunny
232,2,6,17:34:47,31.194496999999998,121.589558,sunny
3,2,6,17:39:05,31.191841125488281,121.59087371826172,sunny
387,2,6,17:39:54,31.195965000000001,121.44622,sunny
332,2,6,17:45:30,31.299346,121.499674,sunny
192,2,6,17:52:31,31.19172,121.59274000000001,sunny
326,2,6,18:08:41,31.193309783935547,121.59420776367188,sunny
147,2,6,18:10:17,31.301649000000001,121.50040799999999,sunny
255,2,6,18:12:06,31.302078000000002,121.501349,sunny
250,2,6,18:14:43,31.235273361206055,121.46759033203124,sunny
219,2,6,18:14:50,31.193944999999999,121.592705,sunny
446,2,6,18:15:03,31.207836151123047,121.5975341796875,sunny
446,2,6,18:15:07,31.207605361938477,121.59735107421876,sunny
138,2,6,18:15:28,31.268394000000001,121.457759,sunny
22,2,6,18:18:03,31.294897079467773,121.4980010986328,sunny
217,2,6,18:21:48,31.296500000000002,121.503,sunny
217,2,6,18:22:30,31.296396000000001,121.503057,sunny
231,2,6,18:25:22,31.303146000000002,121.50197,sunny
201,2,6,18:26:51,31.293257000000001,121.49467799999999,sunny
201,2,6,18:26:52,31.293257000000001,121.49467799999999,sunny
53,2,6,18:27:05,31.300370000000001,121.500058,sunny
42,2,6,18:27:06,31.119438171386719,121.57709503173828,sunny
201,2,6,18:27:07,31.293257000000001,121.49467799999999,sunny
42,2,6,18:27:33,31.119451522827148,121.5771026611328,sunny
255,2,6,18:29:38,31.301915999999999,121.501636,sunny
179,2,6,18:30:02,31.193729400634769,121.59242248535156,sunny
179,2,6,18:30:56,31.193719863891602,121.59243774414062,sunny
171,2,6,18:31:16,31.302882,121.498717,sunny
171,2,6,18:31:54,31.302882,121.498717,sunny
179,2,6,18:32:10,31.193635940551761,121.59264373779295,sunny
179,2,6,18:33:04,31.1937255859375,121.59246826171876,sunny
179,2,6,18:33:55,31.193748474121097,121.59267425537109,sunny
334,2,6,18:35:39,31.299422,121.499623,sunny
201,2,6,18:35:54,31.293251000000001,121.49467799999999,sunny
171,2,6,18:35:58,31.302882,121.498717,sunny
171,2,6,18:37:00,31.302882,121.498717,sunny
201,2,6,18:37:15,31.293274,121.494676,sunny
12,2,6,18:37:59,31.241699000000001,121.45905,sunny
449,2,6,18:38:13,31.191942000000001,121.59098,sunny
100,2,6,18:38:43,31.301205,121.492306,sunny
201,2,6,18:39:44,31.293265999999999,121.494685,sunny
37,2,6,18:39:49,31.292800903320312,121.4951629638672,sunny
219,2,6,18:40:04,31.193940000000001,121.592705,sunny
449,2,6,18:40:06,31.192170999999998,121.592445,sunny
171,2,6,18:40:06,31.302882,121.498717,sunny
115,2,6,18:41:24,31.290557,121.501966,sunny
418,2,6,18:41:26,31.299925000000002,121.499357,sunny
418,2,6,18:41:26,31.299925000000002,121.499357,sunny
201,2,6,18:41:28,31.293274,121.494676,sunny
275,2,6,18:41:34,31.299479999999999,121.498867,sunny
255,2,6,18:41:51,31.301953999999999,121.50153899999999,sunny
99,2,6,18:42:13,31.024347305297852,121.43772888183594,sunny
171,2,6,18:42:19,31.302882,121.498717,sunny
201,2,6,18:42:26,31.293268000000001,121.494676,sunny
201,2,6,18:42:27,31.293268000000001,121.494676,sunny
201,2,6,18:42:29,31.293268000000001,121.494676,sunny
201,2,6,18:42:31,31.293268000000001,121.494676,sunny
174,2,6,18:42:39,31.289724349975582,121.2171630859375,sunny
255,2,6,18:42:49,31.302092999999999,121.501323,sunny
174,2,6,18:42:50,31.28973388671875,121.21714019775391,sunny
171,2,6,18:42:59,31.302882,121.498717,sunny
171,2,6,18:43:01,31.302882,121.498717,sunny
300,2,6,18:43:09,31.301836013793945,121.5000457763672,sunny
121,2,6,18:43:25,31.058537999999999,121.194996,overcast
239,2,6,18:43:35,31.337781,121.49973199999999,sunny
431,2,6,18:43:35,31.2988,121.501552,sunny
201,2,6,18:43:51,31.293272000000002,121.494685,sunny
363,2,6,18:43:52,31.292190000000002,121.4969,sunny
363,2,6,18:44:03,31.292190000000002,121.4969,sunny
239,2,6,18:44:18,31.337553,121.499244,sunny
255,2,6,18:44:43,31.302067999999998,121.501192,sunny
363,2,6,18:44:48,31.29205,121.497,sunny
171,2,6,18:45:13,31.302882,121.498717,sunny
450,2,6,18:47:52,31.192636,121.592416,sunny
338,2,6,18:48:49,31.197329,121.444918,sunny
450,2,6,18:50:11,31.192684,121.592552,sunny
338,2,6,18:50:31,31.197329,121.444918,sunny
450,2,6,18:51:05,31.192639,121.59244,sunny
450,2,6,18:52:09,31.192636,121.592426,sunny
307,2,6,18:52:20,31.299526214599609,121.49996185302734,sunny
307,2,6,18:52:20,31.299526214599609,121.49996185302734,sunny
12,2,6,18:53:35,31.231853000000001,121.462575,sunny
84,2,6,18:56:28,31.2989,121.50101600000001,sunny
84,2,6,18:56:48,31.2989,121.50101600000001,sunny
288,2,6,18:57:22,31.274749755859375,121.52748870849609,sunny
242,2,6,19:08:17,31.294643402099609,121.49576568603516,sunny
242,2,6,19:08:18,31.294643402099609,121.49576568603516,sunny
291,2,6,19:13:44,31.192802,121.592961,sunny
382,2,6,19:13:44,31.303733999999999,121.49113,sunny
389,2,6,19:13:48,31.196953000000001,121.444519,sunny
382,2,6,19:13:54,31.303736000000001,121.49113,sunny
237,2,6,19:13:58,31.192152,121.59249699999999,sunny
382,2,6,19:14:07,31.303736000000001,121.49113,sunny
389,2,6,19:14:16,31.196933999999999,121.44452,sunny
379,2,6,19:16:08,31.155136108398441,121.11934661865234,sunny
430,2,6,19:17:48,31.194107055664062,121.59308624267578,sunny
430,2,6,19:18:00,31.193883895874023,121.5927734375,sunny
430,2,6,19:18:02,31.193904876708984,121.59271240234376,sunny
430,2,6,19:19:50,31.193897247314453,121.59268188476562,sunny
430,2,6,19:19:50,31.193910598754883,121.59295654296876,sunny
430,2,6,19:19:50,31.193910598754883,121.59296417236328,sunny
430,2,6,19:20:30,31.193658828735352,121.59271240234376,sunny
430,2,6,19:20:30,31.193658828735352,121.59271240234376,sunny
430,2,6,19:20:32,31.193658828735352,121.59271240234376,sunny
430,2,6,19:22:40,31.193782806396484,121.59294891357422,sunny
430,2,6,19:27:26,31.193843841552734,121.59291076660156,sunny
430,2,6,19:27:35,31.193634033203125,121.59273529052734,sunny
430,2,6,19:27:53,31.193767547607425,121.59265899658205,sunny
163,2,6,19:43:48,31.292535999999998,121.4965,sunny
163,2,6,19:43:59,31.292535999999998,121.4965,sunny
227,2,6,19:55:46,31.265215999999999,121.527345,sunny
320,2,6,19:56:03,31.293412,121.49567999999999,sunny
408,2,6,20:37:00,31.197875,121.585587,sunny
408,2,6,20:37:09,31.197875,121.585587,sunny
408,2,6,20:39:51,31.197875,121.585587,sunny
192,2,6,20:51:03,31.208760999999999,121.59850299999999,sunny
59,2,6,20:54:34,31.194021224975582,121.5928192138672,sunny
341,2,6,21:00:56,31.189001000000001,121.58341,sunny
36,2,6,21:03:56,31.302995681762695,121.50295257568359,sunny
220,2,6,21:16:34,31.192955000000001,121.59,sunny
320,2,6,21:31:02,31.293371,121.495603,sunny
96,2,6,21:39:18,31.292646000000001,121.49562299999999,sunny
120,2,6,22:55:51,31.197345733642575,121.44470977783205,sunny
202,2,6,22:57:06,31.194694999999999,121.58698,sunny
120,2,6,22:57:53,31.197389602661133,121.44467926025391,sunny
316,2,6,22:58:14,31.192337036132812,121.58750152587891,sunny
137,2,6,23:07:53,31.291181999999999,121.498324,sunny
328,2,6,23:16:23,31.281956000000001,121.51129,cloudy
307,2,6,23:23:00,31.300172805786133,121.50020599365234,cloudy
380,2,6,23:43:13,31.197391,121.445025,cloudy
57,3,7,00:08:38,31.196895599365231,121.44478607177734,cloudy
430,3,7,00:15:36,31.192544937133789,121.58805847167967,foggy
430,3,7,00:15:38,31.192546844482425,121.58805084228516,foggy
63,3,7,00:16:12,31.33311653137207,121.49166870117188,cloudy
375,3,7,00:17:06,31.191799,121.58714999999999,foggy
311,3,7,00:19:05,31.197467803955082,121.44485473632812,cloudy
115,3,7,00:19:51,31.291385999999999,121.502522,cloudy
375,3,7,00:20:00,31.191600000000001,121.5873,foggy
115,3,7,00:21:04,31.291385999999999,121.502522,cloudy
320,3,7,00:22:01,31.293361999999998,121.495625,cloudy
120,3,7,00:26:04,31.196872711181641,121.44482421875,cloudy
120,3,7,00:26:21,31.196870803833008,121.44481658935548,cloudy
120,3,7,00:26:25,31.196874618530273,121.44482421875,cloudy
120,3,7,00:26:27,31.196874618530273,121.44482421875,cloudy
120,3,7,00:26:43,31.196874618530273,121.44482421875,cloudy
75,3,7,01:00:41,31.265325546264648,121.3375244140625,cloudy
75,3,7,01:00:44,31.265325546264648,121.3375244140625,cloudy
58,3,7,01:32:31,31.197017669677734,121.44480133056641,cloudy
58,3,7,01:32:38,31.197107315063477,121.44486236572266,cloudy
88,3,7,01:50:48,31.193878000000002,121.590383,foggy
88,3,7,01:50:58,31.193878000000002,121.590383,foggy
116,3,7,02:51:44,31.193131000000001,121.58768499999999,foggy
116,3,7,02:52:11,31.193131000000001,121.58768499999999,foggy
220,3,7,03:01:41,31.198048,121.59113000000001,foggy
320,3,7,05:17:27,31.293372000000002,121.495654,cloudy
12,3,7,07:06:37,31.192485999999999,121.58782100000001,foggy
185,3,7,07:19:17,31.192727000000001,121.58826000000001,cloudy
274,3,7,07:26:54,31.192767,121.588612,cloudy
403,3,7,07:29:25,31.179607000000001,121.59381999999999,cloudy
222,3,7,07:32:35,31.298870000000001,121.502014,cloudy
124,3,7,08:07:38,31.19744873046875,121.44471740722656,cloudy
85,3,7,08:22:05,31.297471000000002,121.500803,cloudy
85,3,7,08:22:08,31.297471000000002,121.500803,cloudy
14,3,7,08:45:41,31.196566000000001,121.44858000000001,cloudy
76,3,7,08:54:27,31.296405,121.50168499999999,cloudy
76,3,7,08:54:27,31.296405,121.50168499999999,cloudy
76,3,7,08:55:20,31.296707999999999,121.50119100000001,cloudy
375,3,7,09:01:47,31.191831000000001,121.58714500000001,cloudy
320,3,7,09:17:14,31.293334999999999,121.495614,cloudy
320,3,7,09:18:01,31.293341999999999,121.49561799999999,cloudy
115,3,7,09:19:02,31.296446,121.507749,cloudy
115,3,7,09:19:18,31.296446,121.507749,cloudy
222,3,7,09:20:53,31.299645000000002,121.49932699999999,cloudy
222,3,7,09:20:53,31.299645000000002,121.49932699999999,cloudy
86,3,7,09:21:23,31.270447000000001,121.538961,cloudy
418,3,7,09:26:03,31.299531000000002,121.499534,cloudy
96,3,7,09:43:54,31.292646000000001,121.49562299999999,cloudy
96,3,7,09:45:12,31.292646000000001,121.49562299999999,cloudy
420,3,7,09:49:10,31.292722702026367,121.49542999267578,cloudy
461,3,7,09:51:02,31.117899999999999,121.1746,sunny
461,3,7,09:51:03,31.117899999999999,121.1746,sunny
126,3,7,09:57:34,31.19688,121.44450000000001,cloudy
430,3,7,10:01:17,31.192544937133789,121.5880889892578,cloudy
286,3,7,10:04:48,31.292686,121.495605,cloudy
463,3,7,10:05:39,31.192277908325195,121.58749389648438,cloudy
55,3,7,10:10:11,31.191866999999998,121.59284,cloudy
442,3,7,10:49:51,31.303250999999999,121.49397999999999,cloudy
120,3,7,10:51:27,31.196870803833008,121.44480895996094,cloudy
120,3,7,10:51:34,31.196870803833008,121.44480895996094,cloudy
12,3,7,10:51:57,31.293893000000001,121.49838099999999,cloudy
120,3,7,10:52:00,31.196866989135746,121.44482421875,cloudy
3,3,7,11:13:21,31.192359924316406,121.58755493164062,cloudy
182,3,7,11:14:37,31.192295999999999,121.588263,cloudy
137,3,7,11:15:02,31.291181999999999,121.498324,cloudy
111,3,7,11:20:24,31.201108000000001,121.403075,cloudy
20,3,7,11:24:53,31.302381,121.492948,cloudy
49,3,7,11:29:32,31.192897796630859,121.58976745605467,cloudy
213,3,7,11:43:47,31.300374000000001,121.50172499999999,cloudy
83,3,7,11:48:00,31.192140579223633,121.59081268310548,cloudy
74,3,7,12:05:33,31.294256210327148,121.50225830078124,cloudy
115,3,7,12:22:55,31.291385999999999,121.502522,cloudy
115,3,7,12:23:15,31.284414000000002,121.493838,cloudy
430,3,7,12:32:13,31.193866729736328,121.59275054931641,cloudy
149,3,7,12:50:31,31.197511672973633,121.44352722167967,cloudy
149,3,7,12:50:39,31.197509765625,121.44352722167967,cloudy
262,3,7,12:50:48,31.29288,121.4948,cloudy
12,3,7,12:59:35,31.299382000000001,121.499803,cloudy
46,3,7,13:00:07,31.303115999999999,121.502337,cloudy
416,3,7,13:30:51,31.304030000000001,121.49233,cloudy
120,3,7,13:57:12,31.194379806518555,121.43449401855467,cloudy
3,3,7,14:12:59,31.192344665527344,121.58759307861328,cloudy
259,3,7,14:18:28,30.777989000000002,121.159829,cloudy
452,3,7,14:23:43,31.302831649780273,121.51394653320312,cloudy
83,3,7,14:37:04,31.192972183227539,121.59360504150391,cloudy
118,3,7,14:45:21,31.192450999999998,121.58788,cloudy
373,3,7,14:48:00,31.296972,121.499898,cloudy
115,3,7,14:52:33,31.291385999999999,121.502522,cloudy
115,3,7,14:52:46,31.291385999999999,121.502522,cloudy
115,3,7,14:53:37,31.291385999999999,121.502522,cloudy
382,3,7,14:56:27,31.304361,121.491135,cloudy
288,3,7,15:00:20,31.306587219238281,120.62970733642578,cloudy
288,3,7,15:00:46,31.306629180908203,120.62961578369141,cloudy
229,3,7,15:03:45,31.29498291015625,121.49918365478516,cloudy
229,3,7,15:03:47,31.294992446899418,121.49918365478516,cloudy
229,3,7,15:03:49,31.294994354248047,121.49919128417967,cloudy
229,3,7,15:03:53,31.294992446899418,121.49918365478516,cloudy
229,3,7,15:03:53,31.294992446899418,121.49918365478516,cloudy
288,3,7,15:06:51,31.306604385375977,120.62969207763672,cloudy
31,3,7,15:08:11,31.191006999999999,121.59688300000001,cloudy
462,3,7,15:18:32,31.30818,121.5061,cloudy
158,3,7,15:20:07,31.191511999999999,121.59089299999999,cloudy
158,3,7,15:20:08,31.191006999999999,121.59688300000001,cloudy
288,3,7,15:22:45,31.306600570678711,120.62964630126952,cloudy
288,3,7,15:23:16,31.306669235229492,120.62964630126952,cloudy
288,3,7,15:23:40,31.30657958984375,120.62963104248048,cloudy
172,3,7,15:31:31,31.192499999999999,121.5878,cloudy
320,3,7,15:51:29,31.293368000000001,121.495667,cloudy
278,3,7,15:52:39,31.303646087646484,121.50490570068359,cloudy
278,3,7,15:52:39,31.303646087646484,121.50490570068359,cloudy
278,3,7,15:52:40,31.303646087646484,121.50490570068359,cloudy
117,3,7,15:55:06,31.297367000000001,121.500946,cloudy
394,3,7,15:56:27,31.295407000000001,121.502888,cloudy
394,3,7,15:56:27,31.295407000000001,121.502888,cloudy
122,3,7,15:56:35,31.192201614379883,121.58746337890624,cloudy
446,3,7,15:56:40,31.19819450378418,121.58554840087891,cloudy
394,3,7,15:56:43,31.295407000000001,121.502888,cloudy
410,3,7,15:57:52,31.234643999999999,121.473372,cloudy
149,3,7,15:57:54,31.19725227355957,121.44461059570312,cloudy
230,3,7,15:58:02,31.293735000000002,121.49772900000001,cloudy
120,3,7,16:00:23,31.196868896484375,121.44480133056641,cloudy
171,3,7,16:02:07,31.192746,121.592912,cloudy
63,3,7,16:02:08,31.333066940307617,121.49172973632812,cloudy
63,3,7,16:02:41,31.333074569702148,121.49175262451172,cloudy
80,3,7,16:02:52,31.192470550537109,121.59296417236328,cloudy
63,3,7,16:03:01,31.333066940307617,121.49169158935548,cloudy
315,3,7,16:04:19,31.293458000000001,121.495728,cloudy
253,3,7,16:06:06,31.30181,121.4915,cloudy
63,3,7,16:06:42,31.33305549621582,121.49179840087891,cloudy
237,3,7,16:06:47,31.191590000000001,121.596276,cloudy
237,3,7,16:07:04,31.191590000000001,121.596276,cloudy
237,3,7,16:07:08,31.191590000000001,121.596276,cloudy
289,3,7,16:12:45,31.197875,121.585587,cloudy
36,3,7,16:13:39,31.302845001220703,121.50335693359376,cloudy
155,3,7,16:15:56,31.270193099975582,121.44483947753906,cloudy
30,3,7,16:17:04,31.298217999999999,121.498355,cloudy
274,3,7,16:17:38,31.192274000000001,121.59293,cloudy
375,3,7,16:19:45,31.191800000000001,121.58714999999999,cloudy
269,3,7,16:26:11,31.193131999999999,121.593576,cloudy
435,3,7,16:29:59,30.815588000000002,121.44546099999999,cloudy
435,3,7,16:30:00,30.815588000000002,121.44546099999999,cloudy
463,3,7,16:31:31,31.192314147949219,121.58750915527344,cloudy
463,3,7,16:31:33,31.192266464233398,121.58749389648438,cloudy
463,3,7,16:32:00,31.192264556884769,121.58749389648438,cloudy
78,3,7,16:33:06,31.300839,121.503933,cloudy
78,3,7,16:33:13,31.300839,121.503933,cloudy
318,3,7,16:36:18,31.297739028930664,121.50006866455078,cloudy
319,3,7,16:36:39,31.142263412475582,121.38922882080078,cloudy
265,3,7,16:42:07,31.303192138671875,121.49394989013672,cloudy
166,3,7,16:46:24,31.294917999999999,121.495605,cloudy
115,3,7,17:07:07,31.292352999999999,121.49410399999999,cloudy
115,3,7,17:07:48,31.291385999999999,121.502522,cloudy
229,3,7,17:07:49,31.294944763183594,121.49921417236328,cloudy
229,3,7,17:08:24,31.29486083984375,121.49928283691406,cloudy
229,3,7,17:08:24,31.29486083984375,121.49928283691406,cloudy
229,3,7,17:08:25,31.29486083984375,121.49928283691406,cloudy
229,3,7,17:08:28,31.29486083984375,121.49928283691406,cloudy
229,3,7,17:08:35,31.29486083984375,121.49928283691406,cloudy
229,3,7,17:08:36,31.29486083984375,121.49928283691406,cloudy
229,3,7,17:09:36,31.295129776000977,121.49948883056641,cloudy
229,3,7,17:09:37,31.295129776000977,121.49948883056641,cloudy
363,3,7,17:14:36,31.29888,121.50239999999999,cloudy
363,3,7,17:14:36,31.29888,121.50239999999999,cloudy
198,3,7,17:23:10,31.302574,121.50475,cloudy
198,3,7,17:23:50,31.302574,121.50475,cloudy
127,3,7,17:36:14,31.197429656982425,121.44473266601562,cloudy
171,3,7,17:49:13,31.192529,121.593743,cloudy
171,3,7,17:49:13,31.192529,121.593743,cloudy
229,3,7,17:49:42,31.294651031494141,121.49924468994141,cloudy
229,3,7,17:49:43,31.294651031494141,121.49924468994141,cloudy
359,3,7,18:03:04,31.301635000000001,121.497546,cloudy
263,3,7,18:03:05,31.195964,121.452624,cloudy
244,3,7,18:08:56,31.192627000000002,121.589786,cloudy
244,3,7,18:09:59,31.192620999999999,121.5898,cloudy
431,3,7,18:26:07,31.29851,121.50136999999999,cloudy
431,3,7,18:26:22,31.29851,121.50136999999999,cloudy
123,3,7,18:26:50,31.191631999999998,121.59504,cloudy
285,3,7,18:33:25,31.294689999999999,121.499228,cloudy
36,3,7,18:49:29,31.302780151367188,121.50330352783205,cloudy
126,3,7,18:51:37,31.197479999999999,121.44499999999999,cloudy
375,3,7,18:57:06,31.192,121.587,cloudy
321,3,7,18:57:22,31.191734,121.58707800000001,cloudy
375,3,7,18:58:26,31.191717000000001,121.587239,cloudy
463,3,7,19:23:55,31.192295074462891,121.58747100830078,cloudy
3,3,7,19:24:05,31.192316055297852,121.58750915527344,cloudy
92,3,7,19:24:51,31.197111,121.444569,cloudy
327,3,7,19:39:30,31.299997329711911,121.49986267089844,cloudy
66,3,7,19:52:15,31.193338000000001,121.593811,cloudy
235,3,7,19:54:09,31.30195426940918,121.4921417236328,cloudy
328,3,7,20:09:05,31.281939000000001,121.511314,cloudy
320,3,7,20:17:39,31.293357,121.495581,cloudy
192,3,7,20:27:54,31.192467000000001,121.58792,cloudy
346,3,7,20:48:24,31.302963999999999,121.505803,cloudy
39,3,7,20:52:31,31.193158,121.593287,cloudy
230,3,7,21:01:27,31.336551,121.49494199999999,cloudy
435,3,7,21:07:32,30.815588000000002,121.44546099999999,cloudy
331,3,7,21:19:32,31.292535781860352,121.49710083007812,cloudy
120,3,7,21:23:19,31.196865081787109,121.4447784423828,cloudy
262,3,7,21:23:43,31.292909999999999,121.4949,cloudy
123,3,7,21:24:14,31.191604999999999,121.596299,cloudy
123,3,7,21:24:37,31.191604999999999,121.596299,cloudy
307,3,7,21:25:24,31.298854827880859,121.50249481201172,cloudy
307,3,7,21:25:25,31.298851013183594,121.50250244140624,cloudy
307,3,7,21:25:26,31.298847198486328,121.50251007080078,cloudy
307,3,7,21:25:27,31.298847198486328,121.50251007080078,cloudy
307,3,7,21:25:28,31.298847198486328,121.50251007080078,cloudy
171,3,7,21:25:52,31.192678999999998,121.589871,cloudy
171,3,7,21:25:52,31.192678999999998,121.589871,cloudy
429,3,7,21:29:22,31.292949,121.496061,cloudy
86,3,7,21:32:56,31.293703000000001,121.494587,cloudy
341,3,7,21:34:41,31.298867999999999,121.502014,cloudy
307,3,7,21:36:13,31.298828125,121.50254058837891,cloudy
307,3,7,21:36:14,31.298830032348633,121.50254058837891,cloudy
267,3,7,21:39:11,31.296994000000002,121.50286,cloudy
267,3,7,21:39:49,31.296994000000002,121.50286,cloudy
95,3,7,21:40:34,31.335336000000002,121.49325399999999,cloudy
95,3,7,21:41:12,31.335274999999999,121.493202,cloudy
135,3,7,21:41:30,31.291716999999998,121.49682900000001,cloudy
42,3,7,21:41:36,31.122451782226559,121.58136749267578,cloudy
132,3,7,21:41:41,31.038160000000001,121.447317,cloudy
42,3,7,21:41:43,31.122398376464844,121.58137512207033,cloudy
292,3,7,21:42:17,31.19287109375,121.58989715576172,cloudy
292,3,7,21:47:02,31.193029403686523,121.58995819091795,cloudy
149,3,7,21:47:08,31.196844100952148,121.44461059570312,cloudy
177,3,7,21:53:15,31.197651,121.44497699999999,cloudy
177,3,7,21:53:28,31.197651,121.44497699999999,cloudy
177,3,7,21:53:48,31.197690999999999,121.444959,cloudy
201,3,7,21:54:42,31.293172999999999,121.494505,cloudy
164,3,7,21:55:40,31.299548999999999,121.500187,cloudy
120,3,7,21:56:09,31.196866989135746,121.44480133056641,cloudy
120,3,7,21:57:13,31.196866989135746,121.44479370117188,cloudy
320,3,7,22:18:26,31.293371,121.495654,cloudy
120,3,7,22:19:08,31.196870803833008,121.44480895996094,cloudy
273,3,7,22:19:57,31.197724999999998,121.444956,cloudy
115,3,7,22:24:17,31.291384000000001,121.502517,cloudy
446,3,7,22:24:36,31.192892074584961,121.5897216796875,cloudy
315,3,7,22:24:54,31.293437000000001,121.495791,cloudy
313,3,7,22:24:58,31.292736000000001,121.49605,cloudy
138,3,7,22:26:17,31.29345,121.494894,cloudy
111,3,7,22:27:45,31.192473,121.5879,cloudy
111,3,7,22:28:18,31.192471999999999,121.58788,cloudy
7,3,7,22:42:30,31.193141937255859,121.59320068359376,cloudy
7,3,7,22:43:50,31.193136215209961,121.59317779541016,cloudy
7,3,7,22:44:13,31.193136215209961,121.59317779541016,cloudy
197,3,7,22:44:17,31.292295455932617,121.49656677246094,cloudy
197,3,7,22:44:24,31.292339324951172,121.49658966064452,cloudy
377,3,7,22:48:24,31.177719,121.593452,cloudy
171,3,7,22:58:21,31.192678999999998,121.589871,cloudy
171,3,7,22:58:46,31.192678999999998,121.589871,cloudy
449,3,7,23:02:31,31.193178,121.59050999999999,cloudy
460,3,7,23:07:39,31.302892,121.503631,cloudy
460,3,7,23:09:09,31.302900000000001,121.503625,cloudy
11,3,7,23:12:14,31.192873001098633,121.58795166015624,cloudy
11,3,7,23:13:51,31.192855834960938,121.58796691894533,overcast
375,3,7,23:17:24,31.191600000000001,121.58734800000001,overcast
465,3,7,23:30:23,31.304030000000001,121.49117,overcast
121,3,7,23:31:03,31.055392999999999,121.18567400000001,overcast
121,3,7,23:31:07,31.055392999999999,121.18567400000001,overcast
78,3,7,23:33:43,31.300532,121.50169099999999,overcast
78,3,7,23:33:47,31.300532,121.50169099999999,overcast
117,3,7,23:35:55,31.294661999999999,121.497682,overcast
405,3,7,23:38:55,31.292945861816406,121.49455261230467,overcast
343,3,7,23:47:48,31.296177,121.49711000000001,overcast
120,3,7,23:52:05,31.196878433227539,121.44479370117188,overcast
120,3,7,23:52:35,31.196870803833008,121.44479370117188,overcast
307,3,7,23:54:26,31.300022125244141,121.49982452392578,overcast
3,4,1,00:04:53,31.192584991455082,121.58897399902344,overcast
463,4,1,00:05:18,31.192277908325195,121.58749389648438,overcast
359,4,1,00:07:01,31.294554999999999,121.49747499999999,overcast
115,4,1,00:07:42,31.292283000000001,121.496993,overcast
120,4,1,00:07:49,31.196866989135746,121.44479370117188,overcast
115,4,1,00:08:50,31.292283000000001,121.497005,overcast
248,4,1,00:17:30,31.278282999999998,121.47571600000001,overcast
15,4,1,00:19:11,31.198042000000001,121.591138,overcast
15,4,1,00:20:15,31.198042000000001,121.591138,overcast
375,4,1,00:20:23,31.191742999999999,121.587204,overcast
120,4,1,00:26:29,31.196868896484375,121.44481658935548,overcast
320,4,1,00:48:46,31.293299999999999,121.495722,overcast
313,4,1,00:51:03,31.292739999999998,121.496025,overcast
386,4,1,00:58:13,31.193967819213867,121.58954620361328,overcast
380,4,1,00:59:27,31.197527999999998,121.445402,overcast
380,4,1,00:59:32,31.197527999999998,121.445402,overcast
465,4,1,01:06:26,31.304026,121.49119,overcast
352,4,1,01:11:34,31.302614999999999,121.50381899999999,overcast
165,4,1,01:15:17,31.291946411132812,121.49733734130859,overcast
165,4,1,01:15:26,31.291940689086911,121.49733734130859,overcast
351,4,1,03:16:30,31.29283332824707,121.49703216552734,overcast
115,4,1,06:38:28,31.292231000000001,121.49701,overcast
289,4,1,07:05:51,31.193935,121.58942999999999,overcast
229,4,1,07:14:10,31.302776336669918,121.50426483154295,overcast
229,4,1,07:14:25,31.302719116210938,121.50418090820312,overcast
229,4,1,07:14:25,31.302719116210938,121.50418090820312,overcast
458,4,1,08:12:52,31.300077999999999,121.499793,overcast
320,4,1,08:26:06,31.301817,121.50007600000001,overcast
396,4,1,08:30:57,31.197298,121.44439800000001,overcast
455,4,1,08:31:55,31.197344000000001,121.443566,overcast
50,4,1,08:33:15,31.193801879882812,121.59410858154295,overcast
228,4,1,08:34:39,31.197445999999999,121.444074,overcast
380,4,1,08:39:42,31.198546,121.445395,overcast
22,4,1,08:42:40,31.299991607666016,121.49960327148438,overcast
3,4,1,08:42:59,31.192159652709961,121.58736419677734,overcast
418,4,1,08:46:07,31.302520999999999,121.492712,overcast
209,4,1,08:50:06,31.193901062011719,121.58949279785156,overcast
375,4,1,08:58:36,31.193352000000001,121.594341,overcast
269,4,1,09:01:44,31.178087000000001,121.594646,overcast
85,4,1,09:07:21,31.300257999999999,121.49997399999999,overcast
354,4,1,09:09:08,31.192599000000001,121.589777,overcast
432,4,1,09:11:29,31.293419,121.495745,overcast
201,4,1,09:16:56,31.298224000000001,121.49843300000001,overcast
201,4,1,09:16:57,31.298224000000001,121.49843300000001,overcast
201,4,1,09:17:01,31.298224000000001,121.49843300000001,overcast
201,4,1,09:17:45,31.298224000000001,121.49843300000001,overcast
85,4,1,09:22:43,31.300222000000002,121.499973,overcast
375,4,1,09:22:55,31.193393,121.594307,overcast
156,4,1,09:39:47,31.300153999999999,121.49974899999999,overcast
115,4,1,09:40:48,31.298224000000001,121.49843300000001,overcast
138,4,1,09:45:20,31.301755,121.49997500000001,overcast
394,4,1,09:47:30,31.301749999999998,121.500366,overcast
394,4,1,09:47:51,31.301749999999998,121.500366,overcast
380,4,1,09:59:01,31.281804000000001,121.49911400000001,overcast
140,4,1,10:09:22,31.193090000000002,121.594116,overcast
160,4,1,10:16:48,31.297664000000001,121.500164,overcast
7,4,1,10:37:01,31.193168640136719,121.59315490722656,overcast
7,4,1,10:37:30,31.193168640136719,121.59315490722656,overcast
223,4,1,10:39:35,31.297187000000001,121.499917,overcast
63,4,1,10:41:27,31.333047866821289,121.49176025390624,overcast
274,4,1,10:44:41,31.192150000000002,121.59375,overcast
320,4,1,10:49:18,31.300242000000001,121.496869,overcast
91,4,1,10:59:09,31.192413330078125,121.58760833740234,overcast
100,4,1,11:31:36,31.301247,121.505773,overcast
100,4,1,11:32:52,31.301297000000002,121.50561,overcast
100,4,1,11:33:06,31.301297000000002,121.50561,overcast
54,4,1,11:41:13,31.303246999999999,121.49283,overcast
54,4,1,11:41:15,31.303242000000001,121.49281000000001,overcast
116,4,1,11:56:05,31.193131000000001,121.58768499999999,overcast
207,4,1,11:58:30,31.299911499023441,121.5009765625,overcast
217,4,1,12:03:14,31.300367999999999,121.500153,overcast
115,4,1,12:04:23,31.291384000000001,121.502517,overcast
267,4,1,12:09:21,31.293816,121.49600599999999,overcast
267,4,1,12:09:39,31.293816,121.49600599999999,overcast
120,4,1,12:13:21,31.196866989135746,121.44481658935548,cloudy
188,4,1,12:27:22,31.301855087280273,121.50007629394533,cloudy
188,4,1,12:27:22,31.301855087280273,121.50007629394533,cloudy
434,4,1,12:37:01,31.293894000000002,121.49838099999999,cloudy
434,4,1,12:37:01,31.293894000000002,121.49838099999999,cloudy
320,4,1,12:46:11,31.293319,121.495655,cloudy
363,4,1,12:50:45,31.29853,121.50149999999999,cloudy
156,4,1,13:11:13,31.303125000000001,121.493669,cloudy
78,4,1,13:31:02,31.297241,121.49987400000001,cloudy
78,4,1,13:31:15,31.297208999999999,121.499861,cloudy
78,4,1,13:31:17,31.297208999999999,121.499861,cloudy
12,4,1,13:39:17,31.193854999999999,121.594084,cloudy
63,4,1,13:45:36,31.333045959472656,121.49177551269533,cloudy
351,4,1,13:50:53,31.292457580566406,121.49696350097656,cloudy
126,4,1,14:03:21,31.198139999999999,121.4469,cloudy
115,4,1,14:14:43,31.291384000000001,121.502517,cloudy
1,4,1,14:18:12,31.303958000000002,121.495121,cloudy
54,4,1,14:21:52,31.302986000000001,121.49401,cloudy
77,4,1,14:23:52,31.297875000000001,121.49530300000001,cloudy
438,4,1,14:26:21,31.299659999999999,121.5005,cloudy
261,4,1,14:28:12,31.302817999999998,121.49849,cloudy
261,4,1,14:28:21,31.302817999999998,121.49849,cloudy
378,4,1,14:28:46,31.293182000000002,121.504102,cloudy
382,4,1,14:29:02,31.303984,121.49106,cloudy
412,4,1,14:31:20,31.301817,121.50309,cloudy
410,4,1,14:35:28,31.304932000000001,121.505889,cloudy
111,4,1,14:37:52,31.193913999999999,121.594307,cloudy
320,4,1,14:55:43,31.293361000000001,121.49566900000001,cloudy
320,4,1,14:57:14,31.293353,121.49565800000001,cloudy
366,4,1,15:02:36,31.338429999999999,121.500297,cloudy
366,4,1,15:02:40,31.338429999999999,121.500297,cloudy
366,4,1,15:02:43,31.338429999999999,121.500297,cloudy
432,4,1,15:03:03,31.300134,121.49945200000001,cloudy
280,4,1,15:05:50,31.191713333129883,121.59304046630859,cloudy
280,4,1,15:05:55,31.191709518432617,121.59304809570312,cloudy
320,4,1,15:06:34,31.293343,121.495639,cloudy
362,4,1,15:09:32,31.302,121.50015500000001,cloudy
430,4,1,15:16:01,31.19355583190918,121.59027099609376,cloudy
179,4,1,15:19:45,31.193729400634769,121.59254455566406,cloudy
142,4,1,15:29:49,31.301721572875977,121.50003051757812,cloudy
142,4,1,15:31:49,31.301748275756836,121.5,cloudy
328,4,1,15:39:27,31.292898000000001,121.49459,cloudy
328,4,1,15:39:30,31.292899999999999,121.49459,cloudy
408,4,1,15:40:53,31.303156000000001,121.50196800000001,cloudy
408,4,1,15:40:55,31.303156000000001,121.50196800000001,cloudy
408,4,1,15:41:03,31.303156000000001,121.50196800000001,cloudy
340,4,1,15:57:46,31.193090438842773,121.59324645996094,cloudy
7,4,1,16:03:59,31.193151473999023,121.59344482421876,cloudy
156,4,1,16:22:36,31.303125000000001,121.493669,cloudy
165,4,1,16:51:00,31.299173355102539,121.50354766845705,cloudy
16,4,1,16:54:54,31.194735000000001,121.588615,cloudy
322,4,1,16:57:09,31.191773999999999,121.59297100000001,cloudy
17,4,1,17:13:32,31.227879000000001,121.54607900000001,cloudy
3,4,1,17:17:36,31.191272735595703,121.59597778320312,cloudy
3,4,1,17:17:36,31.19127082824707,121.59598541259766,cloudy
217,4,1,17:23:14,31.302064000000001,121.49173999999999,cloudy
288,4,1,17:24:19,31.274797439575195,121.52749633789062,cloudy
85,4,1,17:41:20,31.299963000000002,121.501158,cloudy
307,4,1,18:07:33,31.300075531005859,121.49985504150391,cloudy
307,4,1,18:07:58,31.300064086914062,121.49984741210938,cloudy
115,4,1,18:37:27,31.298224000000001,121.49843300000001,cloudy
120,4,1,18:37:49,31.195171356201172,121.43521881103516,cloudy
120,4,1,18:38:40,31.195653915405273,121.43520355224609,cloudy
316,4,1,18:39:17,31.193471908569336,121.59414672851562,cloudy
114,4,1,18:40:16,31.294626999999998,121.49566799999999,cloudy
343,4,1,18:40:30,31.211611999999999,121.472391,cloudy
343,4,1,18:41:01,31.211611999999999,121.472388,cloudy
377,4,1,18:41:56,31.177793000000001,121.593524,cloudy
86,4,1,18:45:25,31.293507999999999,121.49489199999999,cloudy
86,4,1,18:45:44,31.293507999999999,121.49489199999999,cloudy
168,4,1,18:51:43,31.296798706054688,121.49988555908205,cloudy
78,4,1,18:59:02,31.301971999999999,121.50029499999999,cloudy
78,4,1,18:59:07,31.301971999999999,121.50029499999999,cloudy
78,4,1,18:59:18,31.301971999999999,121.50029499999999,cloudy
328,4,1,19:07:13,31.297170000000001,121.49954,cloudy
160,4,1,19:09:34,31.297270000000001,121.499976,cloudy
408,4,1,19:13:20,31.300308999999999,121.50000300000001,cloudy
408,4,1,19:13:23,31.300308999999999,121.50000300000001,cloudy
408,4,1,19:13:32,31.300222999999999,121.50000900000001,cloudy
408,4,1,19:13:42,31.300222999999999,121.50000900000001,cloudy
156,4,1,19:13:51,31.300346999999999,121.500148,cloudy
408,4,1,19:14:16,31.300235000000001,121.500015,cloudy
156,4,1,19:16:07,31.300352,121.500203,cloudy
156,4,1,19:16:07,31.300352,121.500203,cloudy
100,4,1,19:42:05,31.301205,121.492417,cloudy
432,4,1,19:44:33,31.299551999999998,121.500372,cloudy
432,4,1,19:45:07,31.299551999999998,121.500378,cloudy
427,4,1,19:45:55,31.300353999999999,121.497083,cloudy
340,4,1,19:51:43,30.294261932373047,120.2118682861328,overcast
168,4,1,19:55:15,31.296779632568359,121.49988555908205,cloudy
123,4,1,19:55:31,31.192703999999999,121.592733,cloudy
123,4,1,19:55:44,31.192703999999999,121.592733,cloudy
450,4,1,20:06:55,31.192328,121.59266100000001,cloudy
171,4,1,20:09:02,31.303792000000001,121.505562,cloudy
171,4,1,20:09:02,31.303792000000001,121.505562,cloudy
171,4,1,20:09:04,31.303792000000001,121.505562,cloudy
171,4,1,20:10:05,31.303792000000001,121.505562,cloudy
63,4,1,20:21:35,31.333053588867188,121.49177551269533,overcast
328,4,1,20:26:06,31.297117,121.49961999999999,cloudy
351,4,1,20:44:29,31.292545318603516,121.49674987792967,cloudy
351,4,1,20:44:29,31.292545318603516,121.49674987792967,cloudy
3,4,1,20:45:12,31.192222595214844,121.5872802734375,cloudy
351,4,1,20:51:56,31.2926025390625,121.49684143066406,cloudy
430,4,1,20:53:05,31.193901062011719,121.59281158447266,cloudy
430,4,1,20:53:29,31.193809509277344,121.59291839599609,cloudy
63,4,1,21:46:39,31.333040237426761,121.49176788330078,overcast
307,4,1,21:52:19,31.299964904785156,121.50039672851562,cloudy
307,4,1,21:52:20,31.299964904785156,121.50039672851562,cloudy
307,4,1,21:55:46,31.299915313720703,121.50034332275391,cloudy
307,4,1,21:55:48,31.299888610839844,121.50034332275391,cloudy
307,4,1,21:55:51,31.299907684326172,121.50035858154295,cloudy
307,4,1,21:55:53,31.299907684326172,121.50035858154295,cloudy
363,4,1,22:26:49,31.292059999999999,121.4966,cloudy
307,4,1,23:06:05,31.299938201904297,121.50035858154295,cloudy
136,4,1,23:07:29,31.299862999999998,121.501074,cloudy
337,4,1,23:09:22,31.292701721191406,121.49538421630859,cloudy
337,4,1,23:09:51,31.292747497558594,121.49535369873048,cloudy
337,4,1,23:09:56,31.292713165283203,121.49535369873048,cloudy
168,4,1,23:12:37,31.292966842651367,121.49451446533205,cloudy
3,4,1,23:26:47,31.192272186279297,121.58750915527344,overcast
117,4,1,23:29:44,31.294671999999998,121.497666,light rain
171,4,1,23:31:12,31.192678999999998,121.589871,overcast
386,4,1,23:32:57,31.193958282470703,121.58953857421876,overcast
386,4,1,23:32:57,31.1939697265625,121.58954620361328,overcast
386,4,1,23:33:00,31.1939697265625,121.58954620361328,overcast
386,4,1,23:33:02,31.1939697265625,121.58954620361328,overcast
386,4,1,23:33:03,31.191762924194336,121.59375762939452,overcast
386,4,1,23:33:03,31.191762924194336,121.59375762939452,overcast
386,4,1,23:33:03,31.1939697265625,121.58954620361328,overcast
239,4,1,23:43:06,31.333226,121.491863,overcast
320,4,1,23:47:55,31.293381,121.495621,overcast
282,4,1,23:48:31,31.192702000000001,121.58979600000001,overcast
320,4,1,23:49:24,31.293372000000002,121.495684,overcast
380,4,1,23:52:02,31.197675,121.445213,overcast
133,4,1,23:58:36,31.335560000000001,121.497,overcast
133,4,1,23:58:36,31.335509999999999,121.49720000000001,overcast
115,5,2,00:01:06,31.292228999999999,121.497,overcast
115,5,2,00:01:44,31.292294999999999,121.496988,overcast
435,5,2,00:03:54,30.815588000000002,121.44546099999999,light rain
320,5,2,00:05:20,31.293361999999998,121.495679,light rain
341,5,2,00:05:57,31.30621,121.500725,light rain
316,5,2,00:07:44,31.192344665527344,121.58753967285156,overcast
408,5,2,00:07:47,31.192505000000001,121.589674,overcast
408,5,2,00:08:10,31.192551999999999,121.58967199999999,overcast
408,5,2,00:09:01,31.192526999999998,121.589707,overcast
180,5,2,00:09:06,31.193928,121.58973,overcast
267,5,2,00:09:09,31.292354,121.49410399999999,light rain
137,5,2,00:09:09,31.291184999999999,121.498324,light rain
137,5,2,00:09:43,31.291184999999999,121.498324,light rain
316,5,2,00:11:54,31.192344665527344,121.5875244140625,overcast
403,5,2,00:13:14,31.179558,121.59386000000001,overcast
7,5,2,00:13:36,31.192367553710938,121.58767700195312,overcast
7,5,2,00:13:58,31.192422866821289,121.58765411376952,overcast
171,5,2,00:18:37,31.192678999999998,121.589871,light rain
171,5,2,00:18:37,31.192678999999998,121.589871,light rain
15,5,2,00:18:59,31.197545999999999,121.591842,light rain
380,5,2,00:32:58,31.197675,121.445213,light rain
380,5,2,00:33:16,31.197675,121.445213,light rain
375,5,2,00:34:32,31.191645000000001,121.587264,overcast
36,5,2,00:34:35,31.302734375,121.50319671630859,overcast
36,5,2,00:34:38,31.302734375,121.50319671630859,overcast
36,5,2,00:34:49,31.302734375,121.50319671630859,overcast
201,5,2,00:46:30,31.293257000000001,121.494699,light rain
201,5,2,00:46:35,31.293253,121.494722,light rain
201,5,2,00:46:35,31.293253,121.494722,light rain
179,5,2,01:49:18,31.192375183105469,121.58767700195312,overcast
278,5,2,03:47:47,31.303638458251953,121.50495147705078,light rain
435,5,2,07:55:30,30.815588000000002,121.44546099999999,overcast
253,5,2,08:09:59,31.301850000000002,121.4915,overcast
253,5,2,08:09:59,31.301819999999999,121.4915,overcast
235,5,2,08:21:05,31.30181884765625,121.49733734130859,overcast
217,5,2,08:28:36,31.291733000000001,121.49694100000001,light rain
363,5,2,08:28:51,31.29973,121.4945,light rain
3,5,2,08:33:43,31.19227409362793,121.58751678466795,light rain
408,5,2,08:37:40,31.194348000000002,121.586558,light rain
87,5,2,08:43:51,31.300985336303711,121.4968719482422,light rain
87,5,2,08:43:53,31.301193237304688,121.49687957763672,light rain
388,5,2,08:46:10,31.297800064086911,121.49992370605467,light rain
388,5,2,08:46:10,31.297723770141602,121.49996185302734,light rain
388,5,2,08:46:21,31.297876358032227,121.49996948242188,light rain
388,5,2,08:48:02,31.297704696655273,121.49994659423828,light rain
442,5,2,08:48:39,31.30321,121.494,light rain
354,5,2,08:48:42,31.192620000000002,121.589781,overcast
418,5,2,08:52:36,31.302513999999999,121.492717,light rain
188,5,2,09:02:20,31.303483963012695,121.49425506591795,light rain
115,5,2,09:02:58,31.292292,121.497004,light rain
115,5,2,09:03:22,31.292304999999999,121.49699200000001,light rain
375,5,2,09:07:36,31.193137,121.594095,overcast
446,5,2,09:22:40,31.240116119384769,121.56169128417967,overcast
446,5,2,09:22:41,31.240116119384769,121.56169128417967,overcast
446,5,2,09:23:02,31.242389678955082,121.560302734375,overcast
287,5,2,09:23:29,31.336558,121.49399200000001,light rain
86,5,2,09:28:13,31.302758000000001,121.492451,light rain
217,5,2,09:33:02,31.297644999999999,121.498007,light rain
7,5,2,09:33:19,31.191404342651367,121.59535217285156,overcast
7,5,2,09:33:25,31.191106796264648,121.59480285644533,overcast
220,5,2,09:33:41,31.192955000000001,121.59,overcast
221,5,2,09:34:35,31.301631927490231,121.5001220703125,overcast
221,5,2,09:34:37,31.301679611206055,121.50015258789062,overcast
160,5,2,09:39:15,31.300283,121.496889,overcast
160,5,2,09:39:18,31.300283,121.496889,overcast
217,5,2,09:41:58,31.300737000000002,121.497157,overcast
158,5,2,09:49:42,31.192841999999999,121.59415,overcast
161,5,2,09:50:08,31.303713999999999,121.504895,light rain
120,5,2,09:51:17,31.197395324707031,121.44464874267578,light rain
115,5,2,09:51:56,31.297359,121.49558399999999,light rain
30,5,2,09:54:28,31.297359,121.49558399999999,light rain
30,5,2,09:54:33,31.297359,121.49558399999999,light rain
55,5,2,09:54:47,31.193726000000002,121.595169,overcast
55,5,2,09:55:08,31.193726000000002,121.595169,overcast
464,5,2,10:02:45,31.298546000000002,121.501735,light rain
375,5,2,10:08:52,31.193366999999999,121.593881,overcast
446,5,2,10:12:43,31.30168342590332,121.500244140625,light rain
380,5,2,10:20:00,31.196287999999999,121.442547,light rain
380,5,2,10:20:07,31.196287999999999,121.442547,light rain
260,5,2,10:20:23,31.197883605957031,121.44403839111328,light rain
260,5,2,10:20:34,31.197795867919918,121.44410705566406,light rain
286,5,2,10:23:51,31.292732000000001,121.49554000000001,light rain
158,5,2,10:28:14,31.192976999999999,121.595125,overcast
158,5,2,10:28:16,31.192976999999999,121.595125,overcast
158,5,2,10:28:53,31.192976999999999,121.595125,overcast
158,5,2,10:29:07,31.192976999999999,121.595125,overcast
55,5,2,10:41:42,31.193750000000001,121.5951,overcast
217,5,2,10:43:15,31.30059,121.497215,overcast
217,5,2,10:43:18,31.30059,121.497215,overcast
217,5,2,10:43:35,31.30059,121.497215,overcast
330,5,2,10:47:04,31.192764,121.589809,overcast
63,5,2,11:06:06,31.338817596435547,121.49976348876952,overcast
63,5,2,11:10:09,31.338760375976559,121.49972534179688,overcast
129,5,2,11:23:17,31.197686999999998,121.443997,overcast
63,5,2,11:25:01,31.338834762573239,121.49976348876952,cloudy
100,5,2,11:29:34,31.298604999999998,121.50063400000001,overcast
160,5,2,11:31:02,31.300315000000001,121.49706,overcast
160,5,2,11:31:15,31.300315000000001,121.49706,overcast
444,5,2,11:32:35,31.28913,121.500855,overcast
444,5,2,11:32:39,31.28913,121.500855,overcast
444,5,2,11:32:42,31.28913,121.500855,overcast
375,5,2,11:36:39,31.193137,121.594095,light rain
327,5,2,11:38:21,31.296537399291992,121.4999542236328,overcast
327,5,2,11:39:19,31.297246932983398,121.4999542236328,overcast
327,5,2,11:39:21,31.297246932983398,121.4999542236328,overcast
327,5,2,11:39:55,31.296976089477539,121.50007629394533,overcast
320,5,2,11:42:29,31.293848000000001,121.495667,overcast
115,5,2,11:42:29,31.301860999999999,121.506404,overcast
451,5,2,11:51:04,31.294476,121.494585,overcast
11,5,2,11:51:40,31.19172477722168,121.59304046630859,light rain
144,5,2,11:53:56,31.302759170532227,121.50402069091795,overcast
278,5,2,11:54:24,31.302698135375977,121.50210571289062,overcast
259,5,2,11:57:44,31.297121000000001,121.50042999999999,overcast
463,5,2,12:12:30,31.192255020141602,121.58748626708984,light rain
217,5,2,12:15:43,31.301621000000001,121.500181,overcast
274,5,2,12:33:18,31.191421999999999,121.59287,light rain
316,5,2,12:39:22,31.1932373046875,121.59454345703124,overcast
404,5,2,12:57:57,31.299898147583008,121.49984741210938,overcast
171,5,2,12:58:07,31.193297999999999,121.59420799999999,overcast
260,5,2,12:58:48,31.197481155395508,121.44496154785156,overcast
460,5,2,13:02:33,31.301704000000001,121.49990699999999,overcast
460,5,2,13:09:43,31.301704000000001,121.49990699999999,overcast
273,5,2,13:10:24,31.197467,121.445033,overcast
78,5,2,13:24:04,31.301621999999998,121.50045,overcast
78,5,2,13:24:23,31.301621999999998,121.50045,overcast
159,5,2,14:05:04,31.193966,121.59446800000001,overcast
159,5,2,14:07:24,31.193892000000002,121.594797,overcast
115,5,2,14:15:57,31.301137000000001,121.50030099999999,overcast
123,5,2,14:17:16,31.191607999999999,121.596295,cloudy
149,5,2,14:19:23,31.197193145751953,121.44411468505859,cloudy
341,5,2,14:58:30,31.233711,121.5171,cloudy
341,5,2,14:58:34,31.233711,121.5171,cloudy
341,5,2,14:58:37,31.233711,121.5171,cloudy
432,5,2,15:07:20,31.301783,121.500356,cloudy
307,5,2,15:10:02,31.299961090087891,121.50137329101562,cloudy
63,5,2,15:23:54,31.338048934936523,121.50062561035156,overcast
217,5,2,15:25:12,31.301583999999998,121.500101,cloudy
237,5,2,15:26:14,31.193075,121.594127,cloudy
207,5,2,15:27:25,31.301685333251953,121.50009918212891,cloudy
375,5,2,15:28:13,31.193788000000001,121.59567800000001,cloudy
442,5,2,15:32:10,31.300177000000001,121.49981,cloudy
78,5,2,15:33:51,31.300462,121.501783,cloudy
391,5,2,15:38:17,31.193137,121.594095,cloudy
310,5,2,15:46:53,31.297321319580082,121.49997711181641,cloudy
310,5,2,15:46:58,31.29731559753418,121.49998474121094,cloudy
310,5,2,15:46:59,31.29731559753418,121.49998474121094,cloudy
310,5,2,15:47:09,31.297298431396484,121.49991607666016,cloudy
310,5,2,15:47:14,31.297548294067383,121.49993133544922,cloudy
63,5,2,15:48:51,31.338237762451172,121.500732421875,overcast
380,5,2,16:02:44,31.197811999999999,121.44708900000001,cloudy
156,5,2,16:08:17,31.30312,121.49366999999999,cloudy
451,5,2,16:09:32,31.301137000000001,121.50030099999999,cloudy
116,5,2,16:09:52,31.191680999999999,121.59257100000001,cloudy
45,5,2,16:15:04,31.300134658813477,121.49996948242188,cloudy
45,5,2,16:15:05,31.300134658813477,121.49997711181641,cloudy
102,5,2,16:15:36,31.300029754638672,121.49983978271484,cloudy
115,5,2,16:15:48,31.301137000000001,121.50030099999999,cloudy
246,5,2,16:16:13,31.298952102661133,121.49821472167967,cloudy
265,5,2,16:16:24,31.303115844726559,121.4939422607422,cloudy
184,5,2,16:16:32,31.292414999999998,121.496782,cloudy
201,5,2,16:16:46,31.301715999999999,121.500045,cloudy
265,5,2,16:16:51,31.303123474121097,121.49392700195312,cloudy
307,5,2,16:17:12,31.300119400024418,121.4999542236328,cloudy
251,5,2,16:17:15,31.298345565795898,121.50064086914062,cloudy
292,5,2,16:17:18,31.209112167358398,121.57105255126952,cloudy
86,5,2,16:17:25,31.299658999999998,121.49949700000001,cloudy
267,5,2,16:17:30,31.297359,121.49558399999999,cloudy
323,5,2,16:17:31,31.300286,121.49736,cloudy
323,5,2,16:17:32,31.300286,121.49736,cloudy
406,5,2,16:17:32,31.197456359863281,121.44496917724609,cloudy
297,5,2,16:17:34,31.295036,121.497373,cloudy
383,5,2,16:17:35,31.197185999999999,121.444661,cloudy
190,5,2,16:17:37,31.197455999999999,121.44507,cloudy
297,5,2,16:17:41,31.295036,121.497373,cloudy
190,5,2,16:17:43,31.197455999999999,121.44507,cloudy
255,5,2,16:17:51,31.301745,121.499944,cloudy
408,5,2,16:17:51,31.296773999999999,121.49999699999999,cloudy
237,5,2,16:17:54,31.194303000000001,121.595308,cloudy
237,5,2,16:17:59,31.194303000000001,121.595308,cloudy
84,5,2,16:18:03,31.297184999999999,121.49991900000001,cloudy
297,5,2,16:18:07,31.295019,121.497387,cloudy
237,5,2,16:18:08,31.194303000000001,121.595308,cloudy
327,5,2,16:18:08,31.297836303710938,121.50048828125,cloudy
278,5,2,16:18:12,31.296798706054688,121.50006866455078,cloudy
237,5,2,16:18:13,31.194303000000001,121.595308,cloudy
278,5,2,16:18:18,31.296842575073239,121.49996948242188,cloudy
225,5,2,16:18:25,31.198951721191406,121.47730255126952,cloudy
201,5,2,16:18:28,31.301715999999999,121.500057,cloudy
327,5,2,16:18:29,31.29779052734375,121.5005340576172,cloudy
327,5,2,16:18:31,31.29779052734375,121.5005340576172,cloudy
42,5,2,16:18:32,31.122360229492188,121.58142852783205,cloudy
84,5,2,16:18:33,31.297184999999999,121.49991900000001,cloudy
188,5,2,16:18:36,31.297266006469727,121.50003814697266,cloudy
201,5,2,16:18:37,31.301715999999999,121.500057,cloudy
33,5,2,16:18:37,31.302900999999999,121.503782,cloudy
454,5,2,16:18:42,31.192905426025391,121.59361267089844,cloudy
164,5,2,16:18:43,31.301314999999999,121.50584000000001,cloudy
188,5,2,16:18:51,31.297266006469727,121.50003814697266,cloudy
188,5,2,16:18:51,31.297266006469727,121.50003814697266,cloudy
302,5,2,16:18:54,31.300198999999999,121.499978,cloudy
205,5,2,16:19:07,31.304618000000001,121.508309,cloudy
324,5,2,16:19:08,31.294539,121.496559,cloudy
292,5,2,16:19:09,31.231193542480469,121.56527709960938,cloudy
44,5,2,16:19:11,31.302033999999999,121.49985,cloudy
110,5,2,16:19:11,31.197331999999999,121.44497699999999,cloudy
121,5,2,16:19:13,31.057690999999998,121.1908,cloudy
21,5,2,16:19:20,31.297816000000001,121.499973,cloudy
110,5,2,16:19:26,31.197331999999999,121.44497699999999,cloudy
225,5,2,16:19:33,31.198951721191406,121.47730255126952,cloudy
190,5,2,16:19:38,31.197455999999999,121.44507,cloudy
63,5,2,16:19:45,31.338245391845703,121.500732421875,overcast
63,5,2,16:19:48,31.338245391845703,121.500732421875,overcast
110,5,2,16:19:52,31.197391,121.44510200000001,cloudy
444,5,2,16:19:54,31.28913,121.500855,cloudy
21,5,2,16:19:58,31.298895000000002,121.502089,cloudy
184,5,2,16:20:25,31.292456000000001,121.496775,cloudy
319,5,2,16:20:45,31.303853988647461,121.49231719970705,cloudy
411,5,2,16:21:24,31.193262100219727,121.59420013427734,cloudy
411,5,2,16:21:48,31.193260192871097,121.59420776367188,cloudy
458,5,2,16:21:56,31.299177,121.495673,cloudy
280,5,2,16:22:00,31.191417694091797,121.59299468994141,cloudy
81,5,2,16:22:20,31.198272705078125,121.44414520263672,cloudy
81,5,2,16:22:25,31.198274612426761,121.44414520263672,cloudy
292,5,2,16:22:36,31.253192901611328,121.54638671875,cloudy
76,5,2,16:22:55,31.301748,121.50037399999999,cloudy
221,5,2,16:23:24,31.300857543945312,121.49685668945312,cloudy
81,5,2,16:23:29,31.198543548583984,121.44428253173828,cloudy
247,5,2,16:23:33,31.299565999999999,121.50041899999999,cloudy
121,5,2,16:24:01,31.057690999999998,121.1908,cloudy
451,5,2,16:24:02,31.301137000000001,121.50030099999999,cloudy
42,5,2,16:24:15,31.122318267822266,121.58152008056641,cloudy
76,5,2,16:24:17,31.301731,121.50042000000001,cloudy
341,5,2,16:24:20,31.234998999999998,121.51618999999999,cloudy
112,5,2,16:24:21,31.293922424316406,121.49799346923828,cloudy
120,5,2,16:24:21,31.197284698486328,121.44534301757812,cloudy
324,5,2,16:24:25,31.294554999999999,121.496571,cloudy
451,5,2,16:24:27,31.301137000000001,121.50030099999999,cloudy
59,5,2,16:24:34,31.193829999999998,121.5928,cloudy
203,5,2,16:24:35,31.301307678222656,121.50061798095705,cloudy
118,5,2,16:24:37,31.195786999999999,121.58714000000001,cloudy
219,5,2,16:24:38,31.193923999999999,121.59263,cloudy
70,5,2,16:24:46,31.302023999999999,121.500029,cloudy
42,5,2,16:25:31,31.122282028198239,121.58148193359376,cloudy
164,5,2,16:25:50,31.301314999999999,121.50584000000001,cloudy
221,5,2,16:25:56,31.300912857055664,121.49687957763672,cloudy
221,5,2,16:26:01,31.300796508789062,121.49690246582033,cloudy
164,5,2,16:26:02,31.301314999999999,121.50584000000001,cloudy
59,5,2,16:26:09,31.194019999999998,121.5928,cloudy
120,5,2,16:26:11,31.197284698486328,121.44534301757812,cloudy
36,5,2,16:26:15,31.296672821044918,121.49969482421876,cloudy
120,5,2,16:26:44,31.197273254394531,121.44538879394533,cloudy
228,5,2,16:26:50,31.264341999999999,121.532799,cloudy
112,5,2,16:26:59,31.292970657348633,121.49768829345705,cloudy
292,5,2,16:27:00,31.282424926757812,121.52009582519533,cloudy
203,5,2,16:27:19,31.301721572875977,121.50005340576172,cloudy
344,5,2,16:27:45,31.297467000000001,121.500097,cloudy
303,5,2,16:27:49,31.299886703491211,121.50100708007812,cloudy
36,5,2,16:28:11,31.296085357666016,121.49951934814452,cloudy
219,5,2,16:28:23,31.193926000000001,121.59262,cloudy
344,5,2,16:28:28,31.297467000000001,121.500097,cloudy
120,5,2,16:28:33,31.197242736816406,121.44538116455078,cloudy
21,5,2,16:29:00,31.297169,121.499875,cloudy
391,5,2,16:29:05,31.193137,121.594095,cloudy
6,5,2,16:29:10,31.193153381347656,121.5932159423828,cloudy
36,5,2,16:29:11,31.296726226806641,121.49980926513672,cloudy
36,5,2,16:29:12,31.296772003173828,121.4998779296875,cloudy
155,5,2,16:29:17,31.285375595092773,121.49183654785156,cloudy
300,5,2,16:29:28,31.294853210449219,121.49397277832033,cloudy
303,5,2,16:29:34,31.29986572265625,121.50101470947266,cloudy
247,5,2,16:29:51,31.299523000000001,121.500333,cloudy
120,5,2,16:29:57,31.197235107421875,121.44525146484376,cloudy
300,5,2,16:30:11,31.294736862182617,121.49410247802734,cloudy
363,5,2,16:30:16,31.298580000000001,121.5017,cloudy
251,5,2,16:30:22,31.297954559326172,121.50054168701172,cloudy
375,5,2,16:30:39,31.193664999999999,121.595716,cloudy
112,5,2,16:30:50,31.292873382568359,121.49746704101562,cloudy
406,5,2,16:31:04,31.197463989257812,121.44496917724609,cloudy
385,5,2,16:31:32,31.197418212890625,121.44512939453124,cloudy
205,5,2,16:31:35,31.301753000000001,121.499988,cloudy
36,5,2,16:31:36,31.296709060668945,121.49993133544922,cloudy
385,5,2,16:31:36,31.197402954101559,121.44512176513672,cloudy
265,5,2,16:31:52,31.303201675415039,121.49393463134766,cloudy
247,5,2,16:32:03,31.299538999999999,121.50037500000001,cloudy
385,5,2,16:32:07,31.197412490844727,121.44522857666016,cloudy
273,5,2,16:32:10,31.197467,121.445033,cloudy
163,5,2,16:32:12,31.301537,121.50005,cloudy
45,5,2,16:32:30,31.300155639648441,121.49994659423828,cloudy
188,5,2,16:33:31,31.297256469726559,121.49998474121094,cloudy
188,5,2,16:33:32,31.297256469726559,121.49998474121094,cloudy
408,5,2,16:33:59,31.296831000000001,121.50005400000001,cloudy
406,5,2,16:34:50,31.197446823120117,121.44498443603516,cloudy
406,5,2,16:35:00,31.197456359863281,121.44496917724609,cloudy
238,5,2,16:35:18,31.192386627197266,121.58757781982422,cloudy
16,5,2,16:36:02,31.191161999999998,121.59338,cloudy
91,5,2,16:36:05,31.192373275756836,121.58762359619141,cloudy
91,5,2,16:36:11,31.192466735839844,121.58762359619141,cloudy
214,5,2,16:37:31,31.234179999999999,121.5111,cloudy
434,5,2,16:37:37,31.291926,121.4966,cloudy
238,5,2,16:37:45,31.192401885986328,121.5876007080078,cloudy
59,5,2,16:38:30,31.193709999999999,121.59269999999999,cloudy
267,5,2,16:39:16,31.293458999999999,121.49650800000001,cloudy
392,5,2,16:39:37,31.297374999999999,121.499422,cloudy
344,5,2,16:39:38,31.297467000000001,121.500097,cloudy
287,5,2,16:40:50,31.337948999999998,121.50059299999999,cloudy
406,5,2,16:40:54,31.197450637817383,121.44496917724609,cloudy
123,5,2,16:41:25,31.300342000000001,121.500131,cloudy
123,5,2,16:41:25,31.300342000000001,121.500131,cloudy
251,5,2,16:41:50,31.297903060913089,121.50045013427734,cloudy
216,5,2,16:42:00,31.197900772094727,121.4449462890625,cloudy
216,5,2,16:42:07,31.197900772094727,121.4449462890625,cloudy
350,5,2,16:42:08,31.197282000000001,121.445031,cloudy
216,5,2,16:42:08,31.19793701171875,121.44495391845705,cloudy
411,5,2,16:42:44,31.193256378173828,121.59420776367188,cloudy
411,5,2,16:42:45,31.193281173706055,121.59420776367188,cloudy
412,5,2,16:42:46,31.299009000000002,121.501025,cloudy
376,5,2,16:43:01,31.20027,121.44329999999999,cloudy
412,5,2,16:43:53,31.295583000000001,121.49940700000001,cloudy
216,5,2,16:44:16,31.197919845581055,121.44495391845705,cloudy
338,5,2,16:44:16,31.198543000000001,121.44563599999999,cloudy
354,5,2,16:44:57,31.192630000000001,121.589795,cloudy
59,5,2,16:45:18,31.194009999999999,121.5928,cloudy
59,5,2,16:45:29,31.194019999999998,121.5928,cloudy
338,5,2,16:45:52,31.198543000000001,121.44563599999999,cloudy
350,5,2,16:46:37,31.197714999999999,121.44490399999999,cloudy
1,5,2,16:47:00,31.302800999999999,121.498482,cloudy
1,5,2,16:47:15,31.302800999999999,121.498482,cloudy
280,5,2,16:47:36,31.192100524902344,121.59285736083984,cloudy
30,5,2,16:48:25,31.300576,121.496853,cloudy
30,5,2,16:48:45,31.300576,121.496853,cloudy
303,5,2,16:50:05,31.299877166748047,121.50099182128906,cloudy
465,5,2,16:50:23,31.305064999999999,121.502144,cloudy
7,5,2,16:52:45,31.300180435180664,121.49996948242188,cloudy
214,5,2,16:52:58,31.23424,121.5112,cloudy
115,5,2,16:53:04,31.297359,121.49558399999999,cloudy
226,5,2,16:53:18,31.294982999999998,121.500248,cloudy
226,5,2,16:53:22,31.294982999999998,121.500248,cloudy
115,5,2,16:54:18,31.297359,121.49558399999999,cloudy
78,5,2,16:54:28,31.300685000000001,121.503956,cloudy
410,5,2,16:54:36,31.302958,121.503856,cloudy
216,5,2,16:54:42,31.197938919067383,121.44492340087891,cloudy
5,5,2,16:54:59,31.300840000000001,121.49679999999999,cloudy
78,5,2,16:55:00,31.300685000000001,121.503956,cloudy
78,5,2,16:55:01,31.300685000000001,121.503956,cloudy
247,5,2,16:55:03,31.299581,121.500421,cloudy
247,5,2,16:55:54,31.299545999999999,121.500394,cloudy
63,5,2,16:56:01,31.33820915222168,121.50067901611328,overcast
409,5,2,16:56:39,31.295030000000001,121.49739,cloudy
247,5,2,16:56:40,31.299520000000001,121.500336,cloudy
409,5,2,16:56:44,31.295169999999999,121.49739,cloudy
63,5,2,16:56:45,31.338253021240231,121.50072479248048,overcast
78,5,2,16:56:55,31.300685000000001,121.503956,cloudy
78,5,2,16:56:58,31.300685000000001,121.503956,cloudy
78,5,2,16:56:59,31.300685000000001,121.503956,cloudy
78,5,2,16:57:01,31.300685000000001,121.503956,cloudy
222,5,2,16:57:28,31.294184999999999,121.494485,cloudy
409,5,2,16:57:29,31.295033,121.49739,cloudy
409,5,2,16:58:19,31.295000000000002,121.49738000000001,cloudy
63,5,2,16:58:26,31.338249206542969,121.50074768066406,overcast
115,5,2,16:58:58,31.297359,121.49558399999999,cloudy
37,5,2,16:59:22,31.29388427734375,121.49795532226562,cloudy
201,5,2,17:00:44,31.301760000000002,121.500015,cloudy
201,5,2,17:00:58,31.301760000000002,121.500015,cloudy
115,5,2,17:01:00,31.297359,121.49558399999999,cloudy
7,5,2,17:01:04,31.300189971923828,121.49983215332033,cloudy
37,5,2,17:01:28,31.293882369995117,121.49795532226562,cloudy
465,5,2,17:03:27,31.304708000000002,121.50819,cloudy
259,5,2,17:03:35,31.303291999999999,121.50184299999999,cloudy
63,5,2,17:04:00,31.338237762451172,121.500732421875,overcast
259,5,2,17:04:16,31.303291999999999,121.50184299999999,cloudy
56,5,2,17:04:30,31.293306999999999,121.49571400000001,cloudy
219,5,2,17:05:09,31.193940999999999,121.59265000000001,cloudy
179,5,2,17:09:12,31.295919418334961,121.49923706054688,cloudy
179,5,2,17:09:28,31.295860290527344,121.49927520751952,cloudy
179,5,2,17:10:25,31.295867919921875,121.49923706054688,cloudy
179,5,2,17:10:27,31.295896530151367,121.49925994873048,cloudy
266,5,2,17:17:50,31.193137,121.594095,cloudy
47,5,2,17:17:51,31.301137000000001,121.50030099999999,cloudy
266,5,2,17:18:24,31.193137,121.594095,cloudy
266,5,2,17:18:32,31.193137,121.594095,cloudy
217,5,2,17:19:10,31.296317999999999,121.503091,cloudy
430,5,2,17:20:58,31.19312858581543,121.59300231933594,cloudy
430,5,2,17:20:59,31.19312858581543,121.59300231933594,cloudy
430,5,2,17:21:01,31.19312858581543,121.59300231933594,cloudy
430,5,2,17:21:03,31.19312858581543,121.59300231933594,cloudy
63,5,2,17:21:22,31.338216781616211,121.50074768066406,cloudy
338,5,2,17:21:59,31.198543000000001,121.44563599999999,cloudy
398,5,2,17:22:32,31.236308999999999,121.46850000000001,cloudy
398,5,2,17:22:42,31.236308999999999,121.46850000000001,cloudy
388,5,2,17:26:44,31.302803039550781,121.50550842285156,cloudy
374,5,2,17:27:42,31.191509,121.595805,cloudy
410,5,2,17:29:26,31.303291999999999,121.50184299999999,cloudy
205,5,2,17:30:03,31.301432999999999,121.500372,cloudy
363,5,2,17:39:15,31.294540000000001,121.50620000000001,cloudy
220,5,2,17:42:01,31.193722000000001,121.59493000000001,cloudy
12,5,2,17:44:18,31.192525,121.587822,cloudy
410,5,2,17:44:48,31.300916000000001,121.507695,cloudy
12,5,2,17:45:11,31.192475000000002,121.587847,cloudy
245,5,2,17:50:25,31.206382751464844,121.45452117919922,cloudy
411,5,2,17:50:35,31.297189712524418,121.49930572509766,cloudy
315,5,2,17:51:09,31.293434999999999,121.495758,cloudy
315,5,2,17:52:03,31.293437000000001,121.49575,cloudy
19,5,2,17:52:35,31.197614999999999,121.44604699999999,cloudy
315,5,2,17:52:36,31.293431999999999,121.49575299999999,cloudy
245,5,2,17:52:52,31.206365585327148,121.4545440673828,cloudy
275,5,2,17:53:41,31.300250999999999,121.49999699999999,cloudy
315,5,2,17:53:42,31.293434999999999,121.495743,cloudy
315,5,2,17:53:54,31.293427999999999,121.495758,cloudy
323,5,2,17:55:35,31.293727000000001,121.49608000000001,cloudy
19,5,2,17:55:35,31.197583999999999,121.446223,cloudy
323,5,2,17:55:41,31.293727000000001,121.49608000000001,cloudy
315,5,2,17:55:46,31.293420999999999,121.49571299999999,cloudy
315,5,2,17:56:29,31.293427999999999,121.495758,cloudy
323,5,2,17:56:54,31.293727000000001,121.49608000000001,cloudy
315,5,2,18:00:11,31.293434999999999,121.495758,cloudy
344,5,2,18:02:59,31.295808000000001,121.500682,cloudy
1,5,2,18:08:30,31.299873000000002,121.49903399999999,cloudy
255,5,2,18:16:50,31.30208,121.504047,cloudy
98,5,2,18:17:12,31.197475000000001,121.445402,cloudy
74,5,2,18:20:45,31.294277191162109,121.50228881835938,cloudy
229,5,2,18:22:03,31.299655914306641,121.50006103515624,cloudy
229,5,2,18:22:03,31.299654006958008,121.50006103515624,cloudy
63,5,2,18:26:56,31.337844848632812,121.49917602539062,cloudy
63,5,2,18:27:05,31.337953567504883,121.49919891357422,cloudy
229,5,2,18:43:33,31.299562454223633,121.50012969970705,cloudy
229,5,2,18:43:33,31.299562454223633,121.50012969970705,cloudy
229,5,2,18:43:33,31.299659729003903,121.50008392333984,cloudy
299,5,2,18:44:20,31.302797000000002,121.493256,cloudy
72,5,2,18:46:41,31.291208999999998,121.487613,cloudy
24,5,2,19:01:09,31.300008773803711,121.49984741210938,cloudy
189,5,2,19:04:45,31.293315,121.49690200000001,cloudy
278,5,2,19:06:21,31.301342010498047,121.50023651123048,cloudy
220,5,2,19:11:01,31.193926000000001,121.59263,cloudy
171,5,2,19:12:38,31.302816,121.498695,cloudy
105,5,2,19:17:54,31.19310188293457,121.59415435791016,cloudy
383,5,2,19:22:40,31.197265999999999,121.44405399999999,cloudy
406,5,2,19:25:08,31.197471618652344,121.44498443603516,cloudy
406,5,2,19:25:27,31.197465896606445,121.44497680664062,cloudy
182,5,2,19:32:52,31.192499999999999,121.58799999999999,cloudy
182,5,2,19:32:53,31.192499999999999,121.58799999999999,cloudy
388,5,2,19:34:00,31.303703308105469,121.50887298583984,cloudy
227,5,2,19:35:49,31.270337999999999,121.526758,cloudy
217,5,2,19:41:04,31.300674000000001,121.496979,cloudy
58,5,2,20:03:34,31.197423934936523,121.44463348388672,cloudy
58,5,2,20:03:42,31.197423934936523,121.44463348388672,cloudy
58,5,2,20:03:51,31.19720458984375,121.44470977783205,cloudy
134,5,2,20:07:35,31.192991256713867,121.59320831298828,cloudy
255,5,2,20:11:39,31.302258999999999,121.503687,cloudy
255,5,2,20:12:39,31.302211,121.503691,cloudy
303,5,2,20:19:32,31.297977447509769,121.5006866455078,sunny
103,5,2,20:25:19,31.198115000000001,121.444238,sunny
103,5,2,20:26:05,31.198081999999999,121.444248,sunny
115,5,2,20:36:57,31.192357000000001,121.592591,sunny
434,5,2,20:41:58,31.292511000000001,121.499329,sunny
217,5,2,21:01:26,31.299408,121.497703,sunny
78,5,2,21:07:43,31.300433999999999,121.501746,sunny
78,5,2,21:07:45,31.300433999999999,121.501746,sunny
78,5,2,21:08:06,31.300433999999999,121.501746,sunny
292,5,2,21:17:41,31.258384704589844,121.53983306884766,sunny
444,5,2,21:33:14,31.28913,121.500855,sunny
406,5,2,21:54:26,31.197465896606445,121.44496917724609,sunny
341,5,2,22:11:58,31.299645999999999,121.49932,sunny
449,5,2,22:16:00,31.19454,121.58672,sunny
227,5,2,22:31:44,31.26519,121.527345,sunny
289,5,2,22:40:37,31.194054000000001,121.58936,sunny
252,5,2,22:41:37,31.200738906860352,121.44573211669922,sunny
252,5,2,22:41:42,31.200738906860352,121.44573211669922,sunny
359,5,2,22:45:26,31.294540999999999,121.49748099999999,sunny
7,5,2,23:02:21,31.193141937255859,121.5932159423828,sunny
7,5,2,23:03:23,31.19329833984375,121.59317779541016,sunny
46,5,2,23:16:42,31.196960000000001,121.44464499999999,cloudy
201,5,2,23:19:27,31.293227999999999,121.49472400000001,cloudy
84,5,2,23:27:00,31.298908000000001,121.501014,cloudy
266,5,2,23:27:41,31.193843000000001,121.59566700000001,cloudy
120,5,2,23:31:36,31.196859359741211,121.44477081298828,cloudy
120,5,2,23:31:46,31.196855545043945,121.44477081298828,cloudy
120,5,2,23:31:49,31.196853637695312,121.44472503662109,cloudy
255,5,2,23:31:56,31.302081999999999,121.504036,cloudy
120,5,2,23:31:57,31.196855545043945,121.44477081298828,cloudy
255,5,2,23:32:05,31.302081999999999,121.504036,cloudy
9,5,2,23:36:55,31.194130999999999,121.594514,cloudy
408,5,2,23:38:19,31.192603999999999,121.589665,cloudy
408,5,2,23:38:19,31.192603999999999,121.589665,cloudy
9,5,2,23:38:22,31.192554999999999,121.58821,cloudy
408,5,2,23:38:34,31.192603999999999,121.589665,cloudy
1,5,2,23:50:45,31.303194000000001,121.49348000000001,cloudy
406,5,2,23:54:15,31.19744873046875,121.4447021484375,cloudy
171,5,2,23:59:26,31.192679999999999,121.589803,cloudy
171,5,2,23:59:26,31.192679999999999,121.589803,cloudy
171,5,2,23:59:26,31.192679999999999,121.589803,cloudy
171,5,2,23:59:42,31.192679999999999,121.589803,cloudy
171,6,3,00:01:27,31.192679999999999,121.589803,cloudy
406,6,3,00:02:16,31.197456359863281,121.4447021484375,cloudy
406,6,3,00:02:41,31.197454452514648,121.4447021484375,cloudy
300,6,3,00:03:37,31.294879913330082,121.49794769287109,cloudy
300,6,3,00:05:04,31.294887542724609,121.49795532226562,cloudy
220,6,3,00:05:13,32.409222999999997,119.421015,cloudy
108,6,3,00:05:13,31.293564,121.495452,cloudy
108,6,3,00:05:23,31.293564,121.495452,cloudy
306,6,3,00:05:26,31.301804000000001,121.493285,cloudy
184,6,3,00:05:26,31.292352999999999,121.49637800000001,cloudy
181,6,3,00:05:32,31.299440000000001,121.50620000000001,cloudy
321,6,3,00:05:37,31.191734,121.587074,cloudy
184,6,3,00:05:38,31.292445000000001,121.496774,cloudy
184,6,3,00:05:39,31.292445000000001,121.496774,cloudy
181,6,3,00:05:40,31.302679999999999,121.504,cloudy
306,6,3,00:05:41,31.301804000000001,121.493285,cloudy
108,6,3,00:05:43,31.293604999999999,121.495497,cloudy
220,6,3,00:05:43,31.193926000000001,121.59263,cloudy
108,6,3,00:05:44,31.293604999999999,121.495497,cloudy
108,6,3,00:05:44,31.293604999999999,121.495497,cloudy
184,6,3,00:05:58,31.292368,121.496764,cloudy
184,6,3,00:05:58,31.292217000000001,121.496743,cloudy
184,6,3,00:05:59,31.292368,121.496764,cloudy
184,6,3,00:05:59,31.292368,121.496764,cloudy
184,6,3,00:05:59,31.292368,121.496764,cloudy
184,6,3,00:05:59,31.292368,121.496764,cloudy
184,6,3,00:05:59,31.292368,121.496764,cloudy
184,6,3,00:06:00,31.292368,121.496764,cloudy
108,6,3,00:06:38,31.293264000000001,121.495161,cloudy
108,6,3,00:06:38,31.293264000000001,121.495161,cloudy
181,6,3,00:06:43,31.30256,121.5042,cloudy
375,6,3,00:07:05,31.192499999999999,121.5878,cloudy
137,6,3,00:07:30,31.291184999999999,121.498324,cloudy
188,6,3,00:07:43,31.30348014831543,121.49435424804688,cloudy
409,6,3,00:08:14,31.294958000000001,121.49737,cloudy
184,6,3,00:08:16,31.292428999999998,121.49677,cloudy
220,6,3,00:08:29,32.409222999999997,119.421015,cloudy
15,6,3,00:08:44,31.198034,121.59113600000001,cloudy
77,6,3,00:09:04,31.299289999999999,121.501605,cloudy
90,6,3,00:09:09,31.294530999999999,121.49584400000001,cloudy
184,6,3,00:09:56,31.292318000000002,121.496757,cloudy
201,6,3,00:10:00,31.293239,121.49475,cloudy
3,6,3,00:10:25,31.192293167114254,121.58781433105467,cloudy
346,6,3,00:11:07,31.302982,121.50581099999999,cloudy
243,6,3,00:11:14,31.192516000000001,121.588196,cloudy
395,6,3,00:11:26,31.302114,121.493045,cloudy
277,6,3,00:14:27,31.293315,121.49690200000001,cloudy
413,6,3,00:14:46,31.197648000000001,121.445922,cloudy
413,6,3,00:14:49,31.197648000000001,121.445922,cloudy
244,6,3,00:15:18,31.192636,121.589806,cloudy
247,6,3,00:15:21,31.295262000000001,121.49795899999999,cloudy
244,6,3,00:16:39,31.192636,121.589806,cloudy
72,6,3,00:17:04,31.290627000000001,121.486262,cloudy
226,6,3,00:18:27,31.302437999999999,121.49310699999999,cloudy
120,6,3,00:18:29,31.196857452392575,121.4447784423828,cloudy
327,6,3,00:18:55,31.299911499023441,121.50037384033205,cloudy
120,6,3,00:19:29,31.196857452392575,121.44478607177734,cloudy
72,6,3,00:20:54,31.291481000000001,121.49082199999999,cloudy
458,6,3,00:21:51,31.299880999999999,121.501137,cloudy
242,6,3,00:22:04,31.294509999999999,121.495739,cloudy
51,6,3,00:23:52,31.195014953613281,121.58672332763672,cloudy
51,6,3,00:24:48,31.194972991943359,121.58675384521484,cloudy
311,6,3,00:25:51,31.197467803955082,121.44485473632812,cloudy
408,6,3,00:28:49,31.192546,121.589709,cloudy
408,6,3,00:29:05,31.192546,121.589709,cloudy
408,6,3,00:30:13,31.192526999999998,121.58970600000001,cloudy
410,6,3,00:31:44,31.302949000000002,121.50385,cloudy
97,6,3,00:41:20,31.336427688598633,121.49474334716795,cloudy
148,6,3,00:44:15,31.297306060791016,121.5091552734375,cloudy
148,6,3,00:46:53,31.299110412597656,121.50485229492188,cloudy
36,6,3,00:48:13,31.302776336669918,121.50334930419922,cloudy
36,6,3,00:48:28,31.302776336669918,121.50334930419922,cloudy
36,6,3,00:48:36,31.302768707275391,121.50332641601562,cloudy
115,6,3,00:54:08,31.292297000000001,121.49699200000001,cloudy
115,6,3,00:54:08,31.292297000000001,121.49699200000001,cloudy
115,6,3,00:54:23,31.292297000000001,121.49699200000001,cloudy
150,6,3,00:56:57,31.303812000000001,121.49400199999999,cloudy
150,6,3,00:57:03,31.303812000000001,121.49400199999999,cloudy
220,6,3,01:01:30,31.192499999999999,121.58969999999999,cloudy
220,6,3,01:01:31,31.192499999999999,121.58969999999999,cloudy
220,6,3,01:01:31,31.192499999999999,121.58969999999999,cloudy
220,6,3,01:01:31,31.192955000000001,121.59,cloudy
58,6,3,01:07:21,31.197092056274418,121.44485473632812,cloudy
179,6,3,01:09:07,31.19233512878418,121.58769989013672,cloudy
179,6,3,01:11:47,31.192377090454102,121.58773040771484,cloudy
217,6,3,01:24:07,31.291740999999998,121.496898,cloudy
217,6,3,01:24:07,31.291740999999998,121.496898,cloudy
388,6,3,01:34:47,31.302810668945312,121.50552368164062,cloudy
320,6,3,02:19:43,31.293374,121.495688,cloudy
238,6,3,03:05:27,31.192392349243164,121.58755493164062,cloudy
238,6,3,03:05:27,31.192398071289062,121.58756256103516,cloudy
196,6,3,05:13:14,31.197500000000002,121.4457,cloudy
425,6,3,06:33:24,31.304361,121.491135,sunny
135,6,3,06:40:17,31.291995,121.49681,sunny
110,6,3,06:44:09,31.197399999999998,121.44501200000001,sunny
288,6,3,06:49:18,31.265222549438477,121.52735137939452,sunny
359,6,3,06:52:13,31.294550000000001,121.49748200000001,sunny
274,6,3,06:58:53,31.192482999999999,121.587996,sunny
86,6,3,07:04:00,31.293710000000001,121.495608,sunny
115,6,3,07:04:12,31.292224000000001,121.496995,sunny
244,6,3,07:07:09,31.193522999999999,121.58904,sunny
289,6,3,07:14:46,31.193888000000001,121.589427,sunny
225,6,3,07:17:14,31.303335189819336,121.50520324707033,sunny
225,6,3,07:17:17,31.303060531616211,121.50518035888672,sunny
307,6,3,07:17:49,31.299962997436523,121.50130462646484,sunny
434,6,3,07:21:04,31.293801999999999,121.49827500000001,sunny
425,6,3,07:23:33,31.297360000000001,121.49558,sunny
252,6,3,07:28:07,31.233026504516602,121.40787506103516,sunny
350,6,3,07:28:35,31.196929999999998,121.444487,sunny
58,6,3,07:34:19,31.197006225585938,121.44478607177734,sunny
239,6,3,07:42:15,31.333369000000001,121.491985,sunny
229,6,3,07:54:52,31.300025939941406,121.49965667724609,sunny
229,6,3,07:56:58,31.300006866455082,121.4996337890625,sunny
229,6,3,07:56:58,31.300006866455082,121.4996337890625,sunny
118,6,3,08:00:59,31.296654,121.49878,sunny
320,6,3,08:08:19,31.301375,121.49806700000001,sunny
204,6,3,08:15:31,31.295066833496097,121.49748992919922,sunny
313,6,3,08:21:39,31.292742000000001,121.49601,sunny
311,6,3,08:23:43,31.19725227355957,121.44379425048828,sunny
467,6,3,08:28:58,31.300080000000001,121.50190000000001,sunny
63,6,3,08:29:52,31.333057403564453,121.49177551269533,cloudy
3,6,3,08:33:50,31.191965103149418,121.58734130859376,sunny
121,6,3,08:35:18,31.055302000000001,121.18580300000001,sunny
292,6,3,08:35:19,31.193115234375,121.59416198730467,sunny
325,6,3,08:36:21,31.027819999999998,121.4323,sunny
205,6,3,08:37:05,31.300635,121.49691,sunny
408,6,3,08:40:43,31.193137,121.594095,sunny
158,6,3,08:40:56,31.192602000000001,121.594149,sunny
158,6,3,08:41:00,31.192602000000001,121.594149,sunny
158,6,3,08:41:04,31.192602000000001,121.594149,sunny
408,6,3,08:41:09,31.191776999999998,121.592704,sunny
406,6,3,08:42:26,31.197458267211911,121.44469451904295,sunny
101,6,3,08:44:50,31.178108215332031,121.59401702880859,sunny
338,6,3,08:46:49,31.198947,121.445955,sunny
254,6,3,08:49:22,31.302506000000001,121.492859,sunny
247,6,3,08:57:08,31.301711000000001,121.499847,sunny
146,6,3,09:00:43,31.199249267578125,121.44744110107422,sunny
146,6,3,09:00:43,31.199241638183594,121.4471435546875,sunny
146,6,3,09:00:45,31.199239730834961,121.44713592529295,sunny
146,6,3,09:00:45,31.199241638183594,121.44712829589844,sunny
146,6,3,09:00:47,31.199243545532227,121.44712829589844,sunny
155,6,3,09:01:51,31.273488998413089,121.47227478027344,sunny
120,6,3,09:02:28,31.19685173034668,121.44476318359376,sunny
303,6,3,09:03:09,31.29997444152832,121.49983215332033,sunny
297,6,3,09:03:26,31.300699000000002,121.49713199999999,sunny
314,6,3,09:03:48,31.197595596313477,121.44485473632812,sunny
314,6,3,09:04:24,31.197530746459961,121.44541168212891,sunny
284,6,3,09:05:15,31.292833999999999,121.49673,sunny
297,6,3,09:05:24,31.300834999999999,121.496984,sunny
307,6,3,09:08:19,31.299953460693359,121.49969482421876,sunny
307,6,3,09:08:25,31.299972534179688,121.49967193603516,sunny
404,6,3,09:08:52,31.303750991821289,121.4945068359375,sunny
404,6,3,09:09:03,31.303728103637695,121.4945068359375,sunny
258,6,3,09:10:18,31.296651000000001,121.499421,sunny
327,6,3,09:11:19,31.300773620605469,121.49681091308594,sunny
258,6,3,09:11:32,31.296786999999998,121.499353,sunny
63,6,3,09:12:47,31.338510513305664,121.49991607666016,cloudy
327,6,3,09:13:11,31.300861358642575,121.49663543701172,sunny
312,6,3,09:13:53,31.301672,121.499816,sunny
312,6,3,09:14:19,31.301672,121.499816,sunny
35,6,3,09:18:11,31.193324,121.59434,sunny
367,6,3,09:28:24,31.297359,121.49558399999999,sunny
395,6,3,09:29:23,31.30209,121.49301,sunny
367,6,3,09:29:46,31.297359,121.49558399999999,sunny
217,6,3,09:31:51,31.291810999999999,121.49687400000001,sunny
217,6,3,09:31:54,31.291810999999999,121.49687400000001,sunny
217,6,3,09:31:59,31.291810999999999,121.49687400000001,sunny
359,6,3,09:32:05,31.294499999999999,121.497484,sunny
388,6,3,09:32:08,31.297649383544918,121.50002288818359,sunny
388,6,3,09:32:39,31.297750473022461,121.49996948242188,sunny
406,6,3,09:33:01,31.197397232055664,121.44471740722656,sunny
275,6,3,09:35:17,31.301690000000001,121.500322,sunny
3,6,3,09:37:04,31.192115783691406,121.58740234375,sunny
82,6,3,09:37:59,31.297771453857425,121.4999542236328,sunny
84,6,3,09:39:42,31.301687000000001,121.500204,sunny
247,6,3,09:42:38,31.301756999999998,121.49991199999999,sunny
247,6,3,09:42:38,31.301756999999998,121.49991199999999,sunny
444,6,3,09:43:52,31.28913,121.500855,sunny
247,6,3,09:44:42,31.301721000000001,121.499968,sunny
180,6,3,09:46:59,31.193923999999999,121.58973,sunny
229,6,3,09:47:01,31.300041198730469,121.49961090087891,sunny
229,6,3,09:47:36,31.300012588500977,121.49956512451172,sunny
300,6,3,09:49:40,31.294889450073239,121.4979248046875,sunny
115,6,3,09:51:30,31.301137000000001,121.50030099999999,sunny
115,6,3,09:51:34,31.301137000000001,121.50030099999999,sunny
7,6,3,09:51:46,31.192462921142575,121.58774566650391,sunny
122,6,3,09:51:56,31.192327499389648,121.58737945556641,sunny
63,6,3,09:52:40,31.338502883911133,121.49991607666016,cloudy
122,6,3,09:53:11,31.192333221435547,121.58747100830078,sunny
122,6,3,09:53:37,31.192554473876953,121.58744049072266,sunny
122,6,3,09:53:38,31.192554473876953,121.58744049072266,sunny
327,6,3,09:53:53,31.300655364990231,121.49672698974609,sunny
327,6,3,09:53:58,31.300601959228516,121.49703979492188,sunny
375,6,3,09:54:57,31.193366999999999,121.594347,sunny
223,6,3,09:55:07,31.296903,121.500266,sunny
58,6,3,09:59:26,31.19746208190918,121.44345092773438,sunny
223,6,3,10:00:23,31.297184999999999,121.49991900000001,sunny
1,6,3,10:07:39,31.301687000000001,121.500204,sunny
344,6,3,10:09:10,31.297467000000001,121.500097,sunny
344,6,3,10:09:11,31.297467000000001,121.500097,sunny
344,6,3,10:10:40,31.297467000000001,121.500097,sunny
350,6,3,10:11:53,31.197652000000001,121.444928,sunny
350,6,3,10:11:56,31.197652000000001,121.444928,sunny
344,6,3,10:15:05,31.297467000000001,121.500097,sunny
350,6,3,10:16:42,31.197503999999999,121.44502900000001,sunny
313,6,3,10:18:24,31.299568000000001,121.50077,sunny
344,6,3,10:19:54,31.297467000000001,121.500097,sunny
121,6,3,10:23:12,31.055399999999999,121.185756,sunny
328,6,3,10:23:41,31.301587999999999,121.50046,sunny
274,6,3,10:27:01,31.192291999999998,121.593672,sunny
49,6,3,10:32:50,31.192836761474609,121.58982849121094,sunny
116,6,3,10:35:17,31.193131000000001,121.58768499999999,sunny
63,6,3,10:40:43,31.338506698608398,121.49991607666016,cloudy
457,6,3,10:44:00,31.300178527832031,121.50019073486328,sunny
430,6,3,10:45:27,31.193916320800781,121.59275817871094,sunny
344,6,3,10:45:30,31.297467000000001,121.500097,sunny
406,6,3,10:45:54,31.197450637817383,121.4447021484375,sunny
320,6,3,10:46:25,31.30048,121.49660799999999,sunny
148,6,3,10:48:34,31.298957824707031,121.49821472167967,sunny
115,6,3,10:48:49,31.301137000000001,121.50030099999999,sunny
115,6,3,10:48:53,31.301137000000001,121.50030099999999,sunny
303,6,3,10:50:58,31.299362182617188,121.48871612548828,sunny
408,6,3,10:51:08,31.193605000000002,121.594351,sunny
51,6,3,10:52:33,31.193130493164062,121.59324645996094,sunny
191,6,3,10:53:43,31.19288444519043,121.5897216796875,sunny
63,6,3,10:55:03,31.338542938232425,121.4999542236328,cloudy
315,6,3,10:56:07,31.301687000000001,121.500204,sunny
315,6,3,10:56:33,31.301532000000002,121.50041400000001,sunny
430,6,3,10:57:15,31.191848754882812,121.59327697753906,sunny
315,6,3,10:58:41,31.302800999999999,121.498482,sunny
112,6,3,10:58:55,31.301731109619141,121.49994659423828,sunny
411,6,3,11:03:50,31.2999267578125,121.50038146972656,sunny
315,6,3,11:04:23,31.301687000000001,121.500204,sunny
363,6,3,11:05:07,31.3018,121.5,sunny
363,6,3,11:05:36,31.3018,121.5,sunny
363,6,3,11:06:06,31.30181,121.5,sunny
219,6,3,11:06:06,31.193940000000001,121.592674,sunny
363,6,3,11:06:09,31.30181,121.5,sunny
219,6,3,11:06:20,31.193940000000001,121.592674,sunny
303,6,3,11:08:21,31.299430847167969,121.48833465576172,sunny
409,6,3,11:09:39,31.29495,121.49738000000001,sunny
409,6,3,11:09:54,31.294954000000001,121.49737,sunny
265,6,3,11:10:24,31.301202774047852,121.49608612060548,sunny
265,6,3,11:10:56,31.301418304443359,121.4958953857422,sunny
248,6,3,11:12:08,31.191489000000001,121.593639,sunny
9,6,3,11:18:08,31.193427,121.59297599999999,cloudy
208,6,3,11:21:29,31.301676,121.500015,cloudy
42,6,3,11:24:45,31.122295379638672,121.58147430419922,cloudy
78,6,3,11:28:51,31.246689,121.45076400000001,cloudy
18,6,3,11:29:05,31.297429999999999,121.500343,cloudy
78,6,3,11:29:07,31.246689,121.45076400000001,cloudy
78,6,3,11:30:34,31.246689,121.45076400000001,cloudy
312,6,3,11:31:30,31.294803999999999,121.496313,cloudy
253,6,3,11:33:16,31.301870000000001,121.4915,cloudy
214,6,3,11:34:51,31.2348,121.51179999999999,cloudy
214,6,3,11:35:12,31.2348,121.51179999999999,cloudy
247,6,3,11:36:26,31.298921,121.50094300000001,cloudy
247,6,3,11:37:12,31.299772000000001,121.50013800000001,cloudy
247,6,3,11:38:16,31.299797000000002,121.500128,cloudy
247,6,3,11:38:31,31.299797000000002,121.500128,cloudy
406,6,3,11:42:34,31.197452545166016,121.44499206542967,cloudy
406,6,3,11:43:53,31.197465896606445,121.44496917724609,cloudy
215,6,3,11:45:50,31.19793701171875,121.44400787353516,cloudy
120,6,3,11:47:56,31.19685173034668,121.44475555419922,cloudy
217,6,3,11:48:35,31.300394000000001,121.500207,cloudy
171,6,3,11:51:44,31.193137,121.594095,cloudy
24,6,3,11:53:08,31.301937103271484,121.50343322753906,cloudy
159,6,3,11:53:58,31.192506999999999,121.58810699999999,cloudy
159,6,3,11:54:14,31.192556,121.58817000000001,cloudy
159,6,3,11:54:18,31.192556,121.58817000000001,cloudy
179,6,3,11:56:21,31.192350387573239,121.58767700195312,cloudy
255,6,3,12:16:37,31.302099999999999,121.504105,cloudy
103,6,3,12:17:41,31.197488,121.445033,cloudy
103,6,3,12:17:43,31.197488,121.445033,cloudy
103,6,3,12:17:46,31.197488,121.445033,cloudy
42,6,3,12:20:47,31.122198104858398,121.58155059814452,cloudy
63,6,3,12:21:09,31.331567764282227,121.50286865234376,cloudy
247,6,3,12:21:52,31.296803000000001,121.500411,cloudy
406,6,3,12:22:25,31.197467803955082,121.44497680664062,cloudy
247,6,3,12:22:49,31.296749999999999,121.50041,cloudy
36,6,3,12:24:33,31.302783966064453,121.50334930419922,cloudy
36,6,3,12:24:37,31.30278205871582,121.50334930419922,cloudy
332,6,3,12:25:15,31.299406000000001,121.500473,cloudy
84,6,3,12:25:49,31.293807999999999,121.49401899999999,cloudy
84,6,3,12:26:34,31.293807999999999,121.49401899999999,cloudy
64,6,3,12:30:39,31.192451477050781,121.58781433105467,cloudy
135,6,3,12:30:49,31.291931000000002,121.496759,cloudy
463,6,3,12:35:48,31.224853515625,121.44582366943359,cloudy
320,6,3,12:35:49,31.303204000000001,121.49934500000001,cloudy
406,6,3,12:46:21,31.197469711303711,121.44498443603516,cloudy
350,6,3,12:53:57,31.197714999999999,121.44490399999999,cloudy
350,6,3,12:54:01,31.197714999999999,121.44490399999999,cloudy
259,6,3,12:57:26,31.302174000000001,121.50198,cloudy
359,6,3,12:59:07,31.300927000000001,121.499172,cloudy
3,6,3,13:21:56,31.192081451416016,121.58742523193359,cloudy
63,6,3,13:30:16,31.338554382324219,121.49996185302734,cloudy
63,6,3,13:30:20,31.338529586791992,121.49996185302734,cloudy
63,6,3,13:30:24,31.338542938232425,121.49996948242188,cloudy
316,6,3,13:32:08,31.193231582641602,121.59455108642578,cloudy
17,6,3,13:32:57,31.229085999999999,121.545517,cloudy
17,6,3,13:33:03,31.229085999999999,121.545517,cloudy
171,6,3,13:33:18,31.193957000000001,121.594446,cloudy
171,6,3,13:33:18,31.193957000000001,121.594446,cloudy
60,6,3,13:57:30,31.336539999999999,121.4944,cloudy
375,6,3,13:57:48,31.192478000000001,121.58761800000001,cloudy
375,6,3,13:57:51,31.192478000000001,121.58761800000001,cloudy
412,6,3,14:02:17,31.2986,121.504842,cloudy
412,6,3,14:02:17,31.2986,121.504842,cloudy
412,6,3,14:02:23,31.2986,121.504842,cloudy
412,6,3,14:03:28,31.299009000000002,121.501025,cloudy
120,6,3,14:07:52,31.197118759155273,121.44407653808594,cloudy
410,6,3,14:12:32,31.302909,121.503809,cloudy
63,6,3,14:12:43,31.338571548461911,121.49994659423828,cloudy
58,6,3,14:15:53,31.197328567504883,121.44382476806641,cloudy
444,6,3,14:17:23,31.28913,121.500855,cloudy
285,6,3,14:21:48,31.300746,121.49717,cloudy
350,6,3,14:22:26,31.197503999999999,121.44502900000001,cloudy
55,6,3,14:34:32,31.193632000000001,121.595214,cloudy
55,6,3,14:34:37,31.193632000000001,121.595214,cloudy
104,6,3,14:43:51,31.299769999999999,121.4974,cloudy
74,6,3,14:48:44,31.411392211914062,121.48033142089844,cloudy
179,6,3,14:49:15,31.193742752075195,121.59268188476562,cloudy
179,6,3,14:49:23,31.193698883056641,121.59253692626952,cloudy
179,6,3,14:49:40,31.193769454956055,121.59250640869141,cloudy
297,6,3,14:57:27,31.300149000000001,121.499453,cloudy
189,6,3,15:14:04,31.297768000000001,121.50159499999999,cloudy
115,6,3,15:16:16,31.28913,121.500855,cloudy
96,6,3,15:16:34,31.292684000000001,121.495695,cloudy
96,6,3,15:16:45,31.292684000000001,121.495695,cloudy
96,6,3,15:17:56,31.292684000000001,121.495695,cloudy
96,6,3,15:17:56,31.292684000000001,121.495695,cloudy
96,6,3,15:18:04,31.292684000000001,121.495695,cloudy
406,6,3,15:33:35,31.197463989257812,121.44496917724609,cloudy
360,6,3,15:34:38,31.302987999999999,121.491176,cloudy
261,6,3,15:37:59,31.293610000000001,121.49554000000001,cloudy
148,6,3,15:50:52,31.298954010009769,121.49820709228516,cloudy
7,6,3,15:53:06,31.192346572875977,121.58765411376952,cloudy
7,6,3,15:53:27,31.192354202270508,121.58778381347656,cloudy
446,6,3,16:06:45,31.193126678466797,121.59318542480467,cloudy
446,6,3,16:08:09,31.193195343017575,121.59313201904295,cloudy
7,6,3,16:17:27,31.192535400390625,121.58778381347656,cloudy
7,6,3,16:17:56,31.192365646362305,121.58766937255859,cloudy
392,6,3,16:20:00,31.297208000000001,121.49989600000001,cloudy
247,6,3,16:24:08,31.296602,121.498835,cloudy
338,6,3,16:46:03,31.198543000000001,121.44563599999999,cloudy
338,6,3,16:46:40,31.198543000000001,121.44563599999999,cloudy
398,6,3,16:54:05,31.233125999999999,121.464485,cloudy
292,6,3,16:55:44,31.192920684814453,121.58995056152344,cloudy
408,6,3,16:58:29,31.194305,121.59531699999999,cloudy
354,6,3,17:05:44,31.192875999999998,121.59335,cloudy
255,6,3,17:06:04,31.302068999999999,121.50008,cloudy
120,6,3,17:22:54,31.197328567504883,121.44510650634766,cloudy
332,6,3,17:23:03,31.299113999999999,121.498874,cloudy
434,6,3,17:23:13,31.293801999999999,121.49827500000001,cloudy
434,6,3,17:23:13,31.293801999999999,121.49827500000001,cloudy
312,6,3,17:23:54,31.302098000000001,121.500281,cloudy
84,6,3,17:23:58,31.300142000000001,121.499797,cloudy
179,6,3,17:24:37,31.193824768066406,121.59254455566406,cloudy
63,6,3,17:24:47,31.333089828491211,121.49176025390624,cloudy
63,6,3,17:24:50,31.333089828491211,121.49176025390624,cloudy
63,6,3,17:24:52,31.333095550537109,121.49175262451172,cloudy
63,6,3,17:24:54,31.333095550537109,121.49175262451172,cloudy
63,6,3,17:24:57,31.333095550537109,121.49175262451172,cloudy
12,6,3,17:25:04,31.190911,121.592985,cloudy
239,6,3,17:25:55,31.333300000000001,121.491992,cloudy
63,6,3,17:26:08,31.333097457885746,121.49175262451172,cloudy
63,6,3,17:26:11,31.333097457885746,121.49175262451172,cloudy
12,6,3,17:26:50,31.191611000000002,121.592716,cloudy
110,6,3,17:27:13,31.197695,121.444637,cloudy
12,6,3,17:28:01,31.19089,121.592956,cloudy
44,6,3,17:31:30,31.181376,121.433784,cloudy
19,6,3,17:32:53,31.198540000000001,121.44541099999999,cloudy
171,6,3,17:32:53,31.193845,121.594904,cloudy
331,6,3,17:32:57,31.29254150390625,121.49692535400391,cloudy
297,6,3,17:34:32,31.302002000000002,121.50033000000001,cloudy
179,6,3,17:35:03,31.192882537841797,121.59137725830078,cloudy
179,6,3,17:35:38,31.192882537841797,121.59137725830078,cloudy
168,6,3,17:35:39,31.292953491210938,121.4945068359375,cloudy
220,6,3,17:36:00,32.409222999999997,119.421015,cloudy
380,6,3,17:36:55,31.197512,121.442903,cloudy
449,6,3,17:40:11,31.192170999999998,121.59245,cloudy
409,6,3,17:41:14,31.297487,121.49943,cloudy
206,6,3,17:42:53,31.293441999999999,121.495526,cloudy
135,6,3,17:47:35,31.301727,121.5057,cloudy
406,6,3,17:48:13,31.197471618652344,121.44497680664062,cloudy
258,6,3,17:49:44,31.300111999999999,121.50035099999999,cloudy
258,6,3,17:50:33,31.300111999999999,121.50035099999999,cloudy
258,6,3,17:50:33,31.300111999999999,121.50035099999999,cloudy
450,6,3,17:57:50,31.191489000000001,121.593639,cloudy
388,6,3,17:57:54,31.302818298339844,121.50554656982422,cloudy
315,6,3,17:59:25,31.304798999999999,121.50903599999999,cloudy
85,6,3,18:54:02,31.299863999999999,121.500007,cloudy
110,6,3,19:14:01,31.198015999999999,121.445001,cloudy
392,6,3,19:14:15,31.293441000000001,121.495745,cloudy
392,6,3,19:14:24,31.293438999999999,121.49576,cloudy
421,6,3,19:21:04,31.292905807495117,121.49532318115234,cloudy
421,6,3,19:21:47,31.293022155761719,121.4951171875,cloudy
421,6,3,19:22:19,31.292985916137695,121.49527740478516,cloudy
432,6,3,19:22:36,31.299607000000002,121.500345,cloudy
3,6,3,19:22:36,31.191793441772461,121.58713531494141,cloudy
3,6,3,19:22:47,31.191753387451172,121.5871124267578,cloudy
3,6,3,19:22:52,31.192089080810547,121.58734893798828,cloudy
432,6,3,19:22:53,31.299676999999999,121.500354,cloudy
203,6,3,19:25:32,31.30000114440918,121.49981689453124,cloudy
120,6,3,19:28:45,31.196855545043945,121.44475555419922,cloudy
265,6,3,19:36:42,31.303003311157227,121.49365234375,cloudy
265,6,3,19:36:42,31.303003311157227,121.49365234375,cloudy
406,6,3,19:55:31,31.197463989257812,121.44497680664062,cloudy
66,6,3,19:57:34,31.193247,121.594606,cloudy
66,6,3,19:57:58,31.193216,121.59459099999999,cloudy
434,6,3,19:58:58,31.293804000000002,121.498287,cloudy
226,6,3,20:07:10,31.299782,121.50113,cloudy
239,6,3,20:17:09,31.333300000000001,121.491992,sunny
63,6,3,20:17:10,31.333093643188477,121.49175262451172,cloudy
63,6,3,20:17:13,31.33306884765625,121.49170684814452,cloudy
239,6,3,20:17:15,31.333300000000001,121.491992,sunny
239,6,3,20:17:31,31.333300000000001,121.491992,sunny
63,6,3,20:17:57,31.333076477050781,121.49173736572266,cloudy
63,6,3,20:18:02,31.333078384399418,121.49176025390624,cloudy
63,6,3,20:18:04,31.333078384399418,121.49176025390624,cloudy
376,6,3,20:20:49,31.197320000000001,121.4451,sunny
227,6,3,20:42:30,31.27028,121.52679500000001,sunny
255,6,3,21:04:14,31.302323000000001,121.503727,sunny
255,6,3,21:04:20,31.302323000000001,121.503727,sunny
375,6,3,21:16:06,31.192499999999999,121.5878,cloudy
375,6,3,21:16:19,31.192499999999999,121.5878,cloudy
375,6,3,21:16:19,31.192499999999999,121.5878,cloudy
242,6,3,21:23:09,31.294516999999999,121.49574,sunny
105,6,3,21:24:17,31.19304084777832,121.59319305419922,cloudy
292,6,3,21:26:31,31.192903518676761,121.58989715576172,cloudy
406,6,3,21:34:39,31.197463989257812,121.44497680664062,sunny
171,6,3,21:48:44,31.192679999999999,121.589803,cloudy
179,6,3,21:57:15,31.193904876708984,121.59238433837891,cloudy
247,6,3,21:58:45,31.295376000000001,121.49795,sunny
84,6,3,21:58:47,31.299896,121.499026,sunny
42,6,3,21:59:03,31.122447967529297,121.58146667480467,cloudy
219,6,3,21:59:12,31.201082,121.63115000000001,cloudy
406,6,3,21:59:45,31.197463989257812,121.44497680664062,sunny
407,6,3,22:04:07,31.303974,121.504588,sunny
120,6,3,22:04:12,31.196853637695312,121.44476318359376,sunny
185,6,3,22:06:20,31.193248000000001,121.594568,cloudy
316,6,3,22:06:46,31.192316055297852,121.58757781982422,cloudy
313,6,3,22:07:08,31.292719000000002,121.49603,sunny
219,6,3,22:07:34,31.2011,121.63120000000001,cloudy
229,6,3,22:09:01,31.302806854248047,121.50414276123048,sunny
88,6,3,22:09:16,31.192549,121.58817999999999,cloudy
116,6,3,22:10:38,31.193042999999999,121.587673,cloudy
116,6,3,22:10:59,31.194178999999998,121.586466,cloudy
78,6,3,22:13:25,31.300415999999998,121.50168499999999,sunny
78,6,3,22:13:27,31.300415999999998,121.50168499999999,sunny
179,6,3,22:13:37,31.193845748901367,121.5925750732422,cloudy
63,6,3,22:13:39,31.333099365234375,121.49175262451172,sunny
63,6,3,22:13:43,31.333097457885746,121.49175262451172,sunny
63,6,3,22:13:44,31.333097457885746,121.49175262451172,sunny
327,6,3,22:13:58,31.299598693847656,121.50008392333984,sunny
327,6,3,22:14:22,31.300077438354492,121.49996948242188,sunny
327,6,3,22:14:26,31.300077438354492,121.49996948242188,sunny
179,6,3,22:14:42,31.193782806396484,121.592529296875,cloudy
307,6,3,22:14:48,31.300167083740231,121.49999237060548,sunny
307,6,3,22:14:48,31.300107955932617,121.49994659423828,sunny
307,6,3,22:14:49,31.300107955932617,121.49994659423828,sunny
307,6,3,22:14:50,31.300107955932617,121.49994659423828,sunny
179,6,3,22:15:16,31.193765640258789,121.59255218505859,cloudy
179,6,3,22:15:18,31.193765640258789,121.59255218505859,cloudy
96,6,3,22:21:31,31.294187000000001,121.49448700000001,sunny
164,6,3,22:23:02,31.302596000000001,121.50535499999999,sunny
376,6,3,22:26:46,31.20008,121.44329999999999,sunny
405,6,3,22:34:43,31.293037414550781,121.49429321289062,sunny
359,6,3,22:37:02,31.294540999999999,121.497472,sunny
2,6,3,22:40:03,31.293431999999999,121.49546100000001,sunny
150,6,3,22:40:39,31.303787,121.493983,sunny
100,6,3,22:43:56,31.301214999999999,121.492396,sunny
16,6,3,22:47:53,31.193819999999999,121.58978,cloudy
63,6,3,22:48:51,31.333097457885746,121.49176025390624,cloudy
63,6,3,22:48:57,31.333223342895508,121.49169158935548,cloudy
71,6,3,22:49:16,31.197456359863281,121.44496917724609,sunny
71,6,3,22:49:20,31.197450637817383,121.44496917724609,sunny
71,6,3,22:49:36,31.197450637817383,121.44496917724609,sunny
26,6,3,22:51:38,31.192590713500977,121.58773040771484,cloudy
287,6,3,22:52:09,31.336327000000001,121.494191,sunny
1,6,3,22:52:16,31.303246000000001,121.494201,sunny
380,6,3,22:59:13,31.197282999999999,121.445058,sunny
120,6,3,22:59:13,31.196853637695312,121.44475555419922,sunny
120,6,3,22:59:19,31.196853637695312,121.44476318359376,sunny
120,6,3,22:59:21,31.196853637695312,121.44476318359376,sunny
315,6,3,23:06:37,31.291478999999999,121.500202,sunny
350,6,3,23:06:38,31.197503999999999,121.44502900000001,sunny
70,6,3,23:07:08,31.293437000000001,121.49576500000001,sunny
70,6,3,23:07:14,31.293437000000001,121.49576500000001,sunny
70,6,3,23:07:27,31.293420999999999,121.495791,sunny
70,6,3,23:07:31,31.293420999999999,121.495791,sunny
70,6,3,23:11:04,31.293423000000001,121.49579199999999,sunny
70,6,3,23:11:13,31.293423000000001,121.49579199999999,sunny
323,6,3,23:12:36,31.293721999999999,121.49608000000001,sunny
323,6,3,23:12:41,31.293721999999999,121.49608000000001,sunny
307,6,3,23:33:24,31.304794311523441,121.50155639648438,cloudy
307,6,3,23:33:25,31.304794311523441,121.50155639648438,cloudy
324,6,3,23:38:11,31.294535,121.496543,cloudy
140,6,3,23:43:39,31.192454000000001,121.58972300000001,cloudy
140,6,3,23:45:04,31.192630000000001,121.589795,cloudy
312,6,3,23:58:01,31.294668999999999,121.497646,cloudy
406,7,4,00:00:14,31.197637557983398,121.44478607177734,cloudy
439,7,4,00:00:36,31.295356000000002,121.497823,cloudy
258,7,4,00:00:40,31.294937000000001,121.49735099999999,cloudy
120,7,4,00:02:40,31.196857452392575,121.44476318359376,cloudy
320,7,4,00:02:45,31.293123000000001,121.495513,cloudy
101,7,4,00:05:16,31.177879333496097,121.5939483642578,cloudy
101,7,4,00:05:16,31.177881240844727,121.5939483642578,cloudy
140,7,4,00:06:22,31.192619000000001,121.58978999999999,cloudy
24,7,4,00:08:23,31.292173385620117,121.49660491943359,cloudy
148,7,4,00:10:58,31.302549362182617,121.50415802001952,cloudy
148,7,4,00:10:58,31.302553176879883,121.50417327880859,cloudy
9,7,4,00:16:21,31.192544000000002,121.58822000000001,cloudy
409,7,4,00:19:41,31.29515,121.49737500000001,cloudy
409,7,4,00:19:49,31.293043000000001,121.50183,cloudy
179,7,4,00:24:15,31.192329406738281,121.58771514892578,cloudy
118,7,4,00:24:46,31.192468999999999,121.58786000000001,cloudy
179,7,4,00:27:01,31.19233512878418,121.58771514892578,cloudy
248,7,4,00:27:53,31.192466,121.58788300000001,cloudy
248,7,4,00:27:56,31.192467000000001,121.587816,cloudy
248,7,4,00:28:14,31.192499999999999,121.5878,cloudy
112,7,4,00:32:58,31.291990280151367,121.49684143066406,cloudy
380,7,4,00:33:02,31.197329,121.44504999999999,cloudy
380,7,4,00:33:17,31.197329,121.44504999999999,cloudy
396,7,4,00:33:41,31.198,121.44670000000001,cloudy
300,7,4,00:35:50,31.295053482055664,121.49767303466795,cloudy
300,7,4,00:35:52,31.294834136962891,121.49793243408205,cloudy
300,7,4,00:35:53,31.294834136962891,121.49793243408205,cloudy
458,7,4,00:41:29,31.299866999999999,121.501141,cloudy
36,7,4,00:49:53,31.302751541137695,121.50331878662109,cloudy
375,7,4,00:52:13,31.191452000000002,121.5868,cloudy
91,7,4,01:10:10,31.192378997802734,121.58760833740234,cloudy
46,7,4,06:27:18,31.197486999999999,121.445188,cloudy
205,7,4,06:29:43,31.29515,121.496584,cloudy
359,7,4,06:31:04,31.294521,121.497462,cloudy
300,7,4,06:50:07,31.294878005981445,121.49795532226562,cloudy
63,7,4,07:03:15,31.33306884765625,121.49175262451172,cloudy
299,7,4,07:05:05,31.303208000000001,121.492757,cloudy
359,7,4,07:08:30,31.294535,121.49748,cloudy
332,7,4,07:09:30,31.293745999999999,121.495788,cloudy
376,7,4,07:17:00,31.155139999999999,121.348,cloudy
331,7,4,07:17:16,31.292562484741211,121.49694061279295,cloudy
412,7,4,07:23:39,31.296958,121.498668,cloudy
110,7,4,07:27:00,31.197391,121.44510200000001,cloudy
24,7,4,07:28:12,31.292129516601559,121.49668884277344,cloudy
325,7,4,07:35:36,31.02327,121.432,cloudy
312,7,4,07:40:21,31.294806000000001,121.496312,cloudy
269,7,4,07:49:24,31.178087000000001,121.594646,cloudy
324,7,4,07:54:02,31.300059999999998,121.499438,cloudy
452,7,4,07:58:01,31.300050735473633,121.4998016357422,cloudy
452,7,4,07:58:01,31.300050735473633,121.4998016357422,cloudy
452,7,4,07:58:01,31.300050735473633,121.4998016357422,cloudy
239,7,4,08:04:50,31.333302,121.491799,cloudy
9,7,4,08:11:24,31.192799000000001,121.588105,cloudy
406,7,4,08:11:39,31.197389602661133,121.44472503662109,cloudy
388,7,4,08:12:03,31.302766799926761,121.50559997558594,cloudy
264,7,4,08:15:09,31.300090789794918,121.50017547607422,cloudy
454,7,4,08:19:27,31.192220687866211,121.59098052978516,cloudy
454,7,4,08:19:30,31.192220687866211,121.59098052978516,cloudy
297,7,4,08:24:59,31.301749000000001,121.500289,cloudy
63,7,4,08:34:51,31.333061218261719,121.49176025390624,cloudy
292,7,4,08:36:00,31.192897796630859,121.58987426757812,cloudy
115,7,4,08:38:10,31.292300000000001,121.496988,cloudy
120,7,4,08:39:12,31.196857452392575,121.4447784423828,cloudy
350,7,4,08:47:35,31.197192000000001,121.444543,cloudy
350,7,4,08:48:36,31.197167,121.44454899999999,cloudy
217,7,4,08:52:16,31.296316999999998,121.5031,cloudy
217,7,4,08:52:19,31.296316999999998,121.5031,cloudy
137,7,4,08:53:40,31.302900999999999,121.502608,cloudy
247,7,4,08:54:06,31.295310000000001,121.497961,cloudy
99,7,4,09:11:44,31.026939392089844,121.43415832519533,cloudy
442,7,4,09:20:13,31.300660000000001,121.49677,cloudy
359,7,4,09:25:39,31.294663,121.49725599999999,cloudy
110,7,4,09:47:43,31.197023000000002,121.444022,cloudy
116,7,4,09:56:53,31.193131000000001,121.58768499999999,cloudy
116,7,4,09:57:22,31.193131000000001,121.58768499999999,cloudy
116,7,4,09:57:46,31.193131000000001,121.58768499999999,cloudy
116,7,4,09:58:11,31.193131000000001,121.58768499999999,cloudy
120,7,4,09:59:49,31.200620651245117,121.44920349121094,cloudy
193,7,4,10:15:17,31.193926999999999,121.59562200000001,cloudy
359,7,4,10:19:53,31.294359,121.49737399999999,cloudy
359,7,4,10:20:18,31.294516000000002,121.497495,cloudy
359,7,4,10:21:39,31.294530000000002,121.49748599999999,cloudy
84,7,4,10:22:45,31.298096999999999,121.501267,cloudy
300,7,4,10:24:52,31.294868469238281,121.49800872802734,cloudy
300,7,4,10:24:55,31.294868469238281,121.49796295166016,cloudy
300,7,4,10:25:15,31.294900894165039,121.49788665771484,cloudy
327,7,4,10:27:07,31.301826477050781,121.50011444091795,cloudy
85,7,4,10:27:19,31.301497000000001,121.500863,cloudy
327,7,4,10:27:27,31.301828384399418,121.50011444091795,cloudy
327,7,4,10:27:52,31.301734924316406,121.49998474121094,cloudy
303,7,4,10:32:03,31.300228118896484,121.50011444091795,cloudy
164,7,4,10:33:03,31.301884000000001,121.50106,cloudy
320,7,4,10:33:31,31.300267999999999,121.49687900000001,cloudy
219,7,4,10:34:31,31.193944999999999,121.592674,cloudy
201,7,4,10:34:37,31.300332999999998,121.500353,cloudy
450,7,4,10:36:23,31.191489000000001,121.593638,cloudy
450,7,4,10:36:27,31.191489000000001,121.593638,cloudy
248,7,4,10:37:29,31.193401999999999,121.59389400000001,cloudy
450,7,4,10:38:02,31.191489000000001,121.593638,cloudy
411,7,4,10:38:08,31.193199157714844,121.59462738037109,cloudy
406,7,4,10:38:23,31.199363708496097,121.44655609130859,cloudy
411,7,4,10:38:51,31.193187713623047,121.59455108642578,cloudy
350,7,4,10:39:16,31.196944999999999,121.444495,cloudy
18,7,4,10:40:34,31.299885,121.499562,cloudy
18,7,4,10:40:34,31.299885,121.499562,cloudy
444,7,4,10:40:41,31.298098,121.498392,cloudy
444,7,4,10:40:41,31.298098,121.498392,cloudy
173,7,4,10:41:18,31.193109512329102,121.5932159423828,cloudy
444,7,4,10:41:26,31.298098,121.498392,cloudy
444,7,4,10:41:30,31.298098,121.498392,cloudy
78,7,4,10:41:33,31.301473000000001,121.500539,cloudy
78,7,4,10:41:35,31.301473000000001,121.500539,cloudy
78,7,4,10:41:36,31.301473000000001,121.500539,cloudy
78,7,4,10:41:43,31.301473000000001,121.500539,cloudy
244,7,4,10:42:53,31.191489000000001,121.593638,cloudy
209,7,4,10:44:38,31.19325065612793,121.59352874755859,cloudy
278,7,4,10:44:52,31.301723480224609,121.50081634521484,cloudy
278,7,4,10:44:52,31.301723480224609,121.50081634521484,cloudy
278,7,4,10:44:52,31.301723480224609,121.50081634521484,cloudy
278,7,4,10:44:53,31.301723480224609,121.50081634521484,cloudy
278,7,4,10:44:53,31.301723480224609,121.50081634521484,cloudy
278,7,4,10:44:53,31.301723480224609,121.50081634521484,cloudy
278,7,4,10:44:53,31.301723480224609,121.50081634521484,cloudy
278,7,4,10:44:55,31.301738739013672,121.50078582763672,cloudy
278,7,4,10:44:56,31.301738739013672,121.50078582763672,cloudy
209,7,4,10:45:27,31.193256378173828,121.59349822998048,cloudy
297,7,4,10:45:45,31.300727999999999,121.496984,cloudy
432,7,4,10:46:02,31.300609000000001,121.49727300000001,cloudy
392,7,4,10:47:32,31.300065,121.49979399999999,cloudy
436,7,4,10:48:17,30.902908325195312,121.88715362548828,cloudy
392,7,4,10:48:23,31.300004000000001,121.499813,cloudy
247,7,4,10:50:47,31.297449,121.500378,cloudy
417,7,4,10:51:15,31.29069709777832,121.41510772705078,cloudy
266,7,4,10:54:09,31.193439000000001,121.594149,cloudy
131,7,4,10:54:10,31.299945831298828,121.49964904785156,cloudy
284,7,4,10:56:31,31.292836999999999,121.49672700000001,cloudy
351,7,4,11:01:26,31.300117492675781,121.49999237060548,cloudy
351,7,4,11:01:31,31.300115585327148,121.49999237060548,cloudy
254,7,4,11:11:05,31.299876999999999,121.499499,cloudy
258,7,4,11:12:33,31.294943,121.497365,cloudy
217,7,4,11:17:32,31.300735,121.497202,cloudy
217,7,4,11:17:35,31.300735,121.497202,cloudy
102,7,4,11:18:17,31.293767929077148,121.4954833984375,cloudy
102,7,4,11:18:17,31.293767929077148,121.4954833984375,cloudy
102,7,4,11:18:17,31.293743133544918,121.49562072753906,cloudy
312,7,4,11:19:38,31.294806000000001,121.496312,cloudy
384,7,4,11:19:40,31.300422668457031,121.49699401855467,cloudy
103,7,4,11:19:43,31.196925,121.44450999999999,cloudy
103,7,4,11:20:07,31.196925,121.44450999999999,cloudy
420,7,4,11:21:10,31.292732238769531,121.49534606933594,cloudy
252,7,4,11:21:52,31.198431015014648,121.44347381591795,cloudy
148,7,4,11:22:01,31.297174453735352,121.50032806396484,cloudy
100,7,4,11:22:03,31.301583999999998,121.505409,cloudy
229,7,4,11:22:37,31.3026123046875,121.50428771972656,cloudy
465,7,4,11:23:35,31.299011,121.50102,cloudy
267,7,4,11:24:06,31.298098,121.498392,cloudy
338,7,4,11:27:51,31.197329,121.444918,cloudy
338,7,4,11:28:25,31.197329,121.444918,cloudy
383,7,4,11:29:15,31.197367,121.445086,cloudy
320,7,4,11:30:36,31.300170000000001,121.49705,cloudy
110,7,4,11:34:04,31.196944999999999,121.44396399999999,cloudy
74,7,4,11:35:29,31.411464691162109,121.48088836669922,cloudy
115,7,4,11:36:50,31.301691999999999,121.500266,cloudy
115,7,4,11:36:53,31.301691999999999,121.500266,cloudy
7,7,4,11:39:09,31.192350387573239,121.58767700195312,cloudy
7,7,4,11:39:28,31.192356109619141,121.58768463134766,cloudy
7,7,4,11:40:25,31.192358016967773,121.58768463134766,cloudy
332,7,4,11:42:08,31.300115000000002,121.499442,cloudy
390,7,4,11:42:33,31.182085037231445,121.60225677490234,cloudy
101,7,4,11:45:15,31.177850723266602,121.59393310546876,cloudy
363,7,4,11:47:17,31.303879999999999,121.50620000000001,cloudy
179,7,4,11:57:52,31.19367790222168,121.59244537353516,cloudy
42,7,4,11:58:55,31.122358322143555,121.58148956298828,cloudy
179,7,4,12:00:21,31.19377326965332,121.59249877929688,cloudy
179,7,4,12:09:32,31.193788528442383,121.5924835205078,cloudy
227,7,4,12:13:31,31.212320999999999,121.383405,cloudy
327,7,4,12:23:02,31.302751541137695,121.50211334228516,cloudy
327,7,4,12:25:50,31.302776336669918,121.50211334228516,cloudy
251,7,4,12:27:12,31.297933578491211,121.50104522705078,cloudy
179,7,4,12:32:37,31.19379997253418,121.59218597412109,cloudy
300,7,4,12:35:51,31.301643371582031,121.50025177001952,cloudy
300,7,4,12:36:55,31.301469802856445,121.5007781982422,cloudy
222,7,4,12:37:50,31.300681999999998,121.503962,cloudy
460,7,4,12:39:41,31.296990999999998,121.499966,cloudy
460,7,4,12:39:59,31.296972,121.499971,cloudy
116,7,4,12:42:23,31.193131000000001,121.58768499999999,cloudy
406,7,4,12:49:08,31.197467803955082,121.44496917724609,cloudy
406,7,4,12:50:36,31.197463989257812,121.44496917724609,cloudy
266,7,4,12:53:11,31.1938,121.595668,cloudy
266,7,4,12:54:06,31.193809999999999,121.59567,cloudy
266,7,4,12:55:06,31.193822000000001,121.595669,cloudy
201,7,4,12:56:41,31.301984999999998,121.499861,cloudy
222,7,4,13:02:57,31.300681999999998,121.503962,cloudy
467,7,4,13:04:36,31.30021,121.5,cloudy
467,7,4,13:04:36,31.30021,121.5,cloudy
184,7,4,13:04:37,31.292159999999999,121.49672099999999,cloudy
467,7,4,13:04:49,31.300129999999999,121.5,cloudy
467,7,4,13:04:49,31.300129999999999,121.5,cloudy
467,7,4,13:04:49,31.300039999999999,121.4999,cloudy
467,7,4,13:04:50,31.300039999999999,121.4999,cloudy
255,7,4,13:05:37,31.302258999999999,121.50372900000001,cloudy
430,7,4,13:05:49,31.19354248046875,121.59342193603516,cloudy
76,7,4,13:06:21,31.301469999999998,121.50054,cloudy
148,7,4,13:06:25,31.296886444091797,121.50003051757812,cloudy
418,7,4,13:06:48,31.299873999999999,121.49997500000001,cloudy
418,7,4,13:06:51,31.299873999999999,121.49997500000001,cloudy
120,7,4,13:07:47,31.196857452392575,121.44477081298828,cloudy
313,7,4,13:08:52,31.301435000000001,121.50021,cloudy
363,7,4,13:09:11,31.29973,121.4945,cloudy
289,7,4,13:09:25,31.194123999999999,121.589332,cloudy
85,7,4,13:10:32,31.301987,121.49992399999999,cloudy
42,7,4,13:10:39,31.122354507446289,121.58148193359376,cloudy
170,7,4,13:12:08,31.301677703857425,121.5003662109375,cloudy
306,7,4,13:12:56,31.300121000000001,121.497444,cloudy
148,7,4,13:13:12,31.295120239257812,121.49912261962891,cloudy
148,7,4,13:13:13,31.295061111450195,121.49909210205078,cloudy
306,7,4,13:13:15,31.300121000000001,121.497444,cloudy
125,7,4,13:13:16,31.3002,121.5,cloudy
1,7,4,13:14:46,31.301689,121.500208,cloudy
1,7,4,13:14:51,31.301689,121.500208,cloudy
1,7,4,13:14:56,31.301689,121.500208,cloudy
58,7,4,13:15:57,31.197036743164062,121.44482421875,cloudy
58,7,4,13:15:57,31.197036743164062,121.44482421875,cloudy
284,7,4,13:17:07,31.292836999999999,121.49672700000001,cloudy
1,7,4,13:17:23,31.303370999999999,121.500908,cloudy
1,7,4,13:17:29,31.303370999999999,121.500908,cloudy
363,7,4,13:21:51,31.29973,121.4945,cloudy
363,7,4,13:21:53,31.29973,121.4945,cloudy
456,7,4,13:22:39,31.193447113037109,121.59495544433594,cloudy
376,7,4,13:24:33,31.200299999999999,121.44329999999999,cloudy
392,7,4,13:27:23,31.302987000000002,121.491417,cloudy
375,7,4,13:33:54,31.193401000000001,121.593994,cloudy
63,7,4,13:36:58,31.337833404541016,121.49935150146484,cloudy
63,7,4,13:37:00,31.337831497192383,121.49935150146484,cloudy
63,7,4,13:38:39,31.337837219238281,121.49941253662109,cloudy
120,7,4,13:43:59,31.198318481445312,121.44691467285156,cloudy
149,7,4,13:45:34,31.300115585327148,121.5001220703125,cloudy
78,7,4,13:48:21,31.300018999999999,121.49985100000001,cloudy
78,7,4,13:48:53,31.300018999999999,121.49985100000001,cloudy
78,7,4,13:50:20,31.300018999999999,121.49985100000001,cloudy
158,7,4,13:52:07,31.192777,121.59410200000001,cloudy
158,7,4,13:53:12,31.192730000000001,121.59410200000001,cloudy
235,7,4,13:57:22,31.301733016967773,121.49959564208984,cloudy
406,7,4,13:58:55,31.200035095214844,121.44756317138672,cloudy
398,7,4,14:11:10,31.203949999999999,121.5842,cloudy
65,7,4,14:20:28,31.197800999999998,121.44355299999999,cloudy
185,7,4,14:28:41,31.297232000000001,121.49990099999999,cloudy
120,7,4,14:44:38,31.198356628417969,121.44693756103516,cloudy
120,7,4,14:44:41,31.198274612426761,121.44692993164062,cloudy
120,7,4,14:44:42,31.198326110839844,121.44693756103516,cloudy
120,7,4,14:44:54,31.198326110839844,121.44693756103516,cloudy
100,7,4,14:45:27,31.301476999999998,121.505511,cloudy
120,7,4,14:45:33,31.198307037353516,121.44692993164062,cloudy
100,7,4,14:45:51,31.301476999999998,121.505511,cloudy
120,7,4,14:45:57,31.198310852050781,121.44696044921876,cloudy
72,7,4,14:46:06,31.300304000000001,121.50013,cloudy
72,7,4,14:46:45,31.300284999999999,121.500117,cloudy
118,7,4,14:47:14,31.19115,121.59334,cloudy
371,7,4,14:48:16,31.197116851806641,121.44509124755859,cloudy
231,7,4,14:48:33,31.304514000000001,121.49248,cloudy
214,7,4,14:49:38,31.234739999999999,121.5111,cloudy
312,7,4,14:58:45,31.300325999999998,121.497078,cloudy
148,7,4,15:03:40,31.293418884277344,121.49800872802734,cloudy
115,7,4,15:04:07,31.289767000000001,121.50233799999999,cloudy
363,7,4,15:04:46,31.29973,121.4945,cloudy
451,7,4,15:04:49,31.298098,121.498392,cloudy
451,7,4,15:04:54,31.298098,121.498392,cloudy
316,7,4,15:07:01,31.193988800048828,121.59436798095705,cloudy
457,7,4,15:09:06,31.300760269165039,121.49674224853516,cloudy
238,7,4,15:09:46,31.193382263183594,121.5940399169922,cloudy
359,7,4,15:19:52,31.301414999999999,121.50049,cloudy
359,7,4,15:20:27,31.30142,121.500478,cloudy
359,7,4,15:23:52,31.301409,121.50043700000001,cloudy
465,7,4,15:26:39,31.302237999999999,121.501915,cloudy
412,7,4,15:27:07,31.296835000000002,121.502865,cloudy
412,7,4,15:28:08,31.296835000000002,121.502865,cloudy
465,7,4,15:28:36,31.30265,121.50190000000001,cloudy
412,7,4,15:31:20,31.296835000000002,121.502865,cloudy
412,7,4,15:31:23,31.296835000000002,121.502865,cloudy
63,7,4,15:35:16,31.332988739013672,121.49178314208984,cloudy
147,7,4,15:35:21,31.300319999999999,121.497069,cloudy
63,7,4,15:35:21,31.333070755004883,121.49177551269533,cloudy
307,7,4,15:38:17,31.29998779296875,121.49965667724609,cloudy
331,7,4,15:40:02,31.301393508911133,121.49806213378906,cloudy
331,7,4,15:40:04,31.301395416259769,121.49806213378906,cloudy
331,7,4,15:40:25,31.301435470581055,121.49806213378906,cloudy
255,7,4,15:42:14,31.299434999999999,121.499984,cloudy
431,7,4,15:43:06,31.298098,121.498392,cloudy
47,7,4,15:43:34,31.301138999999999,121.5003,cloudy
103,7,4,15:45:57,31.196939,121.44452200000001,cloudy
155,7,4,15:50:18,31.298961639404297,121.49832153320312,cloudy
374,7,4,15:54:55,31.299287,121.501593,cloudy
307,7,4,15:56:57,31.299951553344727,121.49965667724609,cloudy
96,7,4,15:58:51,31.191151000000001,121.593335,cloudy
219,7,4,16:09:56,31.193923999999999,121.59263,cloudy
36,7,4,16:11:55,31.297203063964844,121.50006866455078,cloudy
237,7,4,16:13:44,31.194299999999998,121.59531800000001,cloudy
237,7,4,16:13:50,31.194299999999998,121.59531800000001,cloudy
237,7,4,16:14:34,31.194305,121.595309,cloudy
278,7,4,16:18:18,31.301813125610352,121.4999542236328,cloudy
278,7,4,16:18:22,31.30180549621582,121.49996185302734,cloudy
148,7,4,16:22:23,31.302303314208984,121.50390625,cloudy
320,7,4,16:25:09,31.293168000000001,121.495569,cloudy
430,7,4,16:37:00,31.194356918334961,121.59267425537109,cloudy
338,7,4,16:39:48,31.197329,121.444918,cloudy
1,7,4,16:43:50,31.297183,121.49991900000001,cloudy
254,7,4,16:49:12,31.300633999999999,121.498211,cloudy
205,7,4,16:51:38,31.295137,121.496588,cloudy
166,7,4,16:53:10,31.299572000000001,121.499528,cloudy
408,7,4,16:58:17,31.194312,121.59536900000001,cloudy
233,7,4,17:00:55,31.299510999999999,121.49772,cloudy
49,7,4,17:01:26,31.192913055419918,121.58974456787109,cloudy
49,7,4,17:01:43,31.192922592163089,121.58975982666016,cloudy
159,7,4,17:02:33,31.301745,121.499979,cloudy
159,7,4,17:03:01,31.3018,121.4999,cloudy
160,7,4,17:06:34,31.295318999999999,121.497499,cloudy
446,7,4,17:13:55,31.193124771118164,121.59333038330078,cloudy
446,7,4,17:13:56,31.193124771118164,121.59333038330078,cloudy
406,7,4,17:14:37,31.197460174560547,121.44496917724609,cloudy
394,7,4,17:15:23,31.293702,121.49511,cloudy
327,7,4,17:15:30,31.29998779296875,121.50014495849609,cloudy
446,7,4,17:15:52,31.193124771118164,121.59333038330078,cloudy
219,7,4,17:16:10,31.190912000000001,121.592995,cloudy
122,7,4,17:17:33,31.193735122680664,121.59261322021484,cloudy
122,7,4,17:17:48,31.193735122680664,121.59261322021484,cloudy
217,7,4,17:24:21,31.302976999999998,121.491309,cloudy
239,7,4,17:25:27,31.333265000000001,121.49196000000001,cloudy
108,7,4,17:25:43,31.293590999999999,121.49548299999999,cloudy
300,7,4,17:26:20,31.296562194824219,121.50196838378906,cloudy
237,7,4,17:28:24,31.190899999999999,121.592952,cloudy
216,7,4,17:28:24,31.197427749633789,121.44512939453124,cloudy
237,7,4,17:28:30,31.190899999999999,121.592952,cloudy
237,7,4,17:28:33,31.190899999999999,121.592952,cloudy
115,7,4,17:29:14,31.294476,121.494585,cloudy
360,7,4,17:30:01,31.292052000000002,121.496619,cloudy
115,7,4,17:30:21,31.294476,121.494585,cloudy
410,7,4,17:42:35,31.302924000000001,121.503788,cloudy
410,7,4,17:42:44,31.302924000000001,121.503788,cloudy
201,7,4,17:47:00,31.301542000000001,121.500488,cloudy
201,7,4,17:47:04,31.301542000000001,121.500488,cloudy
432,7,4,17:47:50,31.293272000000002,121.495727,cloudy
248,7,4,17:54:48,31.193179000000001,121.59461899999999,cloudy
451,7,4,18:05:17,31.294476,121.494585,cloudy
201,7,4,18:06:38,31.301527,121.500523,cloudy
268,7,4,18:08:12,31.303426000000002,121.49433999999999,cloudy
461,7,4,18:08:29,31.106617,121.168639,cloudy
343,7,4,18:09:31,31.299164000000001,121.501131,cloudy
375,7,4,18:12:15,31.1919,121.58710000000001,cloudy
278,7,4,18:17:32,31.303590774536133,121.50826263427734,cloudy
278,7,4,18:17:32,31.303592681884769,121.50826263427734,cloudy
261,7,4,18:26:11,31.301485,121.50058,cloudy
35,7,4,18:32:35,31.193069000000001,121.592969,cloudy
278,7,4,18:33:49,31.303661346435547,121.50490570068359,cloudy
278,7,4,18:33:50,31.303659439086911,121.50490570068359,cloudy
155,7,4,18:37:12,31.292863845825195,121.49681091308594,cloudy
410,7,4,18:37:46,31.299555000000002,121.499545,cloudy
410,7,4,18:37:53,31.299555000000002,121.499545,cloudy
148,7,4,18:39:16,31.300275802612305,121.500244140625,cloudy
74,7,4,18:44:57,31.294235229492188,121.50231170654295,cloudy
74,7,4,18:45:19,31.29426383972168,121.50228118896484,cloudy
193,7,4,18:47:09,31.193819000000001,121.595613,cloudy
193,7,4,18:47:50,31.193929000000001,121.59561100000001,cloudy
193,7,4,18:47:52,31.193929000000001,121.59561100000001,cloudy
434,7,4,18:49:29,31.299652999999999,121.499298,cloudy
434,7,4,18:49:30,31.299652999999999,121.499298,cloudy
388,7,4,18:50:07,31.303327560424805,121.50865936279295,cloudy
412,7,4,18:50:19,31.299008000000001,121.501025,cloudy
216,7,4,18:50:19,31.2327880859375,121.46237182617188,cloudy
179,7,4,18:55:50,31.193740844726559,121.59253692626952,cloudy
375,7,4,19:05:06,31.191500000000001,121.5874,cloudy
163,7,4,19:05:26,31.301397000000001,121.50053,cloudy
103,7,4,19:13:24,31.197306000000001,121.444136,cloudy
36,7,4,19:16:20,31.297351837158203,121.50002288818359,cloudy
356,7,4,19:18:58,31.309137,121.498728,cloudy
359,7,4,19:27:15,31.301600000000001,121.500423,cloudy
149,7,4,19:28:54,31.297214508056641,121.49964904785156,cloudy
63,7,4,19:30:41,31.333063125610352,121.49177551269533,cloudy
63,7,4,19:30:45,31.333063125610352,121.49177551269533,cloudy
63,7,4,19:31:59,31.333019256591797,121.49176025390624,cloudy
416,7,4,19:37:35,31.304044999999999,121.49238,cloudy
171,7,4,19:46:19,31.192679999999999,121.589803,cloudy
171,7,4,19:47:42,31.192679999999999,121.589803,cloudy
255,7,4,19:50:02,31.302150999999999,121.50387600000001,cloudy
338,7,4,19:50:33,31.198543999999998,121.445634,cloudy
455,7,4,19:51:03,31.197337999999998,121.444168,cloudy
300,7,4,20:00:25,31.299839019775391,121.49974822998048,cloudy
300,7,4,20:00:37,31.299739837646484,121.49968719482422,cloudy
300,7,4,20:01:35,31.299697875976559,121.49965667724609,cloudy
300,7,4,20:02:54,31.299777984619141,121.4997100830078,cloudy
84,7,4,20:04:10,31.299901999999999,121.499031,cloudy
421,7,4,20:12:19,31.292936325073239,121.49529266357422,cloudy
395,7,4,20:37:43,31.301500000000001,121.497,sunny
331,7,4,20:38:54,31.292564392089844,121.4969482421875,sunny
446,7,4,20:38:59,31.193387985229492,121.59296417236328,cloudy
446,7,4,20:39:35,31.193082809448239,121.59320068359376,cloudy
446,7,4,20:39:35,31.193080902099609,121.59320068359376,cloudy
71,7,4,20:40:50,31.197376251220703,121.44461822509766,sunny
220,7,4,20:41:21,31.191497999999999,121.59829000000001,cloudy
406,7,4,20:59:35,31.197458267211911,121.44496917724609,sunny
155,7,4,21:02:34,31.292886734008789,121.49679565429688,sunny
307,7,4,21:17:45,31.29994010925293,121.50037384033205,sunny
307,7,4,21:18:15,31.299938201904297,121.50038146972656,sunny
307,7,4,21:18:15,31.299942016601559,121.50035858154295,sunny
307,7,4,21:18:16,31.299942016601559,121.50035858154295,sunny
307,7,4,21:18:16,31.299942016601559,121.50035858154295,sunny
229,7,4,21:31:04,31.290752410888672,121.51602935791016,sunny
229,7,4,21:31:35,31.290754318237305,121.51603698730467,sunny
229,7,4,21:31:35,31.290779113769531,121.5158233642578,sunny
216,7,4,21:32:13,31.292469024658203,121.48244476318359,sunny
237,7,4,21:34:01,31.194467,121.593632,cloudy
237,7,4,21:34:02,31.194467,121.593632,cloudy
237,7,4,21:34:05,31.194467,121.593632,cloudy
258,7,4,21:35:20,31.295166999999999,121.49636099999999,sunny
258,7,4,21:35:27,31.295166999999999,121.49636099999999,sunny
258,7,4,21:35:41,31.295166999999999,121.49636099999999,sunny
258,7,4,21:35:42,31.295166999999999,121.49636099999999,sunny
274,7,4,21:36:05,31.192267999999999,121.593176,cloudy
19,7,4,21:37:21,31.197544000000001,121.44672300000001,sunny
78,7,4,21:38:33,31.300429999999999,121.501758,sunny
163,7,4,21:38:47,31.304531000000001,121.50241,sunny
288,7,4,21:38:53,31.267452239990231,121.53258514404295,sunny
171,7,4,21:41:00,31.192679999999999,121.589803,cloudy
171,7,4,21:41:00,31.192679999999999,121.589803,cloudy
171,7,4,21:41:00,31.192679999999999,121.589803,cloudy
98,7,4,21:43:56,31.197354000000001,121.445097,sunny
463,7,4,21:48:36,31.192253112792969,121.58751678466795,cloudy
22,7,4,21:50:47,31.294918060302734,121.49805450439452,sunny
171,7,4,21:54:59,31.192679999999999,121.589803,cloudy
338,7,4,22:07:23,31.197329,121.444918,sunny
7,7,4,22:08:02,31.191947937011719,121.59085845947266,cloudy
96,7,4,22:13:25,31.292688999999999,121.495214,sunny
255,7,4,22:15:28,31.302727999999998,121.50529,sunny
255,7,4,22:15:59,31.302609,121.50535600000001,sunny
327,7,4,22:15:59,31.299957275390625,121.500244140625,sunny
376,7,4,22:15:59,31.19942,121.4431,sunny
327,7,4,22:16:02,31.299970626831055,121.50022888183594,sunny
327,7,4,22:17:30,31.299798965454102,121.50032043457033,sunny
345,7,4,22:22:36,31.197361000000001,121.44493300000001,sunny
375,7,4,22:24:39,31.192499999999999,121.5878,cloudy
450,7,4,22:26:21,31.191489000000001,121.593638,cloudy
303,7,4,22:27:24,31.29994010925293,121.49967956542967,sunny
158,7,4,22:28:08,31.192731999999999,121.59410099999999,cloudy
158,7,4,22:28:35,31.192782999999999,121.5941,cloudy
158,7,4,22:28:36,31.192782999999999,121.5941,cloudy
158,7,4,22:28:37,31.192909,121.59407299999999,cloudy
85,7,4,22:28:44,31.299285999999999,121.50159499999999,sunny
303,7,4,22:29:15,31.299938201904297,121.49961853027344,sunny
158,7,4,22:31:29,31.192909,121.59407299999999,cloudy
148,7,4,22:34:34,31.300140380859375,121.50015258789062,sunny
120,7,4,22:39:01,31.196844100952148,121.44474792480467,sunny
58,7,4,22:39:28,31.197017669677734,121.44480133056641,sunny
359,7,4,22:39:34,31.294547999999999,121.497469,sunny
171,7,4,22:41:20,31.192679999999999,121.589803,cloudy
120,7,4,22:41:44,31.196855545043945,121.44476318359376,sunny
120,7,4,22:42:35,31.196866989135746,121.44475555419922,sunny
46,7,4,22:50:27,31.196981999999998,121.44457300000001,sunny
394,7,4,23:06:50,31.293199999999999,121.495513,sunny
375,7,4,23:15:07,31.191621000000001,121.587338,overcast
63,7,4,23:17:08,31.33306884765625,121.49176025390624,overcast
63,7,4,23:18:08,31.333087921142575,121.49176025390624,overcast
395,7,4,23:22:27,31.302091999999998,121.49304600000001,overcast
101,7,4,23:28:15,31.177885055541992,121.5939483642578,overcast
388,7,4,23:35:17,31.302762985229492,121.50550842285156,overcast
388,7,4,23:35:19,31.302907943725582,121.50548553466795,overcast
303,7,4,23:35:38,31.299970626831055,121.49964141845705,overcast
42,8,5,00:01:24,31.122413635253903,121.58143615722656,overcast
438,8,5,00:01:44,31.293134999999999,121.496656,overcast
406,8,5,00:03:13,31.197456359863281,121.44496917724609,overcast
332,8,5,00:03:24,31.293589000000001,121.495167,overcast
408,8,5,00:04:07,31.192492999999999,121.589647,overcast
408,8,5,00:05:42,31.192468999999999,121.589668,overcast
408,8,5,00:05:46,31.192468999999999,121.589668,overcast
63,8,5,00:07:42,31.333040237426761,121.49176788330078,overcast
184,8,5,00:10:12,31.292345999999998,121.496768,overcast
115,8,5,00:10:54,31.292107999999999,121.49703100000001,overcast
350,8,5,00:11:21,31.196942,121.444519,overcast
165,8,5,00:13:10,31.291877746582031,121.49737548828124,overcast
300,8,5,00:14:02,31.294858932495117,121.4979248046875,overcast
155,8,5,00:15:54,31.292861938476559,121.4967803955078,overcast
344,8,5,00:17:15,31.300238,121.500975,overcast
148,8,5,00:20:17,31.302543640136719,121.50416564941406,overcast
148,8,5,00:20:23,31.302543640136719,121.50416564941406,overcast
148,8,5,00:43:35,31.302543640136719,121.504150390625,overcast
188,8,5,00:46:51,31.303373336791992,121.49415588378906,overcast
312,8,5,00:48:42,31.294671999999998,121.497632,overcast
458,8,5,00:49:00,31.298895000000002,121.50085199999999,overcast
201,8,5,00:51:04,31.293253,121.49468899999999,overcast
376,8,5,01:34:18,31.198180000000001,121.4436,overcast
163,8,5,01:47:20,31.292535999999998,121.4965,overcast
179,8,5,02:16:49,31.192361831665039,121.5876922607422,overcast
382,8,5,03:53:14,31.303804,121.49111000000001,overcast
300,8,5,06:54:50,31.294893264770508,121.49789428710938,cloudy
350,8,5,07:12:34,31.196971000000001,121.444553,cloudy
9,8,5,07:14:56,31.192799000000001,121.588105,cloudy
392,8,5,07:21:04,31.299398,121.499622,cloudy
247,8,5,07:29:35,31.295314999999999,121.497951,cloudy
36,8,5,07:34:40,31.302831649780273,121.50333404541016,cloudy
406,8,5,07:39:16,31.197458267211911,121.44470977783205,cloudy
60,8,5,07:42:21,31.3355,121.49720000000001,cloudy
412,8,5,07:48:59,31.302779999999998,121.506004,cloudy
412,8,5,07:49:29,31.302779999999998,121.506004,cloudy
297,8,5,07:56:33,31.300288999999999,121.497004,cloudy
103,8,5,08:09:36,31.200299999999999,121.44743699999999,cloudy
292,8,5,08:23:16,31.192926406860352,121.58993530273438,cloudy
179,8,5,08:23:36,31.192378997802734,121.58773040771484,cloudy
179,8,5,08:23:59,31.192338943481445,121.58772277832033,cloudy
179,8,5,08:24:01,31.192338943481445,121.58772277832033,cloudy
179,8,5,08:24:02,31.192338943481445,121.58772277832033,cloudy
179,8,5,08:24:03,31.192338943481445,121.58772277832033,cloudy
179,8,5,08:24:03,31.192338943481445,121.58772277832033,cloudy
179,8,5,08:24:04,31.192338943481445,121.58772277832033,cloudy
148,8,5,08:31:15,31.302562713623047,121.50416564941406,cloudy
148,8,5,08:31:21,31.302562713623047,121.50416564941406,cloudy
148,8,5,08:31:53,31.302579879760746,121.50415802001952,cloudy
341,8,5,08:57:42,31.247038,121.47868,cloudy
341,8,5,09:01:15,31.237964999999999,121.48439999999999,cloudy
444,8,5,09:10:00,31.289767999999999,121.50233799999999,cloudy
115,8,5,09:12:35,31.292306,121.496988,cloudy
115,8,5,09:13:57,31.292107999999999,121.49703100000001,cloudy
148,8,5,09:24:46,31.301292419433594,121.50553894042967,cloudy
345,8,5,09:30:57,31.299997999999999,121.49953600000001,cloudy
227,8,5,09:34:54,31.203368000000001,121.42951100000001,cloudy
184,8,5,09:35:24,31.293254999999998,121.497691,cloudy
105,8,5,09:42:37,31.192916870117188,121.59001159667967,cloudy
245,8,5,09:42:49,31.37213134765625,121.42621612548828,cloudy
327,8,5,09:49:01,31.293279647827148,121.49717712402344,cloudy
91,8,5,09:53:04,31.193330764770508,121.5941925048828,cloudy
307,8,5,09:53:54,31.297054290771484,121.49999237060548,cloudy
307,8,5,09:54:08,31.296966552734375,121.49997711181641,cloudy
307,8,5,09:54:08,31.296915054321289,121.49998474121094,cloudy
307,8,5,09:54:09,31.296913146972656,121.49998474121094,cloudy
406,8,5,09:57:34,31.197477340698239,121.44475555419922,cloudy
7,8,5,10:05:34,31.19239616394043,121.58774566650391,cloudy
7,8,5,10:05:36,31.192417144775391,121.58773803710938,cloudy
7,8,5,10:07:43,31.192459106445312,121.58776092529295,cloudy
7,8,5,10:08:01,31.192342758178711,121.58782958984376,cloudy
7,8,5,10:08:28,31.192472457885746,121.5877685546875,cloudy
120,8,5,10:13:12,31.197050094604492,121.44398498535156,cloudy
120,8,5,10:14:07,31.19706916809082,121.44406890869141,cloudy
63,8,5,10:33:55,31.33306884765625,121.49175262451172,cloudy
63,8,5,10:35:51,31.333066940307617,121.4917449951172,cloudy
63,8,5,10:38:07,31.333057403564453,121.49176025390624,cloudy
63,8,5,10:38:25,31.333053588867188,121.49177551269533,cloudy
63,8,5,10:39:28,31.333089828491211,121.49176025390624,cloudy
231,8,5,10:43:00,31.304514000000001,121.49248,cloudy
231,8,5,10:43:33,31.301912000000002,121.48959000000001,cloudy
320,8,5,10:44:09,31.300276,121.497057,cloudy
204,8,5,10:45:48,31.300926208496097,121.49700164794922,cloudy
117,8,5,10:45:48,31.294671999999998,121.49767199999999,cloudy
219,8,5,10:45:49,31.193940999999999,121.59267,cloudy
228,8,5,10:46:22,31.196899999999999,121.444,cloudy
84,8,5,10:46:30,31.301750999999999,121.49996899999999,cloudy
312,8,5,10:46:33,31.294671999999998,121.497666,cloudy
228,8,5,10:46:50,31.196899999999999,121.444,cloudy
363,8,5,10:47:07,31.300899999999999,121.49979999999999,cloudy
205,8,5,10:47:42,31.301750999999999,121.500366,cloudy
225,8,5,10:48:10,31.297380447387695,121.50007629394533,cloudy
225,8,5,10:48:12,31.297338485717773,121.5,cloudy
225,8,5,10:48:58,31.297355651855469,121.49999237060548,cloudy
225,8,5,10:49:17,31.297355651855469,121.50001525878906,cloudy
110,8,5,10:53:29,31.197009999999999,121.444047,cloudy
110,8,5,10:53:47,31.197009999999999,121.444047,cloudy
316,8,5,10:54:13,31.192176818847656,121.58742523193359,cloudy
179,8,5,11:02:52,31.193632125854492,121.59259796142578,cloudy
307,8,5,11:03:23,31.29693603515625,121.5000457763672,cloudy
307,8,5,11:03:26,31.29693603515625,121.5000457763672,cloudy
307,8,5,11:03:27,31.29693603515625,121.5000457763672,cloudy
42,8,5,11:05:45,31.122373580932617,121.58146667480467,cloudy
78,8,5,11:12:08,31.246689,121.45076400000001,cloudy
78,8,5,11:12:32,31.246689,121.45076400000001,cloudy
408,8,5,11:12:41,31.194023999999999,121.59532400000001,overcast
118,8,5,11:12:50,31.193090000000002,121.59416,overcast
36,8,5,11:13:28,31.297378540039062,121.49983978271484,overcast
36,8,5,11:13:46,31.297430038452148,121.49983215332033,overcast
78,8,5,11:14:26,31.246689,121.45076400000001,cloudy
78,8,5,11:14:34,31.246689,121.45076400000001,cloudy
78,8,5,11:14:36,31.246689,121.45076400000001,cloudy
423,8,5,11:23:43,31.338664999999999,121.500469,overcast
300,8,5,11:23:47,31.294885635375977,121.49794006347656,overcast
455,8,5,11:29:01,31.196459999999998,121.44401000000001,overcast
455,8,5,11:30:25,31.196459999999998,121.44401000000001,overcast
410,8,5,11:34:43,31.301753999999999,121.500107,overcast
410,8,5,11:34:44,31.301753999999999,121.500107,overcast
385,8,5,11:36:14,31.112617492675781,121.60245513916016,overcast
313,8,5,11:36:43,31.297236999999999,121.49994,overcast
138,8,5,11:38:57,31.301769,121.500069,overcast
58,8,5,11:43:25,31.19749641418457,121.4451904296875,overcast
58,8,5,11:43:28,31.197385787963867,121.44541931152344,overcast
120,8,5,11:52:25,31.196861267089844,121.44478607177734,overcast
375,8,5,11:54:48,31.190940999999999,121.593791,overcast
201,8,5,11:54:51,31.293785,121.495323,overcast
375,8,5,11:55:14,31.191275999999998,121.59475399999999,overcast
86,8,5,11:56:22,31.302679999999999,121.50194399999999,overcast
18,8,5,12:02:30,31.303191000000002,121.49353600000001,overcast
164,8,5,12:06:13,31.302661000000001,121.503998,overcast
446,8,5,12:12:26,31.19389533996582,121.59287261962891,overcast
247,8,5,12:12:40,31.295314999999999,121.497957,overcast
255,8,5,12:13:01,31.302109000000002,121.50410599999999,overcast
63,8,5,12:14:53,31.333034515380859,121.49187469482422,overcast
63,8,5,12:14:55,31.333072662353516,121.49177551269533,overcast
388,8,5,12:18:00,31.30316162109375,121.50542449951172,overcast
318,8,5,12:21:07,31.293891906738281,121.49794006347656,overcast
163,8,5,12:41:27,31.3003,121.49974,overcast
163,8,5,12:41:52,31.3003,121.49974,overcast
163,8,5,12:42:59,31.3003,121.49974,overcast
313,8,5,12:44:03,31.301752,121.50002000000001,overcast
1,8,5,12:49:44,31.300084999999999,121.49985,overcast
225,8,5,12:49:46,31.199867248535156,121.4775848388672,overcast
225,8,5,12:49:51,31.199825286865231,121.47761535644533,overcast
204,8,5,12:51:17,31.294778823852539,121.4980010986328,overcast
227,8,5,12:54:30,31.206561000000001,121.383072,overcast
9,8,5,12:57:41,31.193325999999999,121.59432200000001,overcast
363,8,5,13:14:04,31.296990000000001,121.5001,overcast
63,8,5,13:23:11,31.33891487121582,121.49981689453124,overcast
63,8,5,13:23:14,31.33891487121582,121.49981689453124,overcast
167,8,5,13:34:31,31.190153121948239,121.59496307373048,overcast
116,8,5,13:40:45,31.193131000000001,121.58768499999999,overcast
213,8,5,13:51:10,31.300393,121.501729,overcast
255,8,5,13:52:45,31.300325999999998,121.50003100000001,overcast
180,8,5,14:02:51,31.192995,121.59328499999999,overcast
388,8,5,14:29:18,31.299633026123047,121.50057983398438,light rain
388,8,5,14:29:49,31.299585342407227,121.50067138671876,light rain
1,8,5,14:39:34,31.300136999999999,121.499821,light rain
1,8,5,14:39:38,31.300136999999999,121.499821,light rain
223,8,5,14:49:04,31.302811999999999,121.498484,light rain
223,8,5,14:51:45,31.302800999999999,121.49848799999999,light rain
331,8,5,14:58:10,31.300155639648441,121.49998474121094,light rain
408,8,5,15:01:46,31.192515,121.58967199999999,light rain
278,8,5,15:02:26,31.303651809692383,121.50492095947266,light rain
278,8,5,15:02:33,31.303647994995117,121.50492095947266,light rain
406,8,5,15:02:34,31.197433471679688,121.44466400146484,light rain
1,8,5,15:02:55,31.300111000000001,121.49982199999999,light rain
452,8,5,15:03:02,31.296804428100582,121.49987030029295,light rain
278,8,5,15:03:20,31.303644180297852,121.50489044189452,light rain
115,8,5,15:03:39,31.292228999999999,121.497,light rain
63,8,5,15:03:56,31.338472366333008,121.49994659423828,overcast
181,8,5,15:05:09,31.29945,121.49720000000001,light rain
245,8,5,15:06:28,31.206354141235352,121.45452880859376,light rain
221,8,5,15:07:07,31.297273635864254,121.49993133544922,light rain
410,8,5,15:07:34,31.301759000000001,121.499984,light rain
163,8,5,15:07:45,31.299161999999999,121.50112,light rain
163,8,5,15:08:20,31.299161999999999,121.50112,light rain
139,8,5,15:08:20,31.302842999999999,121.498662,light rain
289,8,5,15:08:24,31.194269999999999,121.595336,light rain
150,8,5,15:09:07,31.302074999999999,121.500097,light rain
150,8,5,15:09:07,31.302074999999999,121.500097,light rain
150,8,5,15:09:43,31.301917,121.50004,light rain
401,8,5,15:12:47,31.301589,121.500456,light rain
205,8,5,15:13:29,31.302786999999999,121.496808,light rain
380,8,5,15:13:29,31.198343000000001,121.446524,light rain
3,8,5,15:13:39,31.193368911743164,121.59394073486328,light rain
205,8,5,15:13:48,31.302786999999999,121.496808,light rain
237,8,5,15:16:00,31.191783000000001,121.59236900000001,light rain
277,8,5,15:16:09,31.301697999999998,121.50035800000001,light rain
323,8,5,15:20:00,31.301697999999998,121.50026,light rain
367,8,5,15:20:15,31.297238,121.499894,light rain
367,8,5,15:20:24,31.297238,121.499894,light rain
367,8,5,15:20:28,31.297238,121.499894,light rain
367,8,5,15:20:32,31.297238,121.499894,light rain
253,8,5,15:21:13,31.3018,121.49160000000001,light rain
253,8,5,15:21:16,31.301819999999999,121.4915,light rain
266,8,5,15:21:23,31.194075999999999,121.594489,light rain
247,8,5,15:21:27,31.296167000000001,121.49910199999999,light rain
43,8,5,15:23:16,31.192188000000002,121.59315100000001,light rain
43,8,5,15:23:58,31.192188000000002,121.59315100000001,light rain
323,8,5,15:25:04,31.301697999999998,121.50026,light rain
323,8,5,15:25:42,31.301697999999998,121.50026,light rain
192,8,5,15:32:15,31.194116999999999,121.594527,light rain
327,8,5,15:34:42,31.297990798950195,121.50106811523438,overcast
273,8,5,15:36:45,31.199539999999999,121.446719,overcast
341,8,5,15:39:31,31.23509,121.51621,overcast
388,8,5,15:39:43,31.299610137939453,121.50067901611328,overcast
464,8,5,15:40:42,31.298563000000001,121.501774,overcast
385,8,5,15:41:36,31.197481155395508,121.44496917724609,overcast
375,8,5,15:52:45,31.194378,121.586569,overcast
140,8,5,15:53:43,31.19256,121.589743,overcast
50,8,5,15:58:49,31.193340301513672,121.59424591064452,overcast
427,8,5,16:00:38,31.299161999999999,121.501125,light rain
427,8,5,16:02:43,31.299161999999999,121.501125,light rain
63,8,5,16:17:31,31.338911056518555,121.49980926513672,overcast
63,8,5,16:17:34,31.338846206665039,121.49977111816406,overcast
63,8,5,16:18:30,31.338882446289062,121.49978637695312,overcast
9,8,5,16:25:54,31.193567000000002,121.59007,light rain
242,8,5,16:28:34,31.299779999999998,121.500936,light rain
242,8,5,16:28:54,31.299813,121.501019,light rain
148,8,5,16:43:52,31.299093246459961,121.4987335205078,overcast
148,8,5,16:45:28,31.29908561706543,121.49872589111328,overcast
392,8,5,16:53:11,31.293762000000001,121.495806,light rain
120,8,5,16:53:42,31.197078704833984,121.44483184814452,light rain
78,8,5,16:55:53,31.246689,121.45076400000001,light rain
78,8,5,16:55:54,31.246689,121.45076400000001,light rain
467,8,5,17:20:50,31.301919999999999,121.5004,light rain
278,8,5,17:21:10,31.302125930786133,121.50125122070312,light rain
1,8,5,17:22:51,31.303231,121.494159,light rain
1,8,5,17:22:53,31.303231,121.494159,light rain
1,8,5,17:22:56,31.303231,121.494159,light rain
375,8,5,17:23:15,31.192499999999999,121.5878,light rain
297,8,5,17:23:42,31.300664999999999,121.496854,light rain
7,8,5,17:25:02,31.298059463500977,121.50112915039062,light rain
7,8,5,17:28:00,31.298057556152344,121.50118255615234,light rain
115,8,5,17:28:17,31.292293999999998,121.49700199999999,light rain
7,8,5,17:28:38,31.298015594482425,121.50125122070312,light rain
229,8,5,17:34:30,31.337820053100582,121.49939727783205,light rain
229,8,5,17:34:37,31.337741851806641,121.4993896484375,light rain
229,8,5,17:34:58,31.33770751953125,121.4993896484375,light rain
300,8,5,17:50:40,31.299112319946289,121.50496673583984,light rain
63,8,5,17:51:00,31.338899612426761,121.49976348876952,light rain
63,8,5,17:51:10,31.338899612426761,121.49976348876952,light rain
63,8,5,17:52:09,31.338893890380859,121.49977111816406,light rain
105,8,5,17:58:46,31.193084716796875,121.59320068359376,light rain
269,8,5,18:02:39,31.193224000000001,121.593479,light rain
182,8,5,18:09:52,31.194378,121.586569,light rain
375,8,5,18:11:27,31.194728999999999,121.588605,light rain
278,8,5,18:14:27,31.303655624389648,121.50490570068359,light rain
278,8,5,18:15:35,31.303653717041016,121.50492095947266,light rain
107,8,5,18:18:50,31.301197052001953,121.5027313232422,light rain
412,8,5,18:19:04,31.298859,121.50061599999999,light rain
316,8,5,18:30:01,31.192403793334961,121.58762359619141,light rain
35,8,5,18:49:04,31.193190999999999,121.593138,overcast
367,8,5,18:50:59,31.299357000000001,121.499762,overcast
323,8,5,18:51:40,31.297180999999998,121.49992,overcast
49,8,5,18:52:24,31.192626953125,121.59453582763672,overcast
225,8,5,18:53:31,31.297464370727539,121.50038146972656,overcast
225,8,5,18:53:45,31.297582626342773,121.50041198730467,overcast
227,8,5,18:54:09,31.265217,121.527317,overcast
264,8,5,18:54:46,31.296213150024418,121.49903869628906,overcast
120,8,5,18:57:36,31.196861267089844,121.44479370117188,overcast
244,8,5,18:57:38,31.193522999999999,121.589039,overcast
192,8,5,19:03:26,31.192466,121.58795600000001,overcast
116,8,5,19:12:00,31.194098,121.586512,overcast
158,8,5,19:13:57,31.192734000000002,121.5941,overcast
255,8,5,19:15:31,31.302136000000001,121.50176500000001,overcast
123,8,5,19:21:44,31.192373,121.603402,overcast
258,8,5,19:22:04,31.300082,121.499515,overcast
223,8,5,19:22:07,31.299901999999999,121.499031,overcast
258,8,5,19:22:22,31.300082,121.499515,overcast
185,8,5,19:25:05,31.300098999999999,121.499793,overcast
185,8,5,19:25:51,31.300056999999999,121.499864,overcast
185,8,5,19:25:53,31.300056999999999,121.499864,overcast
37,8,5,19:31:20,31.292800903320312,121.49515533447266,overcast
1,8,5,19:38:22,31.303398999999999,121.500889,light rain
1,8,5,19:38:28,31.301964999999999,121.50009799999999,light rain
1,8,5,19:39:31,31.301964999999999,121.50009799999999,light rain
115,8,5,19:43:42,31.292224999999998,121.49700300000001,light rain
239,8,5,19:44:26,31.333155000000001,121.49154900000001,light rain
63,8,5,19:46:42,31.333042144775391,121.49177551269533,overcast
63,8,5,19:46:45,31.333047866821289,121.49172973632812,overcast
63,8,5,19:46:48,31.333047866821289,121.49172973632812,overcast
320,8,5,20:02:15,31.297623000000002,121.49466700000001,light rain
392,8,5,20:14:24,31.297205000000002,121.49990099999999,light rain
392,8,5,20:14:32,31.297205000000002,121.49990099999999,light rain
307,8,5,20:38:31,31.300056457519531,121.49982452392578,overcast
363,8,5,20:39:16,31.30189,121.5001,overcast
120,8,5,20:47:35,31.196857452392575,121.44478607177734,overcast
300,8,5,20:54:26,31.307365417480469,121.50792694091795,overcast
63,8,5,21:33:00,31.333074569702148,121.49176025390624,overcast
137,8,5,21:42:33,31.292211999999999,121.496527,overcast
9,8,5,22:03:12,31.192557000000001,121.588229,foggy
9,8,5,22:03:22,31.192557000000001,121.588229,foggy
7,8,5,22:08:43,31.192344665527344,121.58766937255859,foggy
255,8,5,22:15:33,31.299318,121.501082,light rain
255,8,5,22:15:46,31.299318,121.501082,light rain
15,8,5,22:22:28,31.198004999999998,121.591103,foggy
120,8,5,22:43:17,31.196853637695312,121.44475555419922,overcast
120,8,5,22:43:19,31.196861267089844,121.44476318359376,overcast
148,8,5,22:43:58,31.302570343017575,121.50411987304688,overcast
115,8,5,22:44:30,31.292292,121.49699699999999,overcast
216,8,5,22:44:40,31.197446823120117,121.44496917724609,overcast
115,8,5,22:44:45,31.292292,121.49699699999999,overcast
201,8,5,22:46:38,31.293212,121.494696,overcast
237,8,5,22:49:02,31.192682000000001,121.58980099999999,foggy
237,8,5,22:49:08,31.192682000000001,121.58980099999999,foggy
110,8,5,22:50:58,31.197462000000002,121.445229,overcast
376,8,5,22:55:18,31.197970000000002,121.4438,overcast
255,8,5,23:03:35,31.30208,121.504041,overcast
222,8,5,23:06:45,31.293637,121.495467,overcast
408,8,5,23:18:02,31.194402,121.58651999999999,foggy
36,8,5,23:18:42,31.302730560302734,121.5033721923828,overcast
36,8,5,23:19:12,31.302770614624023,121.50335693359376,overcast
36,8,5,23:19:14,31.302797317504883,121.50331115722656,overcast
410,8,5,23:25:43,31.304943999999999,121.505855,overcast
78,8,5,23:35:31,31.300481999999999,121.501676,overcast
78,8,5,23:36:15,31.300481999999999,121.501676,overcast
78,8,5,23:36:26,31.299185999999999,121.50179199999999,overcast
21,8,5,23:38:45,31.295528000000001,121.49986800000001,overcast
58,8,5,23:42:51,31.197046279907227,121.44483947753906,overcast
395,8,5,23:45:57,31.302095000000001,121.493004,overcast
395,8,5,23:46:25,31.302088000000001,121.493011,overcast
395,8,5,23:46:25,31.302088000000001,121.493011,overcast
395,8,5,23:46:25,31.302088000000001,121.493011,overcast
388,8,5,23:47:37,31.302793502807617,121.50554656982422,overcast
241,9,6,00:01:29,31.302344999999999,121.491848,overcast
410,9,6,00:03:50,31.306232999999999,121.50073399999999,overcast
216,9,6,00:04:39,31.197940826416016,121.44545745849609,overcast
184,9,6,00:05:05,31.292452999999998,121.49681699999999,overcast
255,9,6,00:05:58,31.302261999999999,121.503698,overcast
255,9,6,00:06:02,31.302261999999999,121.503698,overcast
225,9,6,00:06:43,31.302953720092773,121.50522613525391,overcast
408,9,6,00:06:55,31.193480999999998,121.589994,overcast
7,9,6,00:09:11,31.192359924316406,121.58766937255859,overcast
7,9,6,00:09:17,31.192359924316406,121.58766937255859,overcast
320,9,6,00:10:40,31.293271000000001,121.49571899999999,overcast
300,9,6,00:11:42,31.294872283935547,121.49791717529295,overcast
315,9,6,00:11:43,31.293434999999999,121.495743,overcast
323,9,6,00:11:46,31.293718999999999,121.496078,overcast
323,9,6,00:13:27,31.293718999999999,121.496078,overcast
323,9,6,00:13:41,31.293718999999999,121.496078,overcast
432,9,6,00:14:57,31.293296000000002,121.495727,overcast
120,9,6,00:17:22,31.196847915649418,121.44476318359376,overcast
90,9,6,00:18:21,31.294536000000001,121.495912,overcast
90,9,6,00:18:28,31.294540999999999,121.49583,overcast
90,9,6,00:18:30,31.294540999999999,121.49583,overcast
7,9,6,00:25:51,31.19239616394043,121.587646484375,overcast
297,9,6,00:27:37,31.295021999999999,121.497373,overcast
450,9,6,00:27:43,31.190873,121.586817,overcast
188,9,6,00:30:18,31.303384780883789,121.49420928955078,overcast
217,9,6,00:32:18,31.291751999999999,121.497006,overcast
217,9,6,00:33:32,31.291876999999999,121.496875,overcast
63,9,6,00:40:07,31.33308219909668,121.49176788330078,overcast
13,9,6,00:44:42,31.196950000000001,121.44499999999999,overcast
255,9,6,00:51:35,31.302076,121.504026,overcast
255,9,6,00:52:48,31.302073,121.504023,overcast
382,9,6,01:00:06,31.303778000000001,121.49111000000001,overcast
357,9,6,01:00:49,31.192657000000001,121.58968400000001,overcast
115,9,6,01:15:50,31.292245999999999,121.497005,overcast
201,9,6,01:21:32,31.293268999999999,121.494685,overcast
201,9,6,01:21:43,31.293268999999999,121.494685,overcast
120,9,6,01:46:12,31.196855545043945,121.44475555419922,overcast
120,9,6,01:46:28,31.196853637695312,121.44476318359376,overcast
120,9,6,01:46:49,31.196855545043945,121.44476318359376,overcast
375,9,6,02:00:50,31.192442,121.58783099999999,overcast
179,9,6,02:07:30,31.192363739013672,121.58770751953124,overcast
179,9,6,02:07:39,31.192363739013672,121.58770751953124,overcast
36,9,6,02:47:06,31.303058624267575,121.50302124023438,overcast
278,9,6,04:39:25,31.303647994995117,121.50491333007812,overcast
278,9,6,04:39:25,31.303647994995117,121.50491333007812,overcast
201,9,6,05:52:34,31.293254000000001,121.49472900000001,overcast
110,9,6,06:07:58,31.197403999999999,121.445001,cloudy
315,9,6,06:34:33,31.293437000000001,121.49576500000001,cloudy
86,9,6,06:42:25,31.293417999999999,121.494872,cloudy
148,9,6,07:10:45,31.299074172973633,121.4956512451172,cloudy
412,9,6,07:15:52,31.301815999999999,121.50308800000001,cloudy
63,9,6,07:22:22,31.332979202270508,121.49170684814452,cloudy
63,9,6,07:22:47,31.332988739013672,121.49173736572266,cloudy
406,9,6,07:24:55,31.197380065917969,121.44473266601562,cloudy
188,9,6,07:25:27,31.303440093994141,121.49430847167967,cloudy
188,9,6,07:25:36,31.303377151489254,121.49422454833984,cloudy
247,9,6,07:26:35,31.295339999999999,121.497953,cloudy
432,9,6,07:38:12,31.293299999999999,121.49570799999999,cloudy
432,9,6,07:38:35,31.293299999999999,121.49570799999999,cloudy
338,9,6,07:46:04,31.198543999999998,121.445634,cloudy
297,9,6,07:46:24,31.295667999999999,121.499369,cloudy
239,9,6,07:49:17,31.332484000000001,121.492938,cloudy
1,9,6,07:50:48,31.303222000000002,121.494167,cloudy
408,9,6,07:57:09,31.191689,121.590079,cloudy
410,9,6,07:58:03,31.300345,121.504037,cloudy
350,9,6,08:01:49,31.197519,121.445044,cloudy
58,9,6,08:06:32,31.197490692138672,121.44357299804688,cloudy
58,9,6,08:06:32,31.197490692138672,121.44357299804688,cloudy
58,9,6,08:06:37,31.197481155395508,121.44348907470705,cloudy
155,9,6,08:13:40,31.292892456054688,121.4967803955078,cloudy
248,9,6,08:21:41,31.192471000000001,121.587816,cloudy
310,9,6,08:26:58,31.302324295043945,121.50064086914062,cloudy
115,9,6,08:27:52,31.292221999999999,121.49700799999999,cloudy
115,9,6,08:28:31,31.292273999999999,121.497011,cloudy
90,9,6,08:31:54,31.293807999999999,121.497934,cloudy
363,9,6,08:32:21,31.29973,121.4945,cloudy
363,9,6,08:32:41,31.29965,121.4996,cloudy
205,9,6,08:35:12,31.295178,121.496573,cloudy
120,9,6,08:39:04,31.19743537902832,121.44375610351562,cloudy
331,9,6,08:41:56,31.301582336425781,121.50040435791016,cloudy
312,9,6,08:44:01,31.294654000000001,121.497648,cloudy
392,9,6,08:48:32,31.300111000000001,121.499773,cloudy
327,9,6,08:54:43,31.302017211914062,121.50013732910156,cloudy
327,9,6,08:54:53,31.301895141601559,121.50009155273438,cloudy
148,9,6,08:59:12,31.301897048950195,121.50032043457033,cloudy
148,9,6,08:59:16,31.301990509033203,121.50035095214844,cloudy
320,9,6,09:00:04,31.293336,121.495592,cloudy
148,9,6,09:00:59,31.301992416381836,121.50035095214844,cloudy
292,9,6,09:01:53,31.260746002197266,121.53704071044922,cloudy
227,9,6,09:10:08,31.246490999999999,121.477947,cloudy
171,9,6,09:14:47,31.192744999999999,121.58988100000001,cloudy
241,9,6,09:19:51,31.302368000000001,121.49185300000001,cloudy
188,9,6,09:31:38,31.299802780151367,121.50000762939452,cloudy
188,9,6,09:31:38,31.299802780151367,121.50000762939452,cloudy
406,9,6,09:33:10,31.197433471679688,121.44465637207033,cloudy
258,9,6,09:36:13,31.294920000000001,121.49730599999999,cloudy
258,9,6,09:36:29,31.294920000000001,121.49730599999999,cloudy
120,9,6,09:37:51,31.197425842285156,121.4437255859375,cloudy
350,9,6,09:45:33,31.197870999999999,121.4457,light rain
58,9,6,09:52:14,31.197284698486328,121.44354248046876,light rain
58,9,6,09:52:18,31.197490692138672,121.44358062744141,light rain
163,9,6,09:53:22,31.297089,121.49861,light rain
163,9,6,09:54:16,31.297089,121.49861,light rain
164,9,6,09:55:30,31.302588,121.505363,light rain
63,9,6,10:05:06,31.338750839233398,121.49971771240234,light rain
63,9,6,10:05:09,31.338750839233398,121.49971771240234,light rain
301,9,6,10:10:35,31.301692962646484,121.50035095214844,light rain
217,9,6,10:17:01,31.3002,121.50018,light rain
217,9,6,10:17:18,31.3002,121.50018,light rain
184,9,6,10:18:16,31.292006000000001,121.496674,light rain
312,9,6,10:22:30,31.301687999999999,121.50035,light rain
159,9,6,10:27:56,31.192233000000002,121.59272300000001,light rain
1,9,6,10:32:06,31.301762,121.49992,light rain
115,9,6,10:41:00,31.298895000000002,121.50085199999999,cloudy
179,9,6,10:42:11,31.193307876586911,121.59423065185548,light rain
179,9,6,10:42:27,31.193405151367188,121.59421539306641,light rain
179,9,6,10:42:39,31.193378448486328,121.59420776367188,light rain
299,9,6,10:47:30,31.298622999999999,121.50169099999999,cloudy
258,9,6,10:55:43,31.300588000000001,121.497303,light rain
7,9,6,11:19:24,31.194068908691406,121.59439086914062,light rain
300,9,6,11:22:28,31.301652908325195,121.50014495849609,light rain
315,9,6,11:25:16,31.301690000000001,121.500439,light rain
148,9,6,11:28:56,31.302658081054688,121.50411987304688,light rain
148,9,6,11:29:36,31.302553176879883,121.504150390625,light rain
110,9,6,11:35:23,31.197050000000001,121.444013,overcast
255,9,6,11:38:22,31.301159999999999,121.499976,overcast
297,9,6,11:41:50,31.295069000000002,121.49739599999999,light rain
66,9,6,11:42:46,31.193124000000001,121.594088,overcast
429,9,6,11:42:51,31.296911999999999,121.500305,light rain
66,9,6,11:42:54,31.193124000000001,121.594088,overcast
9,9,6,11:42:57,31.190901,121.593013,overcast
323,9,6,11:43:09,31.293718999999999,121.496078,light rain
323,9,6,11:43:20,31.293718999999999,121.496078,light rain
429,9,6,11:43:47,31.29691,121.500305,light rain
201,9,6,11:43:49,31.30031,121.50003599999999,light rain
201,9,6,11:43:56,31.30031,121.50003599999999,light rain
201,9,6,11:44:38,31.30031,121.50003599999999,light rain
292,9,6,11:46:59,31.300182342529297,121.50001525878906,light rain
408,9,6,11:53:45,31.190666,121.590902,light rain
14,9,6,11:54:15,31.193691000000001,121.44869,light rain
14,9,6,11:54:35,31.193691000000001,121.44869,light rain
14,9,6,11:55:07,31.193691000000001,121.44869,light rain
456,9,6,11:55:32,31.193431854248047,121.59498596191406,light rain
327,9,6,11:58:03,31.303966522216797,121.5013427734375,light rain
327,9,6,11:58:05,31.303966522216797,121.5013427734375,light rain
313,9,6,11:58:51,31.299575999999998,121.50077,light rain
280,9,6,12:03:17,31.192157745361328,121.59407806396484,light rain
412,9,6,12:04:22,31.302505,121.497214,light rain
255,9,6,12:04:30,31.293745000000001,121.495332,light rain
370,9,6,12:04:34,31.197269439697266,121.44503784179688,light rain
255,9,6,12:05:06,31.293752999999999,121.495296,light rain
96,9,6,12:06:25,31.299652999999999,121.499298,light rain
248,9,6,12:06:52,31.193591999999999,121.58802900000001,light rain
7,9,6,12:07:32,31.193778991699219,121.59052276611328,light rain
358,9,6,12:07:58,31.293742999999999,121.495684,light rain
78,9,6,12:10:16,31.300308000000001,121.51051699999999,light rain
280,9,6,12:13:44,31.19169807434082,121.59310150146484,light rain
432,9,6,12:13:58,31.293286999999999,121.49571,light rain
219,9,6,12:15:18,31.193940000000001,121.592674,light rain
3,9,6,12:16:10,31.192142486572266,121.58744049072266,light rain
122,9,6,12:16:36,31.192173004150391,121.59078979492188,light rain
122,9,6,12:16:37,31.192173004150391,121.59078979492188,light rain
241,9,6,12:17:03,31.302364000000001,121.49181400000001,light rain
430,9,6,12:18:00,31.193609237670898,121.59265899658205,light rain
42,9,6,12:18:38,31.156290054321289,121.58922576904295,light rain
38,9,6,12:18:43,31.29694938659668,121.500244140625,light rain
38,9,6,12:18:51,31.29694938659668,121.500244140625,light rain
350,9,6,12:19:15,31.197492,121.444992,light rain
280,9,6,12:19:36,31.191699981689453,121.59309387207033,light rain
351,9,6,12:20:55,31.305023193359375,121.50169372558594,light rain
314,9,6,12:21:24,31.197170257568359,121.44561004638672,light rain
91,9,6,12:23:44,31.192390441894531,121.58757781982422,light rain
188,9,6,12:24:45,31.297212600708008,121.49964141845705,light rain
188,9,6,12:24:45,31.297170639038089,121.49961090087891,light rain
188,9,6,12:25:18,31.297178268432617,121.49961853027344,light rain
188,9,6,12:25:18,31.297203063964844,121.49967193603516,light rain
430,9,6,12:25:40,31.193830490112305,121.5928192138672,light rain
88,9,6,12:27:11,31.19323,121.594576,light rain
375,9,6,12:29:21,31.192499999999999,121.5878,light rain
89,9,6,12:35:02,31.301252999999999,121.51423800000001,cloudy
148,9,6,12:35:56,31.302679061889648,121.504150390625,cloudy
148,9,6,12:36:13,31.302679061889648,121.504150390625,cloudy
307,9,6,12:36:49,31.301803588867188,121.49999237060548,cloudy
307,9,6,12:36:58,31.301919937133789,121.50016021728516,cloudy
307,9,6,12:37:02,31.301910400390625,121.50013732910156,cloudy
307,9,6,12:37:38,31.301782608032227,121.4999542236328,cloudy
6,9,6,12:39:57,31.192937850952148,121.58794403076172,cloudy
192,9,6,12:42:03,31.192499999999999,121.58799999999999,cloudy
174,9,6,12:50:56,31.288793563842773,121.21436309814452,cloudy
174,9,6,12:50:58,31.288793563842773,121.21436309814452,cloudy
63,9,6,12:52:38,31.338871002197266,121.49982452392578,cloudy
63,9,6,12:52:39,31.338871002197266,121.49982452392578,cloudy
208,9,6,12:56:19,31.302467,121.50345,cloudy
42,9,6,13:02:23,31.205636978149418,121.59972381591795,cloudy
72,9,6,13:04:38,31.297212999999999,121.49529699999999,cloudy
278,9,6,13:06:27,31.303659439086911,121.50491333007812,cloudy
340,9,6,13:08:10,31.193080902099609,121.59320831298828,cloudy
340,9,6,13:09:09,31.193073272705082,121.59320831298828,cloudy
85,9,6,13:15:30,31.302026000000001,121.500322,cloudy
49,9,6,13:20:36,31.192886352539062,121.59474945068359,cloudy
49,9,6,13:22:27,31.192651748657227,121.59481811523438,cloudy
410,9,6,13:27:51,31.30292,121.50382,cloudy
410,9,6,13:28:43,31.302927,121.503834,cloudy
214,9,6,13:33:31,31.234504699707031,121.51144409179688,cloudy
312,9,6,13:36:03,31.299579000000001,121.49953499999999,cloudy
377,9,6,13:47:08,31.193086999999998,121.593253,cloudy
307,9,6,13:49:52,31.301872253417969,121.5000457763672,cloudy
307,9,6,13:49:56,31.301872253417969,121.5000457763672,cloudy
307,9,6,13:50:07,31.301908493041992,121.50010681152344,cloudy
307,9,6,13:50:08,31.301908493041992,121.50010681152344,cloudy
307,9,6,13:50:08,31.301908493041992,121.50010681152344,cloudy
427,9,6,13:56:01,31.299285999999999,121.50159499999999,cloudy
63,9,6,13:58:46,31.338813781738281,121.49974060058594,light rain
225,9,6,13:58:50,31.199914932250977,121.47756195068359,cloudy
225,9,6,13:58:52,31.199909210205082,121.47759246826172,cloudy
258,9,6,14:04:53,31.301297999999999,121.496602,cloudy
258,9,6,14:05:06,31.301297999999999,121.496602,cloudy
255,9,6,14:26:59,31.293782,121.495779,overcast
100,9,6,14:33:06,31.302275999999999,121.50190499999999,overcast
138,9,6,14:42:15,31.299022000000001,121.498687,overcast
138,9,6,14:42:16,31.299022000000001,121.498687,overcast
266,9,6,14:43:20,31.193124000000001,121.594088,overcast
160,9,6,14:48:10,31.296886000000001,121.5003,overcast
148,9,6,14:49:00,31.302558898925781,121.50415802001952,overcast
412,9,6,15:03:48,31.299008000000001,121.501025,overcast
115,9,6,15:05:38,31.289767999999999,121.50233799999999,overcast
63,9,6,15:48:10,31.338855743408203,121.49977874755859,overcast
63,9,6,15:48:13,31.338855743408203,121.49977874755859,overcast
171,9,6,15:55:40,31.300255,121.499971,light rain
363,9,6,15:56:28,31.303550000000001,121.51130000000001,light rain
363,9,6,15:56:36,31.303550000000001,121.51130000000001,light rain
303,9,6,15:56:43,31.299646377563477,121.50061798095705,light rain
315,9,6,15:57:01,31.293437000000001,121.49576500000001,light rain
370,9,6,16:01:24,31.197349548339844,121.4450225830078,overcast
188,9,6,16:01:52,31.29704475402832,121.49950408935548,overcast
184,9,6,16:04:50,31.292434,121.49677699999999,light rain
375,9,6,16:06:22,31.1919,121.58710000000001,light rain
375,9,6,16:07:00,31.192499999999999,121.5878,light rain
406,9,6,16:07:03,31.197456359863281,121.44496917724609,light rain
292,9,6,16:07:17,31.204889297485352,121.55320739746094,light rain
261,9,6,16:08:46,31.293606,121.49554000000001,light rain
300,9,6,16:08:48,31.294862747192383,121.49794006347656,light rain
456,9,6,16:09:46,31.193368911743164,121.59494781494141,light rain
216,9,6,16:12:37,31.197919845581055,121.44496917724609,light rain
12,9,6,16:26:02,31.192491,121.587857,light rain
388,9,6,16:26:31,31.302829742431641,121.50553894042967,light rain
388,9,6,16:27:15,31.302791595458984,121.50556182861328,light rain
350,9,6,16:33:01,31.197524000000001,121.445038,light rain
322,9,6,16:36:26,31.192299999999999,121.5949,overcast
327,9,6,16:42:51,31.301858901977539,121.50003814697266,overcast
159,9,6,16:49:26,31.299837,121.50012700000001,overcast
120,9,6,16:49:35,31.197456359863281,121.44512939453124,overcast
444,9,6,16:49:55,31.298895000000002,121.50085199999999,overcast
444,9,6,16:49:59,31.298895000000002,121.50085199999999,overcast
175,9,6,17:01:29,31.192502000000001,121.594145,overcast
1,9,6,17:07:21,31.302707000000002,121.495015,overcast
36,9,6,17:10:27,31.302820205688477,121.50334167480467,overcast
183,9,6,17:10:37,31.05926513671875,121.23673248291016,overcast
115,9,6,17:12:45,31.294477000000001,121.494586,overcast
7,9,6,17:16:38,31.19233512878418,121.58760833740234,overcast
7,9,6,17:16:50,31.192338943481445,121.58760833740234,overcast
227,9,6,17:23:00,31.216909000000001,121.380786,overcast
227,9,6,17:23:03,31.216909000000001,121.380786,overcast
227,9,6,17:23:05,31.216909000000001,121.380786,overcast
287,9,6,17:24:51,31.336552999999999,121.49400300000001,overcast
275,9,6,17:33:31,31.300260000000002,121.499973,overcast
84,9,6,17:36:16,31.291409999999999,121.497426,overcast
300,9,6,17:36:34,31.294883728027344,121.49797058105467,overcast
219,9,6,17:36:50,31.191624000000001,121.592735,overcast
219,9,6,17:36:51,31.191631000000001,121.59274000000001,overcast
125,9,6,17:37:46,31.297115999999999,121.49993600000001,overcast
147,9,6,17:38:39,31.301632999999999,121.50041400000001,overcast
147,9,6,17:38:50,31.301632999999999,121.50041400000001,overcast
201,9,6,17:44:45,31.293241999999999,121.494726,overcast
435,9,6,17:47:29,31.241513999999999,121.560607,overcast
5,9,6,17:48:46,31.293790000000001,121.49550000000001,overcast
5,9,6,17:49:08,31.293700000000001,121.49550000000001,overcast
307,9,6,17:51:41,31.299951553344727,121.50135803222656,overcast
74,9,6,17:59:51,31.296476364135746,121.50177764892578,overcast
300,9,6,18:14:17,31.301910400390625,121.50014495849609,overcast
148,9,6,18:19:10,31.301965713500977,121.50281524658205,overcast
105,9,6,18:36:35,31.193157196044918,121.59304046630859,overcast
458,9,6,18:51:15,31.301641,121.500433,overcast
188,9,6,19:04:42,31.303382873535156,121.49417877197266,overcast
325,9,6,19:14:39,31.023409999999998,121.432,overcast
47,9,6,19:18:19,31.301615999999999,121.500232,overcast
370,9,6,19:26:12,31.231212615966797,121.4545440673828,overcast
376,9,6,19:33:21,31.200299999999999,121.44329999999999,overcast
351,9,6,19:34:54,31.292577743530273,121.496826171875,overcast
312,9,6,19:39:28,31.297146000000001,121.49987299999999,overcast
445,9,6,19:40:17,31.301641,121.500433,overcast
445,9,6,19:41:55,31.301667999999999,121.500124,overcast
255,9,6,19:54:29,31.302064000000001,121.501211,overcast
255,9,6,19:55:05,31.301801999999999,121.501734,overcast
323,9,6,20:19:48,31.293714999999999,121.496072,overcast
323,9,6,20:20:13,31.293714999999999,121.496072,overcast
85,9,6,20:21:12,31.301638000000001,121.500427,overcast
180,9,6,20:30:33,31.193075,121.59325,overcast
180,9,6,20:30:33,31.193075,121.59325,overcast
307,9,6,20:41:18,31.299884796142575,121.50033569335938,overcast
137,9,6,20:41:56,31.291193,121.498327,overcast
137,9,6,20:42:38,31.291193,121.498327,overcast
9,9,6,20:44:10,31.299899,121.499377,overcast
247,9,6,20:55:10,31.302036999999999,121.503349,overcast
120,9,6,20:58:15,31.196855545043945,121.44478607177734,overcast
307,9,6,21:08:32,31.2999267578125,121.50035095214844,overcast
307,9,6,21:08:35,31.299922943115231,121.50034332275391,overcast
307,9,6,21:08:42,31.299922943115231,121.50034332275391,overcast
237,9,6,21:11:40,31.192678999999998,121.589805,overcast
237,9,6,21:11:45,31.192678999999998,121.589805,overcast
388,9,6,21:13:18,31.302818298339844,121.50552368164062,overcast
99,9,6,21:15:07,31.307697296142575,121.39838409423828,cloudy
451,9,6,21:17:57,31.292953000000001,121.494876,overcast
205,9,6,21:26:48,31.301628000000001,121.500421,overcast
19,9,6,21:30:32,31.197524000000001,121.445038,overcast
285,9,6,21:32:44,31.213725,121.47295800000001,overcast
307,9,6,21:33:03,31.299892425537109,121.50034332275391,overcast
307,9,6,21:33:06,31.299896240234375,121.50034332275391,overcast
174,9,6,21:40:07,31.288654327392575,121.21426391601562,overcast
363,9,6,21:40:29,31.2986,121.5017,overcast
315,9,6,21:41:29,31.253482000000002,121.596715,overcast
63,9,6,21:41:40,31.333074569702148,121.49172210693359,cloudy
63,9,6,21:41:43,31.333070755004883,121.49176025390624,cloudy
63,9,6,21:41:46,31.333070755004883,121.49176025390624,cloudy
63,9,6,21:42:34,31.333070755004883,121.49175262451172,cloudy
7,9,6,21:43:46,31.192337036132812,121.58763885498048,overcast
258,9,6,21:44:44,31.277771000000001,121.496886,overcast
7,9,6,21:44:46,31.192325592041016,121.58762359619141,overcast
7,9,6,21:44:51,31.192388534545898,121.58769989013672,overcast
292,9,6,22:05:08,31.217512130737305,121.44037628173828,overcast
219,9,6,22:21:41,31.202629999999999,121.63120000000001,overcast
219,9,6,22:21:57,31.202629999999999,121.63120000000001,overcast
406,9,6,22:23:04,31.197454452514648,121.44496917724609,overcast
406,9,6,22:23:05,31.197450637817383,121.44497680664062,overcast
63,9,6,22:24:10,31.333057403564453,121.49176788330078,light rain
218,9,6,22:24:10,31.197708129882812,121.44614410400391,overcast
278,9,6,22:24:11,31.303655624389648,121.50492095947266,overcast
163,9,6,22:24:24,31.292535999999998,121.4965,overcast
163,9,6,22:24:34,31.292535999999998,121.4965,overcast
218,9,6,22:24:37,31.197708129882812,121.44614410400391,overcast
218,9,6,22:24:37,31.197708129882812,121.44614410400391,overcast
218,9,6,22:24:37,31.197708129882812,121.44614410400391,overcast
149,9,6,22:25:19,31.196836471557617,121.44459533691406,overcast
149,9,6,22:25:39,31.196832656860352,121.44460296630859,overcast
191,9,6,22:25:43,31.192916870117188,121.58977508544922,overcast
307,9,6,22:25:45,31.299932479858398,121.50033569335938,overcast
307,9,6,22:25:46,31.299936294555664,121.50032043457033,overcast
307,9,6,22:25:46,31.299932479858398,121.50033569335938,overcast
350,9,6,22:26:15,31.197524000000001,121.445038,overcast
205,9,6,22:26:26,31.301780999999998,121.50027900000001,overcast
120,9,6,22:27:08,31.196865081787109,121.44479370117188,overcast
120,9,6,22:28:32,31.196857452392575,121.44476318359376,overcast
97,9,6,22:29:57,31.336416244506836,121.4947509765625,overcast
19,9,6,22:33:36,31.197524000000001,121.445038,overcast
19,9,6,22:33:37,31.197524000000001,121.445038,overcast
148,9,6,22:36:22,31.302555084228516,121.50415802001952,overcast
360,9,6,22:39:11,31.292083999999999,121.496589,overcast
121,9,6,22:40:28,31.055426000000001,121.185697,overcast
150,9,6,22:40:52,31.300193,121.50000900000001,overcast
52,9,6,22:43:16,31.057188034057617,121.39337158203124,overcast
412,9,6,22:46:02,31.304713,121.508189,overcast
412,9,6,22:46:09,31.304713,121.508189,overcast
216,9,6,22:46:40,31.196828842163089,121.44890594482422,overcast
216,9,6,22:46:41,31.196828842163089,121.44890594482422,overcast
61,9,6,22:47:28,31.33576774597168,121.49420928955078,overcast
338,9,6,22:53:48,31.197329,121.444918,overcast
63,9,6,22:54:11,31.333087921142575,121.49176025390624,light rain
338,9,6,22:54:18,31.197329,121.444918,overcast
338,9,6,22:54:48,31.197329,121.444918,overcast
120,9,6,22:54:57,31.196859359741211,121.44478607177734,overcast
363,9,6,22:56:50,31.291979999999999,121.49679999999999,overcast
363,9,6,22:57:09,31.29205,121.49679999999999,overcast
363,9,6,22:58:40,31.292059999999999,121.4969,overcast
363,9,6,22:59:19,31.291149999999998,121.4966,overcast
300,9,6,23:02:09,31.289176940917969,121.51853942871094,overcast
37,9,6,23:02:37,31.29279899597168,121.49510192871094,overcast
320,9,6,23:10:19,31.29326,121.495716,overcast
255,9,6,23:10:28,31.302195999999999,121.503788,overcast
115,9,6,23:11:30,31.292290000000001,121.496939,overcast
278,9,6,23:12:49,31.303672790527344,121.50493621826172,overcast
278,9,6,23:12:50,31.303646087646484,121.50491333007812,overcast
278,9,6,23:12:50,31.303646087646484,121.50491333007812,overcast
278,9,6,23:12:50,31.303646087646484,121.50491333007812,overcast
278,9,6,23:12:50,31.303646087646484,121.50491333007812,overcast
278,9,6,23:12:52,31.303646087646484,121.50491333007812,overcast
171,9,6,23:15:08,31.192744999999999,121.58988100000001,overcast
138,9,6,23:16:39,31.293341999999999,121.49485,overcast
303,9,6,23:17:37,31.299880981445312,121.5000457763672,overcast
120,9,6,23:20:03,31.196855545043945,121.44478607177734,overcast
120,9,6,23:20:32,31.196861267089844,121.44480133056641,overcast
120,9,6,23:20:38,31.196861267089844,121.4447784423828,overcast
120,9,6,23:21:02,31.196857452392575,121.44478607177734,overcast
408,9,6,23:21:07,31.194382000000001,121.58656999999999,overcast
120,9,6,23:21:12,31.196859359741211,121.44478607177734,overcast
406,9,6,23:23:12,31.197463989257812,121.44496917724609,overcast
237,9,6,23:25:31,31.192677,121.58979100000001,overcast
312,9,6,23:30:28,31.294651999999999,121.497669,overcast
422,9,6,23:33:26,31.293505,121.495695,overcast
422,9,6,23:33:26,31.293505,121.495695,overcast
350,9,6,23:34:17,31.197492,121.444992,overcast
392,9,6,23:35:00,31.293545999999999,121.495715,overcast
392,9,6,23:35:07,31.293545999999999,121.495715,overcast
446,9,6,23:36:01,31.193326950073239,121.59027862548828,overcast
307,9,6,23:47:42,31.299728393554688,121.50028228759766,overcast
312,9,6,23:50:02,31.294678999999999,121.497702,overcast
404,9,6,23:54:04,31.303688049316406,121.4944305419922,overcast
78,9,6,23:54:41,31.300432000000001,121.501751,overcast
78,9,6,23:54:42,31.300432000000001,121.501751,overcast
78,9,6,23:54:42,31.300432000000001,121.501751,overcast
78,9,6,23:55:04,31.300432000000001,121.501751,overcast
388,10,7,00:01:23,31.302797317504883,121.50553131103516,overcast
225,10,7,00:01:25,31.303129196166992,121.50524139404295,overcast
388,10,7,00:01:27,31.302766799926761,121.50559234619141,overcast
9,10,7,00:02:34,31.192540000000001,121.588219,light rain
352,10,7,00:04:56,31.302600000000002,121.5038,overcast
115,10,7,00:05:46,31.292279000000001,121.496999,overcast
115,10,7,00:06:20,31.292280999999999,121.497001,overcast
327,10,7,00:06:56,31.299942016601559,121.50130462646484,overcast
327,10,7,00:07:14,31.299945831298828,121.50131225585938,overcast
327,10,7,00:07:16,31.299947738647461,121.50129699707033,overcast
280,10,7,00:08:07,31.192539215087891,121.58773803710938,light rain
63,10,7,00:11:23,31.333053588867188,121.49178314208984,overcast
184,10,7,00:11:58,31.292345999999998,121.496768,overcast
258,10,7,00:12:16,31.294982999999998,121.49748200000001,overcast
258,10,7,00:12:45,31.294982999999998,121.49748200000001,overcast
277,10,7,00:16:13,31.292586,121.49717,light rain
408,10,7,00:16:22,31.192549,121.589676,light rain
408,10,7,00:16:24,31.192549,121.589676,light rain
408,10,7,00:16:51,31.192529,121.589668,light rain
277,10,7,00:17:22,31.2926,121.497214,light rain
277,10,7,00:17:45,31.292625999999998,121.497415,light rain
307,10,7,00:18:30,31.299625396728516,121.50138854980467,light rain
307,10,7,00:18:48,31.299489974975582,121.50139617919922,light rain
255,10,7,00:19:50,31.302081000000001,121.50405499999999,light rain
446,10,7,00:21:56,31.192758560180664,121.59018707275391,light rain
222,10,7,00:29:04,31.293619,121.495452,light rain
350,10,7,00:30:36,31.196940999999999,121.444525,light rain
412,10,7,00:37:06,31.303771999999999,121.50393699999999,overcast
367,10,7,00:37:14,31.293220999999999,121.495783,overcast
367,10,7,00:37:16,31.293220999999999,121.495783,overcast
367,10,7,00:37:20,31.293220999999999,121.495783,overcast
354,10,7,00:51:38,31.192533999999998,121.589733,overcast
163,10,7,01:11:28,31.292535999999998,121.4965,overcast
163,10,7,01:12:10,31.290562000000001,121.50095,overcast
450,10,7,01:12:24,31.193522999999999,121.589039,overcast
163,10,7,01:12:24,31.292535999999998,121.4965,overcast
163,10,7,01:13:27,31.292535999999998,121.4965,overcast
376,10,7,01:14:48,31.19774,121.446,overcast
303,10,7,01:17:35,31.299884796142575,121.50107574462891,overcast
154,10,7,01:21:20,31.179461,121.594571,overcast
154,10,7,01:21:30,31.179461,121.594571,overcast
91,10,7,01:24:43,31.192411422729492,121.58758544921876,overcast
91,10,7,01:24:44,31.192413330078125,121.58758544921876,overcast
406,10,7,01:29:47,31.197456359863281,121.44470977783205,overcast
148,10,7,01:32:14,31.302562713623047,121.50416564941406,overcast
148,10,7,01:32:40,31.302562713623047,121.50416564941406,overcast
297,10,7,01:35:18,31.295055000000001,121.49737399999999,overcast
49,10,7,01:49:39,31.192863464355469,121.5897979736328,overcast
49,10,7,01:49:50,31.192867279052734,121.5897979736328,overcast
49,10,7,01:49:52,31.19288444519043,121.58975982666016,overcast
13,10,7,02:03:44,31.196960000000001,121.44499999999999,overcast
410,10,7,02:47:01,31.302952999999999,121.503845,cloudy
410,10,7,02:47:40,31.302954,121.503843,cloudy
380,10,7,03:07:42,31.197673999999999,121.445228,cloudy
120,10,7,03:08:32,31.19685173034668,121.44474792480467,cloudy
120,10,7,03:08:56,31.19685173034668,121.44474792480467,cloudy
50,10,7,03:34:33,31.192914962768555,121.58898162841795,cloudy
408,10,7,06:46:07,31.192572999999999,121.58969399999999,cloudy
258,10,7,07:16:41,31.294934000000001,121.49735200000001,cloudy
239,10,7,07:25:22,31.333205,121.491865,cloudy
237,10,7,07:32:40,31.192685999999998,121.58980099999999,cloudy
350,10,7,07:37:37,31.196950000000001,121.444523,cloudy
354,10,7,07:48:53,31.192612,121.589782,cloudy
217,10,7,07:58:32,31.296399000000001,121.50308,cloudy
217,10,7,07:59:00,31.296317999999999,121.503091,cloudy
363,10,7,08:12:07,31.291720000000002,121.49679999999999,cloudy
388,10,7,08:13:30,31.302730560302734,121.5056610107422,cloudy
412,10,7,08:14:33,31.301815999999999,121.503089,cloudy
36,10,7,08:23:42,31.302759170532227,121.50334167480467,cloudy
320,10,7,08:33:23,31.293218,121.495582,cloudy
63,10,7,08:34:36,31.306459426879883,121.4719696044922,cloudy
289,10,7,08:35:51,31.194127999999999,121.58934600000001,cloudy
115,10,7,08:39:41,31.292228999999999,121.497,cloudy
150,10,7,08:45:23,31.301053,121.496765,cloudy
1,10,7,08:45:38,31.303239000000001,121.494229,cloudy
312,10,7,08:46:07,31.297637999999999,121.50518099999999,cloudy
408,10,7,08:47:57,31.192509999999999,121.589687,cloudy
408,10,7,08:47:59,31.192509999999999,121.589687,cloudy
450,10,7,08:49:59,31.193522999999999,121.589039,cloudy
7,10,7,09:07:09,31.192083358764648,121.5924835205078,cloudy
394,10,7,09:07:52,31.198070999999999,121.445313,cloudy
119,10,7,09:20:51,31.300439834594727,121.49691772460938,cloudy
388,10,7,09:29:59,31.302610397338867,121.50441741943359,cloudy
148,10,7,09:30:28,31.302532196044918,121.50417327880859,cloudy
315,10,7,09:35:43,31.255666000000002,121.592505,cloudy
307,10,7,09:36:22,31.301822662353516,121.50000762939452,cloudy
307,10,7,09:36:31,31.301822662353516,121.50000762939452,cloudy
255,10,7,09:40:12,31.302178999999999,121.503793,cloudy
458,10,7,09:46:34,31.299879000000001,121.501138,cloudy
158,10,7,10:00:38,31.192608,121.594148,cloudy
158,10,7,10:00:44,31.192608,121.594148,cloudy
258,10,7,10:07:31,31.304777999999999,121.508942,cloudy
258,10,7,10:07:39,31.304205,121.50896400000001,cloudy
358,10,7,10:07:43,31.293457,121.49558500000001,cloudy
332,10,7,10:08:45,31.299012999999999,121.49871,cloudy
124,10,7,10:18:26,30.83549690246582,120.9276885986328,cloudy
42,10,7,10:19:13,31.122156143188477,121.58145904541016,cloudy
120,10,7,10:19:54,31.196859359741211,121.44478607177734,cloudy
90,10,7,10:25:20,31.294546,121.495836,cloudy
90,10,7,10:25:33,31.294519000000001,121.49590999999999,cloudy
303,10,7,10:55:03,31.29991340637207,121.50102996826172,cloudy
308,10,7,11:00:42,31.337934000000001,121.49995,cloudy
300,10,7,11:03:25,31.302766799926761,121.5020751953125,cloudy
115,10,7,11:03:26,31.292228999999999,121.496999,cloudy
308,10,7,11:03:47,31.338111999999999,121.49975000000001,cloudy
164,10,7,11:04:07,31.304383999999999,121.5081,cloudy
78,10,7,11:04:57,31.300349000000001,121.504034,cloudy
31,10,7,11:05:00,31.19218,121.59066900000001,cloudy
78,10,7,11:05:18,31.300349000000001,121.504034,cloudy
312,10,7,11:06:37,31.297637999999999,121.50518099999999,cloudy
323,10,7,11:08:13,31.302659999999999,121.496621,cloudy
307,10,7,11:08:46,31.301765441894531,121.50003051757812,cloudy
375,10,7,11:20:20,31.192499999999999,121.5878,cloudy
375,10,7,11:20:45,31.192499999999999,121.5878,cloudy
363,10,7,11:20:57,31.298629999999999,121.5016,cloudy
50,10,7,11:25:35,31.273897171020508,121.46552276611328,cloudy
388,10,7,11:31:29,31.23858642578125,121.4797821044922,cloudy
375,10,7,11:34:41,31.189710286458332,121.59502495659724,cloudy
375,10,7,11:39:37,31.191714999999999,121.592663,cloudy
460,10,7,11:43:41,31.297343000000001,121.50020000000001,cloudy
216,10,7,12:00:33,31.19743537902832,121.44503021240234,cloudy
292,10,7,12:05:15,31.251914978027344,121.47181701660156,cloudy
292,10,7,12:05:41,31.252040863037109,121.47159576416016,cloudy
412,10,7,12:06:13,31.298597999999998,121.50487,cloudy
412,10,7,12:06:37,31.298597999999998,121.50487,cloudy
388,10,7,12:07:48,31.238529205322266,121.47978973388672,cloudy
149,10,7,12:08:14,31.17169189453125,121.41103363037109,cloudy
406,10,7,12:23:12,31.19746208190918,121.44497680664062,cloudy
266,10,7,12:24:48,31.193135999999999,121.594095,cloudy
172,10,7,12:27:18,31.192299999999999,121.58750000000001,cloudy
172,10,7,12:27:18,31.192299999999999,121.58750000000001,cloudy
113,10,7,12:39:50,31.079201000000001,121.34098400000001,cloudy
258,10,7,12:42:50,31.201824999999999,121.43969199999999,cloudy
258,10,7,12:43:07,31.201784,121.439684,cloudy
12,10,7,12:46:31,31.278703,121.486339,cloudy
358,10,7,12:52:23,31.301826999999999,121.51134999999999,cloudy
42,10,7,12:55:39,31.205045700073239,121.55336761474609,cloudy
450,10,7,12:57:59,31.193522999999999,121.589039,cloudy
86,10,7,12:58:38,31.327469000000001,121.442491,cloudy
120,10,7,13:00:27,31.19685173034668,121.44477081298828,cloudy
120,10,7,13:00:34,31.19685173034668,121.44477081298828,cloudy
148,10,7,13:00:38,31.298976898193359,121.49821472167967,cloudy
148,10,7,13:01:13,31.298976898193359,121.49820709228516,cloudy
307,10,7,13:14:52,31.301874160766602,121.5001220703125,cloudy
327,10,7,13:14:57,31.301868438720703,121.50007629394533,cloudy
327,10,7,13:15:01,31.30186653137207,121.50007629394533,cloudy
255,10,7,13:17:36,31.297013,121.497773,cloudy
179,10,7,13:19:55,31.192356109619141,121.58769989013672,cloudy
179,10,7,13:20:01,31.192354202270508,121.58772277832033,cloudy
238,10,7,13:20:36,31.305143356323239,121.50234222412109,cloudy
317,10,7,13:21:12,31.192615509033203,121.59059906005859,cloudy
7,10,7,13:21:41,31.305097579956055,121.50231170654295,cloudy
59,10,7,13:24:26,31.193923000000002,121.592637,cloudy
360,10,7,13:25:03,31.300408000000001,121.497297,cloudy
7,10,7,13:25:12,31.305147171020508,121.50226593017578,cloudy
115,10,7,13:26:44,31.300104000000001,121.499455,cloudy
253,10,7,13:27:24,31.30181,121.4915,cloudy
286,10,7,13:27:38,31.292676,121.495532,cloudy
375,10,7,13:30:09,31.192499999999999,121.5878,cloudy
375,10,7,13:30:10,31.192499999999999,121.5878,cloudy
7,10,7,13:31:18,31.305089950561523,121.50234222412109,cloudy
204,10,7,13:32:41,31.295045852661133,121.49753570556641,cloudy
163,10,7,13:34:51,31.292490000000001,121.49670399999999,cloudy
163,10,7,13:34:52,31.292490000000001,121.49670399999999,cloudy
163,10,7,13:35:29,31.292490000000001,121.49670399999999,cloudy
278,10,7,13:46:45,31.303642272949219,121.50489044189452,cloudy
406,10,7,14:21:02,31.197450637817383,121.44497680664062,cloudy
36,10,7,14:21:46,31.302762985229492,121.50331115722656,cloudy
36,10,7,14:21:47,31.302776336669918,121.50326538085938,cloudy
216,10,7,14:23:48,31.197370529174805,121.44463348388672,cloudy
323,10,7,14:25:04,31.301608999999999,121.500193,cloudy
219,10,7,14:25:14,31.193923999999999,121.59263,cloudy
258,10,7,14:26:03,31.201820000000001,121.43812,cloudy
219,10,7,14:26:06,31.193923999999999,121.59263,cloudy
258,10,7,14:26:10,31.201820000000001,121.43812,cloudy
198,10,7,14:30:10,31.302574,121.50475,cloudy
198,10,7,14:30:12,31.302574,121.50475,cloudy
463,10,7,14:31:46,31.192340850830082,121.58747100830078,cloudy
63,10,7,14:32:59,31.33308219909668,121.49176788330078,cloudy
63,10,7,14:33:02,31.333066940307617,121.49176788330078,cloudy
313,10,7,14:33:47,31.292665,121.495766,cloudy
307,10,7,14:36:45,31.301868438720703,121.50006866455078,cloudy
307,10,7,14:37:02,31.301839828491211,121.50006103515624,cloudy
307,10,7,14:37:25,31.301851272583008,121.50003814697266,cloudy
307,10,7,14:37:26,31.301853179931641,121.50003814697266,cloudy
307,10,7,14:37:28,31.301853179931641,121.50003814697266,cloudy
410,10,7,14:39:40,31.234804,121.473573,cloudy
410,10,7,14:39:47,31.234863000000001,121.473602,cloudy
376,10,7,14:42:35,31.08304,121.37479999999999,cloudy
255,10,7,14:47:12,31.302097,121.504024,cloudy
226,10,7,14:51:58,31.295003000000001,121.50023,cloudy
226,10,7,14:52:28,31.297896999999999,121.49822,cloudy
350,10,7,14:54:19,31.197492,121.444992,cloudy
289,10,7,14:54:42,31.19397,121.58942399999999,cloudy
233,10,7,15:06:37,31.294370000000001,121.49603999999999,cloudy
261,10,7,15:08:05,31.293589000000001,121.49554000000001,cloudy
222,10,7,15:09:48,31.293558999999998,121.495448,cloudy
450,10,7,15:14:22,31.190660999999999,121.593267,cloudy
201,10,7,15:21:06,31.298231999999999,121.498423,cloudy
99,10,7,15:33:14,31.225118637084961,121.44380950927734,cloudy
312,10,7,15:34:19,31.294668999999999,121.49764999999999,cloudy
388,10,7,15:46:20,31.218330383300781,121.47030639648438,cloudy
388,10,7,15:46:46,31.218330383300781,121.47030639648438,cloudy
7,10,7,15:48:17,31.294286727905273,121.49884796142578,cloudy
412,10,7,15:53:43,31.299008000000001,121.501025,cloudy
412,10,7,15:54:03,31.299008000000001,121.501025,cloudy
412,10,7,15:54:04,31.299008000000001,121.501025,cloudy
163,10,7,16:06:41,31.292535999999998,121.4965,cloudy
184,10,7,16:23:01,31.292432999999999,121.496793,cloudy
247,10,7,16:26:47,31.294584,121.496499,cloudy
247,10,7,16:27:18,31.296741999999998,121.499852,cloudy
247,10,7,16:27:18,31.296741999999998,121.499852,cloudy
307,10,7,16:27:29,31.301908493041992,121.50008392333984,cloudy
307,10,7,16:27:45,31.301849365234375,121.50003051757812,cloudy
307,10,7,16:27:47,31.301849365234375,121.50003051757812,cloudy
307,10,7,16:27:50,31.301849365234375,121.50003051757812,cloudy
115,10,7,16:29:40,31.300218999999998,121.49974899999999,cloudy
255,10,7,16:31:42,31.302074000000001,121.50403300000001,cloudy
258,10,7,16:32:52,31.201853,121.438103,cloudy
258,10,7,16:33:24,31.201853,121.438103,cloudy
327,10,7,16:38:51,31.301830291748047,121.50003814697266,cloudy
327,10,7,16:39:05,31.301822662353516,121.50006866455078,cloudy
327,10,7,16:39:37,31.301727294921875,121.49993896484376,cloudy
296,10,7,16:40:25,31.302852630615231,121.50409698486328,cloudy
296,10,7,16:40:32,31.302871704101559,121.50407409667967,cloudy
171,10,7,16:43:46,31.295182,121.498833,cloudy
5,10,7,16:44:08,31.298110000000001,121.5004,cloudy
42,10,7,16:45:56,31.114290237426761,121.58390045166016,cloudy
220,10,7,16:46:06,31.203811999999999,121.58275999999999,cloudy
432,10,7,16:51:42,31.293714000000001,121.49532000000001,cloudy
187,10,7,16:51:59,31.303698000000001,121.50221999999999,cloudy
432,10,7,16:52:06,31.293766999999999,121.49533099999999,cloudy
225,10,7,16:53:43,31.303022384643555,121.50524139404295,cloudy
251,10,7,17:01:36,31.297887802124023,121.50098419189452,cloudy
204,10,7,17:09:06,31.195766448974609,121.50979614257812,cloudy
338,10,7,17:14:18,31.197637,121.445272,cloudy
338,10,7,17:14:19,31.197637,121.445272,cloudy
338,10,7,17:14:51,31.198544999999999,121.445633,cloudy
444,10,7,17:18:11,31.286959,121.50186100000001,cloudy
258,10,7,17:27:34,31.201851000000001,121.438064,cloudy
129,10,7,17:29:59,31.197427999999999,121.445075,cloudy
217,10,7,17:31:41,31.295190000000002,121.49882700000001,cloudy
217,10,7,17:31:41,31.295190000000002,121.49882700000001,cloudy
217,10,7,17:31:51,31.295190000000002,121.49882700000001,cloudy
103,10,7,17:52:12,31.197579000000001,121.44495000000001,cloudy
103,10,7,17:53:01,31.197579000000001,121.44495000000001,cloudy
103,10,7,17:54:05,31.197527999999998,121.445053,cloudy
148,10,7,17:56:20,31.303850173950195,121.50875854492188,cloudy
148,10,7,17:56:55,31.303855895996097,121.50875854492188,cloudy
148,10,7,17:56:59,31.303855895996097,121.50875854492188,cloudy
363,10,7,17:58:58,31.29682,121.5021,cloudy
375,10,7,17:58:59,31.191534999999998,121.59204800000001,cloudy
363,10,7,17:59:09,31.296800000000001,121.5022,cloudy
363,10,7,17:59:10,31.296800000000001,121.5022,cloudy
180,10,7,17:59:22,31.192903999999999,121.593346,cloudy
375,10,7,17:59:31,31.191502,121.591917,cloudy
410,10,7,18:01:57,31.234693,121.472607,cloudy
120,10,7,18:06:23,31.196859359741211,121.44478607177734,cloudy
9,10,7,18:08:29,31.193290000000001,121.594482,cloudy
9,10,7,18:08:33,31.193290000000001,121.594482,cloudy
9,10,7,18:08:53,31.193290000000001,121.594482,cloudy
375,10,7,18:11:06,31.192499999999999,121.5878,cloudy
350,10,7,18:13:33,31.197492,121.444992,cloudy
307,10,7,18:20:35,31.29966926574707,121.50065612792967,cloudy
36,10,7,18:30:46,31.296932220458984,121.49849700927734,cloudy
103,10,7,18:31:24,31.197527999999998,121.445053,cloudy
303,10,7,18:35:34,31.299898147583008,121.50099945068359,cloudy
7,10,7,18:37:14,31.191728591918945,121.5911102294922,cloudy
171,10,7,18:38:36,31.299292999999999,121.501186,cloudy
202,10,7,18:56:40,31.300996999999999,121.510229,cloudy
219,10,7,19:12:35,31.211884000000001,121.622086,cloudy
78,10,7,19:25:52,31.300549,121.501632,cloudy
100,10,7,19:27:15,31.303553000000001,121.493955,cloudy
171,10,7,19:28:05,31.299292999999999,121.501186,cloudy
148,10,7,19:31:34,31.304096221923828,121.50877380371094,cloudy
320,10,7,19:34:01,31.293309000000001,121.495729,cloudy
163,10,7,19:36:40,31.284509,121.493998,cloudy
140,10,7,20:04:52,31.192640999999998,121.5898,cloudy
140,10,7,20:04:58,31.192640999999998,121.5898,cloudy
432,10,7,20:16:08,31.293241999999999,121.49571,overcast
88,10,7,20:24:04,31.193878000000002,121.590389,overcast
367,10,7,20:29:37,31.304285,121.51093,overcast
179,10,7,20:30:40,31.1827392578125,121.43130493164062,overcast
179,10,7,20:30:41,31.1827392578125,121.43130493164062,overcast
179,10,7,20:30:47,31.1827392578125,121.43130493164062,overcast
179,10,7,20:31:21,31.1827392578125,121.43130493164062,overcast
7,10,7,20:43:21,31.193023681640625,121.59320831298828,overcast
395,10,7,20:48:30,31.301599,121.496988,overcast
395,10,7,20:48:31,31.301599,121.496988,overcast
395,10,7,20:48:31,31.301599,121.496988,overcast
395,10,7,20:48:46,31.301507000000001,121.497145,overcast
395,10,7,20:48:51,31.301514999999998,121.49712,overcast
395,10,7,20:48:51,31.301514999999998,121.49712,overcast
395,10,7,20:48:51,31.301514999999998,121.49712,overcast
395,10,7,20:49:24,31.301485,121.497123,overcast
395,10,7,20:49:24,31.301485,121.497123,overcast
395,10,7,20:49:24,31.301485,121.497123,overcast
395,10,7,20:49:28,31.301532999999999,121.497046,overcast
278,10,7,20:59:43,31.303672790527344,121.50493621826172,overcast
363,10,7,21:01:37,31.2986,121.5017,overcast
110,10,7,21:10:39,31.197429,121.445066,overcast
159,10,7,21:15:44,31.329401000000001,121.474316,cloudy
338,10,7,21:28:33,31.198544999999999,121.445633,overcast
9,10,7,21:37:57,31.193287999999999,121.594523,overcast
463,10,7,21:39:53,31.192304611206055,121.58750915527344,overcast
410,10,7,21:40:39,31.302909,121.503809,overcast
410,10,7,21:41:16,31.302966999999999,121.503889,overcast
363,10,7,22:04:41,31.291830000000001,121.497,overcast
258,10,7,22:08:57,31.294903000000001,121.499903,overcast
388,10,7,22:39:58,31.302799224853516,121.50551605224609,overcast
307,10,7,22:42:25,31.300226211547852,121.49968719482422,overcast
307,10,7,22:42:36,31.300268173217773,121.4995574951172,overcast
148,10,7,22:50:51,31.302560806274418,121.504150390625,overcast
148,10,7,22:51:00,31.30256462097168,121.50413513183594,overcast
408,10,7,23:03:15,31.192544999999999,121.58966700000001,light rain
408,10,7,23:03:17,31.192544999999999,121.58966700000001,light rain
217,10,7,23:04:49,31.291717999999999,121.497021,light rain
217,10,7,23:04:49,31.291717999999999,121.497021,light rain
76,10,7,23:15:13,31.295034999999999,121.49779100000001,light rain
363,10,7,23:21:06,31.292020000000001,121.4971,light rain
163,10,7,23:33:33,31.292535999999998,121.4965,light rain
215,10,7,23:35:48,31.200302124023441,121.44328308105467,overcast
245,10,7,23:39:39,31.400424957275391,121.43270111083984,overcast
360,10,7,23:40:30,31.403969,121.483008,light rain
410,10,7,23:43:12,31.302979000000001,121.50389300000001,light rain
10,10,7,23:43:13,31.192516999999999,121.589715,light rain
410,10,7,23:43:53,31.302931999999998,121.503844,light rain
410,10,7,23:44:52,31.302917000000001,121.50380800000001,light rain
1,10,7,23:45:59,31.303207,121.493492,light rain
216,10,7,23:55:54,31.197450637817383,121.44497680664062,light rain
216,10,7,23:56:30,31.197452545166016,121.44496917724609,light rain
216,10,7,23:56:30,31.197452545166016,121.44496917724609,light rain
255,10,7,23:57:26,31.297681000000001,121.49800500000001,light rain
120,10,7,23:58:33,31.196855545043945,121.44478607177734,light rain
122,10,7,00:00:00,31.192270278930664,121.58749389648438,light rain
408,11,1,00:00:38,31.192571999999998,121.589662,light rain
406,11,1,00:02:05,31.197452545166016,121.44497680664062,light rain
258,11,1,00:02:12,31.294937999999998,121.497139,light rain
429,11,1,00:02:32,31.29297,121.496064,light rain
132,11,1,00:02:36,31.038067999999999,121.447425,light rain
323,11,1,00:02:50,31.293714999999999,121.496072,light rain
312,11,1,00:03:20,31.3004,121.500219,light rain
115,11,1,00:04:49,31.284509,121.493998,light rain
115,11,1,00:04:58,31.284509,121.493998,light rain
351,11,1,00:05:55,31.292549133300781,121.49684143066406,light rain
81,11,1,00:06:17,31.197708129882812,121.44610595703124,light rain
351,11,1,00:06:34,31.292287826538089,121.49684906005859,light rain
413,11,1,00:07:13,31.197633,121.44493199999999,light rain
163,11,1,00:10:17,31.292535999999998,121.4965,light rain
205,11,1,00:10:27,31.295127000000001,121.496593,light rain
225,11,1,00:11:52,31.303112030029297,121.50526428222656,light rain
90,11,1,00:13:50,31.294560000000001,121.495797,light rain
120,11,1,00:16:17,31.19685173034668,121.4447784423828,light rain
120,11,1,00:16:36,31.196857452392575,121.44480133056641,light rain
120,11,1,00:16:38,31.196876525878903,121.44477081298828,light rain
120,11,1,00:16:42,31.196876525878903,121.44477081298828,light rain
7,11,1,00:17:01,31.19239616394043,121.58766937255859,light rain
201,11,1,00:19:00,31.292953000000001,121.494876,light rain
300,11,1,00:19:22,31.294864654541016,121.49795532226562,light rain
103,11,1,00:24:39,31.197673999999999,121.445228,light rain
103,11,1,00:25:04,31.197673999999999,121.445228,light rain
115,11,1,00:37:05,31.297653,121.507379,overcast
350,11,1,00:37:11,31.196946000000001,121.444513,overcast
303,11,1,00:38:29,31.299909591674805,121.5010223388672,overcast
303,11,1,00:38:49,31.299919128417969,121.50100708007812,overcast
261,11,1,00:42:29,31.293592,121.49557,light rain
300,11,1,00:45:26,31.29486083984375,121.49795532226562,light rain
110,11,1,00:55:28,31.197379999999999,121.445054,light rain
248,11,1,01:06:58,31.192464000000001,121.587874,light rain
115,11,1,01:19:40,31.289494999999999,121.500821,light rain
410,11,1,01:30:33,31.303376,121.50279,light rain
410,11,1,01:31:04,31.303376,121.50279,light rain
375,11,1,01:40:40,31.192499999999999,121.5878,light rain
375,11,1,01:41:24,31.192499999999999,121.5878,light rain
320,11,1,01:47:15,31.293336,121.495649,light rain
320,11,1,01:48:12,31.293361000000001,121.49566900000001,light rain
49,11,1,02:17:37,31.192855834960938,121.58975219726562,light rain
289,11,1,02:22:11,31.194113000000002,121.589331,light rain
289,11,1,02:22:18,31.194113000000002,121.589331,light rain
312,11,1,03:07:24,31.294657999999998,121.49764999999999,light rain
434,11,1,04:25:58,31.293801999999999,121.498285,light rain
131,11,1,05:14:50,31.22514533996582,121.44724273681641,light rain
334,11,1,05:29:07,31.225536999999999,121.447284,light rain
350,11,1,06:48:44,31.197611999999999,121.444812,overcast
120,11,1,06:49:09,31.197378158569336,121.4449462890625,overcast
350,11,1,06:49:13,31.197611999999999,121.444812,overcast
406,11,1,06:59:25,31.1973876953125,121.44472503662109,overcast
148,11,1,07:06:21,31.302530288696289,121.50416564941406,overcast
320,11,1,07:14:02,31.293285999999998,121.495639,overcast
442,11,1,07:30:21,31.303246000000001,121.493967,overcast
412,11,1,07:42:13,31.302810999999998,121.50416199999999,overcast
412,11,1,07:42:32,31.302810999999998,121.50416199999999,overcast
110,11,1,07:43:44,31.197355000000002,121.44498400000001,overcast
253,11,1,07:51:01,31.301829999999999,121.4915,overcast
258,11,1,07:53:44,31.294951999999999,121.49737399999999,overcast
408,11,1,08:00:58,31.192764,121.589872,light rain
163,11,1,08:04:51,31.292535999999998,121.4965,overcast
163,11,1,08:05:18,31.292535999999998,121.4965,overcast
213,11,1,08:21:28,31.298231999999999,121.498423,overcast
388,11,1,08:24:41,31.302812576293945,121.50556182861328,overcast
123,11,1,08:30:56,31.213224,121.60780800000001,light rain
363,11,1,08:32:35,31.292200000000001,121.4969,overcast
350,11,1,08:51:36,31.197161000000001,121.444641,overcast
432,11,1,08:54:54,31.293277,121.495706,overcast
432,11,1,08:55:16,31.293299999999999,121.495693,overcast
185,11,1,08:57:58,31.191834,121.592358,overcast
110,11,1,09:02:16,31.197443,121.445335,overcast
392,11,1,09:07:42,31.2972,121.49990099999999,overcast
115,11,1,09:28:22,31.292280000000002,121.496996,overcast
115,11,1,09:29:04,31.292287000000002,121.49699699999999,overcast
247,11,1,09:40:35,31.295289,121.497961,overcast
307,11,1,09:48:41,31.300725936889648,121.50290679931641,overcast
307,11,1,09:48:43,31.300872802734375,121.50292205810548,overcast
307,11,1,09:48:45,31.300868988037109,121.50282287597656,overcast
307,11,1,09:48:52,31.300796508789062,121.50282287597656,overcast
307,11,1,09:48:53,31.300790786743164,121.50283050537109,overcast
307,11,1,09:48:54,31.300790786743164,121.50283050537109,overcast
307,11,1,09:48:57,31.300756454467773,121.50286865234376,overcast
307,11,1,09:49:06,31.300756454467773,121.50286865234376,overcast
63,11,1,09:51:20,31.333066940307617,121.49177551269533,overcast
9,11,1,09:57:57,31.192539,121.588217,overcast
292,11,1,10:03:32,31.217655181884769,121.44027709960938,overcast
309,11,1,10:06:25,31.293372999999999,121.496743,overcast
50,11,1,10:24:16,31.299966812133789,121.49967193603516,light rain
36,11,1,10:41:54,31.302755355834961,121.50331878662109,light rain
36,11,1,10:42:39,31.302768707275391,121.50324249267578,light rain
307,11,1,10:51:28,31.300079345703125,121.50010681152344,light rain
188,11,1,10:52:00,31.303417205810547,121.49427032470705,light rain
188,11,1,10:52:45,31.303417205810547,121.49427032470705,light rain
188,11,1,10:52:46,31.3033447265625,121.49417877197266,light rain
408,11,1,10:55:25,31.194299999999998,121.595325,light rain
408,11,1,10:55:47,31.194299999999998,121.595325,light rain
269,11,1,11:10:56,31.193209,121.593491,light rain
63,11,1,11:16:21,31.333066940307617,121.49177551269533,light rain
316,11,1,11:32:15,31.192386627197266,121.58762359619141,light rain
179,11,1,11:41:03,31.192358016967773,121.58768463134766,light rain
179,11,1,11:41:16,31.192317962646484,121.58770751953124,light rain
179,11,1,11:41:16,31.192317962646484,121.58770751953124,light rain
406,11,1,11:46:52,31.197402954101559,121.44470977783205,light rain
115,11,1,11:50:32,31.292090999999999,121.49703,light rain
7,11,1,11:52:56,31.193513870239254,121.59329986572266,light rain
462,11,1,11:53:24,31.299759999999999,121.4997,light rain
462,11,1,11:53:26,31.29983,121.4997,light rain
116,11,1,11:57:37,31.193131000000001,121.58768499999999,light rain
312,11,1,12:06:31,31.294671999999998,121.49767199999999,light rain
120,11,1,12:10:24,31.198623657226559,121.44028472900391,light rain
247,11,1,12:13:35,31.295317000000001,121.497958,light rain
168,11,1,12:14:46,31.304990768432617,121.50310516357422,light rain
296,11,1,12:15:44,31.297750473022461,121.50081634521484,light rain
296,11,1,12:17:59,31.297906875610352,121.50088500976562,light rain
205,11,1,12:19:40,31.295273000000002,121.496099,light rain
258,11,1,12:20:59,31.294937000000001,121.49715399999999,light rain
258,11,1,12:21:00,31.294937000000001,121.49715399999999,light rain
258,11,1,12:21:04,31.294937000000001,121.49715399999999,light rain
258,11,1,12:21:16,31.294937000000001,121.49715399999999,light rain
216,11,1,12:21:17,31.197744369506836,121.446044921875,light rain
163,11,1,12:21:36,31.296807000000001,121.499995,light rain
91,11,1,12:22:30,31.285915374755859,121.61141967773438,light rain
332,11,1,12:23:46,31.299030999999999,121.49872000000001,light rain
332,11,1,12:23:47,31.299030999999999,121.49872000000001,light rain
458,11,1,12:24:52,31.392368999999999,121.249724,light rain
458,11,1,12:24:55,31.394055000000002,121.24527500000001,light rain
458,11,1,12:25:14,31.394058000000001,121.245276,light rain
266,11,1,12:29:12,31.19389,121.590279,light rain
90,11,1,12:30:59,31.300315999999999,121.499965,light rain
148,11,1,12:31:45,31.299114227294918,121.49855804443359,light rain
227,11,1,12:31:59,31.265238,121.527382,light rain
442,11,1,12:35:33,31.026983000000001,121.19637400000001,light rain
388,11,1,12:48:45,31.303106307983398,121.50505828857422,light rain
463,11,1,12:50:29,31.192304611206055,121.58754730224609,light rain
463,11,1,12:50:30,31.192243576049805,121.58748626708984,light rain
63,11,1,13:10:29,31.33306884765625,121.49176788330078,light rain
327,11,1,13:13:28,31.299938201904297,121.49962615966795,light rain
7,11,1,13:14:04,31.19236946105957,121.58767700195312,light rain
210,11,1,13:15:49,31.302800000000001,121.5042,light rain
412,11,1,13:19:32,31.299137000000002,121.501037,light rain
345,11,1,13:20:42,31.197337999999998,121.44499500000001,light rain
327,11,1,13:30:26,31.29994010925293,121.49961090087891,light rain
188,11,1,13:30:34,31.303348541259769,121.49417114257812,light rain
188,11,1,13:30:41,31.303350448608398,121.49413299560548,light rain
188,11,1,13:30:41,31.303350448608398,121.49413299560548,light rain
277,11,1,13:38:30,31.293288,121.496917,light rain
303,11,1,13:46:52,31.301750183105469,121.50092315673828,light rain
3,11,1,13:48:50,30.30451774597168,120.08673858642578,light rain
3,11,1,14:07:39,30.311496734619141,120.08429718017578,light rain
327,11,1,14:21:13,31.299985885620117,121.49957275390624,light rain
156,11,1,14:33:46,31.296391,121.50038499999999,overcast
167,11,1,14:49:37,31.191349029541016,121.5957489013672,light rain
300,11,1,15:01:11,31.294876098632812,121.49794769287109,light rain
247,11,1,15:14:07,31.296741999999998,121.499852,light rain
100,11,1,15:18:30,31.301203999999998,121.492307,light rain
217,11,1,15:31:13,31.302841000000001,121.50296899999999,light rain
185,11,1,15:41:54,31.297789000000002,121.499881,light rain
391,11,1,15:42:16,31.191607000000001,121.59630199999999,light rain
391,11,1,15:42:16,31.191607000000001,121.59630199999999,light rain
285,11,1,15:45:44,31.293671,121.49522399999999,light rain
179,11,1,15:49:40,31.193426132202148,121.59265899658205,light rain
179,11,1,15:52:18,31.193830490112305,121.59256744384766,light rain
90,11,1,16:01:07,31.297649,121.500016,light rain
163,11,1,16:13:03,31.292535999999998,121.4965,light rain
180,11,1,16:21:50,31.19397,121.589775,light rain
426,11,1,16:31:06,31.197551000000001,121.44506199999999,light rain
179,11,1,16:40:03,31.193855285644531,121.5926513671875,overcast
179,11,1,16:40:54,31.193754196166992,121.59280395507812,overcast
318,11,1,16:42:23,31.297372817993164,121.50005340576172,overcast
318,11,1,16:42:54,31.297325134277344,121.50007629394533,overcast
300,11,1,16:45:52,31.297330856323239,121.49991607666016,overcast
300,11,1,16:46:02,31.297298431396484,121.5000457763672,overcast
300,11,1,16:46:04,31.297298431396484,121.5000457763672,overcast
120,11,1,16:47:42,31.196861267089844,121.44481658935548,overcast
312,11,1,17:11:39,31.297483,121.50011499999999,overcast
446,11,1,17:24:30,31.193105697631836,121.5933837890625,light rain
388,11,1,17:24:43,31.301708221435547,121.50261688232422,light rain
171,11,1,17:33:41,31.291906999999998,121.497918,light rain
270,11,1,17:37:57,31.304205,121.49330399999999,overcast
85,11,1,17:44:03,31.299897000000001,121.501212,light rain
370,11,1,17:50:16,31.239978790283203,121.50934600830078,light rain
449,11,1,17:56:38,31.300688000000001,121.09623999999999,light rain
160,11,1,18:19:37,31.296961,121.500415,light rain
406,11,1,18:36:37,31.197452545166016,121.44469451904295,overcast
179,11,1,18:54:35,31.191926956176761,121.59220123291016,light rain
179,11,1,18:56:09,31.192010879516602,121.591796875,light rain
76,11,1,18:56:26,31.295030000000001,121.497778,overcast
338,11,1,19:25:50,31.197329,121.444918,light rain
300,11,1,19:35:40,31.299659729003903,121.51166534423828,overcast
300,11,1,19:35:42,31.299659729003903,121.51166534423828,overcast
350,11,1,19:44:51,31.196953000000001,121.44450000000001,light rain
350,11,1,19:45:50,31.196942,121.444487,light rain
292,11,1,19:46:53,31.217613220214844,121.44042205810548,light rain
297,11,1,19:49:09,31.297270000000001,121.50000799999999,light rain
297,11,1,19:49:10,31.297270000000001,121.50000799999999,light rain
112,11,1,19:50:16,31.291990280151367,121.49686431884766,light rain
90,11,1,19:50:50,31.294540999999999,121.495863,light rain
451,11,1,19:51:27,31.293610999999999,121.496061,light rain
182,11,1,19:52:20,31.192333000000001,121.58820299999999,light rain
451,11,1,19:56:33,31.293610999999999,121.496061,light rain
133,11,1,19:56:40,31.228120000000001,121.48,light rain
237,11,1,20:12:55,31.192637000000001,121.589737,light rain
237,11,1,20:12:59,31.192637000000001,121.589737,light rain
363,11,1,20:20:50,31.300339999999998,121.49890000000001,light rain
9,11,1,20:21:16,31.193282,121.59448999999999,light rain
188,11,1,20:26:02,31.303363800048828,121.49420166015624,light rain
278,11,1,20:29:35,31.303676605224609,121.50495910644533,light rain
120,11,1,20:29:46,31.196861267089844,121.44480895996094,light rain
225,11,1,20:29:51,31.30302619934082,121.50522613525391,light rain
225,11,1,20:29:56,31.303030014038089,121.50525665283205,light rain
223,11,1,20:30:05,31.304600000000001,121.509075,light rain
223,11,1,20:30:08,31.304600000000001,121.509075,light rain
225,11,1,20:30:09,31.303022384643555,121.50526428222656,light rain
225,11,1,20:30:16,31.303081512451172,121.50523376464844,light rain
223,11,1,20:31:04,31.304600000000001,121.509075,light rain
375,11,1,20:31:15,31.192,121.587,light rain
216,11,1,20:32:38,31.295930862426761,121.5017547607422,light rain
115,11,1,20:32:42,31.289494999999999,121.500821,light rain
180,11,1,20:50:13,31.192995,121.59329,cloudy
404,11,1,20:53:39,31.303657531738281,121.49442291259766,light rain
316,11,1,21:12:28,31.192390441894531,121.58757781982422,light rain
316,11,1,21:12:39,31.192415237426761,121.58757781982422,light rain
316,11,1,21:13:05,31.192378997802734,121.58757019042967,light rain
148,11,1,21:13:20,31.302560806274418,121.504150390625,light rain
217,11,1,21:13:42,31.292824,121.49716100000001,light rain
205,11,1,21:20:35,31.301780999999998,121.50027900000001,light rain
309,11,1,21:30:39,31.293133999999998,121.49686800000001,light rain
309,11,1,21:30:44,31.293133999999998,121.49686800000001,light rain
309,11,1,21:30:45,31.293133999999998,121.49686800000001,light rain
220,11,1,21:35:31,31.193940999999999,121.59267,cloudy
418,11,1,21:37:25,31.297377000000001,121.50383600000001,cloudy
307,11,1,21:38:46,31.299970626831055,121.49960327148438,cloudy
307,11,1,21:38:50,31.299970626831055,121.49960327148438,cloudy
307,11,1,21:39:17,31.299964904785156,121.49962615966795,cloudy
451,11,1,21:50:33,31.293610999999999,121.496061,cloudy
451,11,1,21:51:17,31.293610999999999,121.496061,cloudy
313,11,1,21:56:09,31.292733999999999,121.496,cloudy
179,11,1,21:56:27,31.193733215332031,121.59270477294922,light rain
179,11,1,21:57:52,31.193603515625,121.59262084960938,light rain
7,11,1,22:13:26,31.193050384521484,121.59313201904295,light rain
121,11,1,22:42:12,31.055313000000002,121.185647,cloudy
237,11,1,23:13:49,31.192679999999999,121.589795,light rain
237,11,1,23:13:52,31.192679999999999,121.589795,light rain
216,11,1,23:15:35,31.19774055480957,121.446044921875,light rain
289,11,1,23:19:22,31.19407,121.58936300000001,light rain
410,11,1,23:19:57,31.303376,121.50279,light rain
238,11,1,23:20:28,31.193105697631836,121.59319305419922,light rain
410,11,1,23:20:35,31.303432000000001,121.50591900000001,light rain
255,11,1,23:22:06,31.297688999999998,121.498116,light rain
238,11,1,23:22:13,31.19312858581543,121.59320068359376,light rain
351,11,1,23:22:17,31.292577743530273,121.49684906005859,light rain
351,11,1,23:22:17,31.292581558227539,121.49684906005859,light rain
255,11,1,23:22:26,31.297667000000001,121.49798800000001,light rain
238,11,1,23:23:59,31.193124771118164,121.59325408935548,light rain
163,11,1,23:24:45,31.292535999999998,121.4965,light rain
163,11,1,23:24:56,31.292535999999998,121.4965,light rain
375,11,1,23:31:12,31.192499999999999,121.5878,light rain
241,11,1,23:34:33,31.302375000000001,121.491822,overcast
241,11,1,23:34:34,31.302375000000001,121.491822,overcast
241,11,1,23:34:36,31.302375000000001,121.491822,overcast
52,11,1,23:38:00,31.1923828125,121.58763122558594,overcast
52,11,1,23:38:02,31.1923828125,121.58763122558594,overcast
52,11,1,23:38:02,31.1923828125,121.58763122558594,overcast
120,11,1,23:39:11,31.196874618530273,121.44480133056641,overcast
228,11,1,23:45:35,31.197496999999998,121.445178,overcast
303,11,1,23:47:06,31.299860000610352,121.50105285644533,overcast
291,11,1,23:56:46,31.192646,121.58979100000001,light rain
291,11,1,23:57:19,31.193019,121.589949,light rain
376,11,1,23:58:47,31.200299999999999,121.44329999999999,overcast
376,11,1,23:58:47,31.200299999999999,121.44329999999999,overcast
312,11,1,23:59:10,31.300415999999998,121.500254,overcast
